,,,,,,,,,,,,,,,발송율,열람,클릭,회신,미팅 성사,계약 성사,,,,
[아웃바운드] 6월 세일즈,,,,,,,,,,,,계약성사 :,0,,0.0%,0.0%,0.0%,0.0%,0.0%,#DIV/0!,,,,
최종 확인 ,,,,,,,,,,,,,,,35,35,35,35,35,0,,,,
,,,,,,,,,,,,,,,,,,,,,,,,
브랜드 에셋,,,,,,,,,,,,SNS,,,영업 영역,,,,,,,,,
#,구분,브랜드명,연락처,업체명,신뢰도,메일유형,발송적합도,발송단계,훅,메일주의,비고,인스타,감도,마케팅 경험,발송,열람,클릭,회신,미팅,발송일자,회신일자,2차 메일,출처,성사여부
1,뷰티,Age20's,privacy@aekyung.kr,애경산업,높음,브랜드도메인,적합,초안,"Age20's에 어울리는 인플루언서는, 쿠션 파운데이션의 커버력과 발색을 데일리 메이크업 속에서 자연스럽게 보여줄 수 있는 분들이라고 생각합니다.",,,age20s_official,,,,,,,,,,,매출 상위 리스트,
2,뷰티,달바,biz_korea@dalba.com,달바글로벌,높음,브랜드도메인,적합,초안,"달바의 비건 스킨케어·미스트 라인은, 일상 속 루틴을 감성적으로 담아내는 분들과 잘 맞을 것 같습니다.",,,dalba_official,,,,,,,,,,,매출 상위 리스트,
3,뷰티,조선미녀,support_kr@beautyofjoseon.com,구다이글로벌,높음,브랜드도메인,적합,초안,"한방 성분 스킨케어는 꾸준한 사용 변화가 설득력이 되는 카테고리라, 조선미녀와 함께할 인플루언서는 피부 결을 장기적으로 보여줄 수 있는 분들이 어울린다고 생각합니다.",,,beauty_of_joseon,,,,,,,,,,,매출 상위 리스트,
4,뷰티,메디힐,help@medihealcos.com,엘앤피코스메틱,높음,브랜드도메인,적합,초안,메디힐에는 마스크팩을 루틴 케어의 일부로 소개하며 피부 컨디션 변화를 진솔하게 전달하는 분들이 잘 맞을 것 같습니다.,,,mediheal_global,,,,,,,,,,,매출 상위 리스트,
5,뷰티,CLIO,clioir@clio.co.kr,클리오,높음,브랜드도메인,적합,초안,"아이라이너·립 등 포인트 색조를 즐겨 다루는 분들이라면, CLIO의 제품 라인을 메이크업 무드 안에서 자연스럽게 녹여낼 수 있을 것이라 생각합니다.",클리오(회사)가 CLIO 외 PERIPERA·GOODAL 등 멀티브랜드 운영. 브랜드 특정하여 발송 권장.,,clio_cosmetics,,,,,,,,,,,매출 상위 리스트,
6,뷰티,넘버즈인,marketing@benow.co.kr,비나우,높음,브랜드도메인,적합,초안,"기능성 앰플·세럼은 성분과 효과를 근거 있게 풀어내는 콘텐츠가 신뢰를 얻는다 보니, 넘버즈인에는 스킨케어 루틴을 꼼꼼하게 설명하는 분들이 어울린다고 생각합니다.",,,numbuzn_official,,,,,,,,,,,매출 상위 리스트,
7,뷰티,AHC,so-jung.kim@carverkorea.com,카버코리아,높음,브랜드도메인,적합,초안,"AHC의 스킨케어·아이크림 라인은, 피부 고민을 솔직하게 나누며 기초 루틴을 꾸준히 다루는 분들과 잘 맞을 것 같습니다.",이메일이 개인명(so-jung.kim) 형식의 담당자 메일. 수신자 재직 여부·담당 범위 사전 확인 후 발송 권장.,,ahc_global,,,,,,,,,,,매출 상위 리스트,
8,뷰티,닥터지,gmteam@gwss.co.kr,고운세상코스메틱,높음,회사도메인,적합,초안,"더마코스메틱·트러블케어 제품군 특성상, 닥터지에는 피부 고민 개선 과정을 실제 경험 기반으로 전달하는 분들이 어울린다고 생각합니다.",,,drg_official,,,,,,,,,,,매출 상위 리스트,
9,뷰티,롬앤,romandyou@romand.co.kr,아이패밀리에스씨,높음,브랜드도메인,적합,초안,"립·블러셔·아이섀도우를 무드 있는 착장 콘텐츠에 녹여내는 분들이라면, 롬앤의 색조 라인과 잘 어우러질 것 같습니다.",,,romand_official,,,,,,,,,,,매출 상위 리스트,
10,뷰티,미샤,cs@ableshop.net,에이블씨엔씨,높음,회사도메인,적합,초안,"스킨케어부터 색조까지 폭넓은 라인을 갖춘 미샤에는, 기초와 메이크업을 함께 다루며 일상 뷰티 루틴을 소개하는 분들이 어울린다고 생각합니다.",이메일 도메인(ableshop.net)이 CS 쇼핑몰 도메인으로 마케팅 담당 창구가 아닐 수 있음. 공식 마케팅 채널 별도 확인 권장.,미샤·어퓨 운영,missha_official,,,,,,,,,,,매출 상위 리스트,
11,뷰티,셀리맥스,contact@celimax.co.kr,앱솔브랩,높음,브랜드도메인,적합,초안,"진정 성분 더마코스메틱은 자극받은 피부 회복 과정을 진솔하게 담아내는 콘텐츠가 공감을 얻는다 보니, 셀리맥스에는 민감성 피부 고민을 함께 나눌 수 있는 분들이 잘 맞을 것 같습니다.",,셀리맥스(celimax) 운영 / [정정 2026-06-11] 토리든 메일 오기 수정,celimax_official,,,,,,,,,,,매출 상위 리스트,
12,뷰티,바닐라코,banila@banila.com,에프앤코,높음,브랜드도메인,적합,초안,"클렌징·프라이머·쿠션으로 이어지는 베이스 루틴을 감각적으로 구성하는 분들이라면, 바닐라코의 제품 흐름을 자연스럽게 전달할 수 있을 것이라 생각합니다.",,바닐라코 제휴 담당 / 발송전용 가능성→회신 시 CS 병행,banila_co,,,,,,,,,,,매출 상위 리스트,
13,뷰티,아토팜,neoshop@neopharm.co.kr,네오팜,높음,브랜드도메인,적합,초안,민감성·아토피 피부를 가진 분들의 실사용 경험을 담담하게 전달하는 콘텐츠가 아토팜과 잘 맞을 것이라 생각합니다.,,,atopalm_official,,,,,,,,,,,매출 상위 리스트,
14,뷰티,닥터포헤어,global_mkt@wyattcorp.com,와이어트,높음,브랜드도메인,적합,초안,"두피케어와 탈모 고민을 직접 경험하며 변화 과정을 꾸준히 보여주는 분들이라면, 닥터포헤어의 폴리젠·피토테라피 라인과 잘 어울릴 것 같습니다.",,,drforhair_official,,,,,,,,,,,매출 상위 리스트,
15,뷰티,리들샷,enc@enccosmetic.co.kr,이앤씨,높음,브랜드도메인,적합,초안,"리들샷에 어울리는 인플루언서는, 마이크로니들 앰플 같은 기능성 성분을 일상 루틴 속에서 체감 변화로 풀어낼 수 있는 분들이라고 생각합니다.",,리들샷 제조사 통합문의 / 영업팀 070-4349-5397,,,,,,,,,,,,매출 상위 리스트,
16,뷰티,닥터자르트,webmaster@drjart.com,해브앤비,높음,브랜드도메인,적합,초안,"더마코스메틱은 효능 근거가 설득의 핵심이라, 닥터자르트의 세라마이딘·시카 라인을 피부 장벽 회복 관점에서 진지하게 다루는 분들과 잘 맞을 것 같습니다.",,,drjart,,,,,,,,,,,매출 상위 리스트,
17,뷰티,정샘물,jsmbeauty@jsmbeauty.com,정샘물뷰티,높음,브랜드도메인,적합,초안,"정샘물은 색조와 베이스의 완성도가 브랜드 정체성인 만큼, 파운데이션 쿠션 피니시나 아이 메이크업 디테일을 즐겨 보여주는 분들이 어울린다고 생각합니다.",,,jungsamwool,,,,,,,,,,,매출 상위 리스트,
18,뷰티,마녀공장,manyofactory_cs@manyo.co.kr,마녀공장,높음,브랜드도메인,적합,초안,"갈락토미·비피다처럼 발효 성분 중심의 라인업이라, 마녀공장과 함께할 분은 꾸준한 사용 후 피부 결 변화를 담담하게 기록하는 스타일이 잘 맞을 것 같습니다.",,,manyo_official,,,,,,,,,,,매출 상위 리스트,
19,뷰티,메디필,skinidea@medipeel.com,스킨이데아(메디필),높음,브랜드도메인,적합,초안,"콜라겐 앰플과 PDRN 라인은 사용 전후의 탄력감이 설득력의 핵심이라, 메디필에는 피부 개선 과정을 꾸준히 콘텐츠로 기록하는 분들이 어울린다고 생각합니다.",,,medipeel_official,,,,,,,,,,,매출 상위 리스트,
20,뷰티,오호라,ohora_partnership@ohora.com,오호라(글루가),높음,브랜드도메인,적합,초안,"오호라에 적합한 인플루언서는, 네일 디자인을 직접 시연하고 완성 컷까지 자연스럽게 보여줄 수 있는 뷰티·라이프스타일 채널 운영자분들이라고 생각합니다.",,,ohora_official,,,,,,,,,,,매출 상위 리스트,
21,뷰티,썸바이미,global@somebymi.com,썸바이미(페렌벨),높음,브랜드도메인,적합,초안,"AHA·BHA·PHA 30데이 챌린지라는 구조 자체가 콘텐츠 서사가 되는 제품이라, 썸바이미와 함께할 분은 기간별 피부 변화를 성실하게 기록하는 분들이 잘 맞을 것 같습니다.",,,some_by_mi_official,,,,,,,,,,,매출 상위 리스트,
22,뷰티,스킨79,sk79beautymate@gmail.com,스킨79 주식회사(위즈코즈),높음,일반메일,적합,초안,"스킨79에 어울리는 분은, BB크림·비비 플루이드처럼 베이스 메이크업과 스킨케어의 경계를 일상 루틴으로 자연스럽게 소개할 수 있는 분들이라고 생각합니다.",,,,,,,,,,,,,,매출 상위 리스트,
23,뷰티,라엘,raelkorea@getrael.com,라엘코리아,높음,브랜드도메인,적합,초안,"라엘의 스킨케어·이너뷰티 라인은 성분 투명성과 비건 지향성이 강점인 만큼, 클린 뷰티나 건강한 라이프스타일을 진정성 있게 다루는 분들과 잘 맞을 것 같습니다.",생리대·탐폰·페미닌케어 계열은 메일 본문에서 절대 언급 금지. 스킨케어·이너뷰티 라인만 소구할 것.,,getRAEL,,,,,,,,,,,매출 상위 리스트,
24,뷰티,메디큐브,cs123@apr-in.com,에이피알,높음,브랜드도메인,적합,초안,"홈뷰티디바이스와 더마 스킨케어를 함께 다루는 라인업이라, 메디큐브에는 기기 사용 후 피부 밀도·탄력 변화를 시각적으로 전달할 수 있는 분들이 어울린다고 생각합니다.",,대표브랜드 메디큐브/널디/에이프릴스킨/포맨트. 공식몰 푸터에 명시된 CS 대표메일(제휴전용 아님). IR/제휴는 apr-in.com 문의폼만 운,medicube_official,,,,,,,,,,,웹조사,
25,뷰티,토니모리,hjyoon2104@tonymoly.com,토니모리,높음,브랜드도메인,적합,초안,"토니모리는 기초부터 색조까지 폭이 넓은 만큼, 데일리 스킨케어와 베이스 메이크업을 함께 다루며 친근한 뷰티 루틴을 공유하는 분들과 잘 맞을 것 같습니다.",,[담당자메일] 검색상 회사 대표연락 이메일로 노출된 담당자형 주소. 공식몰 tonymoly.com 푸터는 1:1문의폼만 제공(이메일 미표기).,tonymoly_official,,,,,,,,,,,웹조사,
26,뷰티,엔프라니,sn.cho@enprani.com,엔프라니,높음,회사도메인,적합,초안,"레티놀 기초부터 쿠션·아이섀도까지 폭넓게 갖춘 브랜드라, 엔프라니에 적합한 인플루언서는 스킨케어 루틴과 데일리 메이크업을 함께 콘텐츠로 구성하는 분들이라고 생각합니다.",,대표브랜드 홀리카홀리카/엔프라니. sn.cho@enprani.com=기획팀장(개인정보책임자 겸직)으로 제휴/기획 문의 적합. 개인정보보호책임 m,enprani_official,,,,,,,,,,,웹조사,
27,뷰티,네이처리퍼블릭,mkt@naturerepublic.com,네이처리퍼블릭,높음,브랜드도메인,적합,초안,"자연 유래 성분과 합리적 가격대가 브랜드 핵심이라, 네이처리퍼블릭과 함께할 분은 바디·헤어·스킨케어를 일상 속 루틴으로 가볍게 소개하는 라이프스타일 채널이 잘 맞을 것 같습니다.",,브랜드에셋 매칭,naturerepublic_official,,,,,,,,,,,기존DB,
28,뷰티,데이지크,marketing@dasique.com,데이지크,높음,브랜드도메인,적합,초안,"데이지크에 어울리는 분은, 아이섀도 팔레트 컬러 조합이나 틴트 발색을 감각적으로 보여주는 색조 중심 콘텐츠를 운영하는 분들이라고 생각합니다.",,브랜드에셋 매칭,dasique_official,,,,,,,,,,,기존DB,
29,리빙,헤트라스,marketing.ad@hetras.co.kr,쑥쑥컴퍼니,높음,브랜드도메인,적합,초안,"헤트라스에 어울리는 분들은, 공간의 분위기와 향기를 인테리어의 연장선으로 다루는 홈 라이프스타일 콘텐츠 크리에이터라고 생각합니다.",cat이 '향수'로 기재됐으나 실제는 홈 프래그런스/디퓨저 중심 브랜드. 개인 향수 브랜드로 오인하지 않도록 제품군 재확인 후 작성.,"[마케팅] 공식몰 푸터 명시. 운영사 (주)쑥쑥컴퍼니, 브랜드 헤트라스(HETRAS). 그 외 retail@hetras.co.kr(소매·입점),",hetras_official,,,,,,,,,,,웹조사,
30,뷰티,믹순,b2binquiry@pkcosm.com,파켓,높음,회사도메인,적합,초안,"원료와 성분을 꼼꼼히 들여다보는 콘텐츠를 즐겨 만드시는 분들이라면, 믹순의 원료주의 철학과 잘 맞을 것 같습니다.",,,mixsoon_official,,,,,,,,,,,https://mixsoon.co.kr/,
31,리빙,부케가르니,breatheb_sales_kr@grunamu.com,브리드비인터내셔널,높음,회사도메인,적합,초안,헤어·바디·공간 향기를 하나의 라이프스타일로 묶어 소개해 주실 수 있는 분들과 함께하고 싶습니다.,,대표브랜드 크리스마(Chrisma). breatheb_sales_kr@grunamu.com=국내 영업/제휴 전용. 글로벌은 breatheb_sa,bouquetgarni_official,,,,,,,,,,,웹조사,
32,뷰티,LIFE 4.0,nh.park@aonebnh.com,에이원비앤에이치,높음,회사도메인,적합,초안,"LIFE 4.0에는, 모발 상태의 변화를 루틴과 함께 꾸준히 기록하는 헤어케어 콘텐츠 크리에이터가 잘 맞을 것 같습니다.",,대표브랜드 LIFE 4.0(라이프스타일 코스메틱). 공식몰 푸터에 대표이메일 명시(대표 한송희). 별도 검색서 kjj@aonebnh.com 도,life4.0_official,,,,,,,,,,,웹조사,
33,뷰티,PURITO,heynaturekr@naver.com,하이네이처,높음,일반메일,적합,초안,"클린 포뮬러에 관심 있는 분들께 선크림과 데일리 스킨케어를 성분 중심으로 소개해온 분들이라면, PURITO와 결이 맞을 것 같습니다.",,"[개인메일] 공식몰 푸터에 명시된 대표 이메일이나 도메인이 naver. 상호 (주)헤이네이처, 브랜드 헤이네이처/PURITO. 대표전화 070-",purito_official,,,,,,,,,,,웹조사,
34,뷰티,파메어스,pharmearth@pharmearth.kr,파메어스,높음,브랜드도메인,적합,초안,"예민하거나 트러블이 있는 피부를 다루는 콘텐츠를 진솔하게 풀어온 분들이, 파메어스의 더마코스메틱 라인과 잘 어울릴 것 같습니다.",,병의원/피부관리실 대상 코스메틱 유통·교육 기업 ㈜파메어스(대표 장윤성). 공식 푸터 대표메일. 중국사업은 pharmearth.cn@pharme,,,,,,,,,,,,웹조사,
35,뷰티,삐아,trde12027@bbia.co.kr,삐아,높음,브랜드도메인,적합,초안,립과 아이를 중심으로 다양한 메이크업 룩을 일상 감성으로 풀어내시는 분들이라면 삐아와 잘 맞을 것 같습니다.,,브랜드에셋 매칭,bbia_official,,,,,,,,,,,기존DB,
36,뷰티,코리아나,gomerim@coreana.co.kr,코리아나화장품,높음,브랜드도메인,적합,초안,"스킨케어 멀티라인을 단계별로 정리해서 소개하는 콘텐츠 스타일이라면, 코리아나의 폭넓은 기초화장품 라인업과 자연스럽게 연결될 것 같습니다.",,대표브랜드 코리아나(Coreana)/라비다·세니떼. 공식 제휴문의 페이지에 분야별 메일 명시 - 이 메일은 '마케팅/홍보/프로모션 제휴' 담당.,,,,,,,,,,,,웹조사,
37,뷰티,프루디아,frudia@welcos.com,웰코스,높음,회사도메인,적합,초안,"과일 성분을 피부에 적용하는 싱싱하고 가벼운 스킨케어 루틴에 관심 있는 분들이라면, 프루디아의 콘셉트와 잘 맞을 것 같습니다.",,"[문의폼] 대표브랜드 송백화/된장폼·로즈워터 등. 공식몰 푸터의 '제휴·광고·입점문의'는 폼 링크로만 연결, 공개 이메일 없음. 대표전화 158",frudia.official,,,,,,,,,,,https://frudia.com/,
38,뷰티,글로이스트,glowiest@sophiecompany.com,쏘피컴퍼니,높음,회사도메인,적합,초안,"마스크팩 비교·체험 콘텐츠를 꾸준히 다뤄오신 분들이라면, 글로이스트의 시트마스크 라인을 설득력 있게 소개할 수 있을 것 같습니다.",,,glowiest.official,,,,,,,,,,,https://glowiest.co.kr/,
39,뷰티,어뮤즈,help_amuse@amusemakeup.com,어뮤즈코리아,높음,브랜드도메인,적합,초안,"비건·클린 뷰티에 가치를 두면서도 색조 메이크업 룩을 즐겨 선보이시는 분들이, 어뮤즈와 어울릴 것 같습니다.",,[CS] 공식몰 푸터 명시 고객문의 메일(제휴 전용 메일은 미노출). 운영사 주식회사 어뮤즈코리아(신세계인터내셔날 계열). 대표전화 1833-7,amuse_official,,,,,,,,,,,웹조사,
40,뷰티,GIK,trade@gikcos.co.kr,긱,높음,회사도메인,적합,초안,"수분과 진정 케어를 일상 스킨케어로 담담하게 기록하는 콘텐츠 스타일의 분들이, GIK와 결이 맞을 것 같습니다.",,,,,,,,,,,,,,https://corpgik.cafe24.com,
41,뷰티,논픽션,hello@nonfiction.com,논픽션,높음,회사도메인,적합,초안,"논픽션에 어울리는 분들은, 향과 바디케어를 감각적인 일상 의례로 소개하는 라이프스타일 콘텐츠 크리에이터라고 생각합니다.",이메일 정보 없음. 발송 전 공식 담당자 이메일 확보 필수.,브랜드에셋 매칭,,,,,,,,,,,,기존DB,
42,뷰티,라카,k-sales@laka.co.kr,라카코스메틱스,높음,브랜드도메인,적합,초안,립과 아이 메이크업을 꾸준히 다루며 본인만의 룩을 만들어가시는 분들을 찾고 있습니다.,,국내영업 k-sales@laka.co.kr / 해외 globalsales@laka.co.kr / 마케팅·SNS협업 sns@laka.co.kr.,laka_official,,,,,,,,,,,웹조사,
43,뷰티,아로마티카,communication@aromatica.co.kr,(주)아로마티카,높음,브랜드도메인,적합,초안,아로마티카의 스킨케어·바디·헤어 라인은 성분과 지속 사용 경험을 진솔하게 나누는 분들과 잘 어울린다고 생각합니다.,"페미닌케어(여성청결제) 라인 존재 — 메일에서 페미닌케어 직접 언급 금지, 스킨·바디·헤어 라인 중심으로만 소구할 것",브랜드에셋 매칭,aromatica_official,,,,,,,,,,,기존DB,
44,뷰티,노디너리,contact@nordinary.co.kr,(주)노디너리,높음,브랜드도메인,적합,초안,"소비자 접점보다 생산 기술력과 포뮬라 신뢰도가 핵심인 만큼, 노디너리와는 스킨케어 브랜드사나 뷰티 업계 종사자를 팔로워 기반으로 한 전문 채널과의 협력이 가능성 있는 방향이라고 생각합니다.",소비자 브랜드가 아닌 제조사 법인 — 인플루언서 매칭 제안보다 B2B 협력 제안 관점으로 어프로치 필요,공식몰 메인 푸터엔 이메일 노출 없이 /contact/inquiry 문의폼 운영. contact@nordinary.co.kr은 검색결과 출처.,nordinary_official,,,,,,,,,,,웹조사,
45,뷰티,하루하루원더,cs@thedfs.co.kr,디에프에스컴퍼니,높음,회사도메인,적합,초안,발효 성분과 비건 포뮬라를 일상 루틴 안에서 자연스럽게 풀어내는 클린뷰티 콘텐츠를 다루는 분들이 하루하루원더와 결이 맞을 것 같습니다.,,,haruharuwonder_official,,,,,,,,,,,https://haruharu.com/,
46,뷰티,네오젠,hello@outinco.com,아우딘퓨쳐스,높음,브랜드도메인,적합,초안,"각질케어·수분·진정 같은 기능성 라인은 전후 변화를 꾸준히 기록하는 스킨케어 크리에이터에게 설득력 있는 소재가 되는 만큼, 네오젠에는 피부 고민을 깊이 다루는 분들이 어울린다고 생각합니다.",,"대표브랜드: 화장품 ODM/OEM·자사브랜드(㈜아우딘퓨쳐스/OUTIN FUTURES, 코스닥 227610). 공식 일반 contact 메일. 전",neogen_dermalogy,,,,,,,,,,,웹조사,
47,뷰티,한스킨,webmaster@celltrionskincure.com,셀트리온스킨큐어,높음,브랜드도메인,적합,초안,"더마 기반 베이스 메이크업은 피부 상태 개선 경험과 자연스럽게 연결되기 때문에, 한스킨에는 스킨케어와 베이스 메이크업을 함께 다루는 분들이 잘 맞을 것 같습니다.",,대표브랜드 한스킨(Hanskin)·셀큐어 등(㈜셀트리온스킨큐어). 공식몰에 brand/alliance(제휴) 페이지 존재하나 이메일 미게재(폼/,hanskin_global,,,,,,,,,,,웹조사,
48,뷰티,스킨랩,skinnlab@skinnlab.com,랩앤컴퍼니,높음,브랜드도메인,적합,초안,베리어·진정 케어를 본인의 피부 이야기로 솔직하게 풀어내시는 분들을 찾고 있습니다.,,"대표브랜드 아임프롬(I'm from)·스킨앤랩(SKIN&LAB)·치카이치코. 푸터에 상호 랩앤컴퍼니(주)·대표 김경혜로 표기, 메일은 고객센터(",,,,,,,,,,,,웹조사,
49,뷰티,순녹,peace@soonnoc.com,(주)순녹,높음,브랜드도메인,적합,초안,"순녹의 천연 성분 라인은 과장 없이 일상 피부 관리를 담는 콘텐츠와 결이 맞을 것 같으며, 민감 피부 고민을 조심스럽게 나누는 분들이 잘 맞을 것 같습니다.",,푸터 대표 이메일. 별도 제휴 전용 메일은 없음. CS 070-4099-5710 / 대표 070-4099-5711,,,,,,,,,,,,웹조사,
50,뷰티,더마펌,cs@dermafirm.com,(주)더마펌,높음,회사도메인,적합,초안,"다수 해외 국가에 수출되고 있는 고기능성 라인인 만큼, 성분 중심 스킨케어 콘텐츠를 다루며 해외 팔로워 비중도 갖추신 분들과 함께하고 싶습니다.",이메일 정보 없음 — 발송 전 공식 연락처 별도 확보 필요,브랜드에셋 매칭,,,,,,,,,,,,기존DB,
51,뷰티,리체나,sewha@sewha.co.kr,세화피앤씨,높음,브랜드도메인,적합,초안,"셀프 염색과 헤어 케어는 과정을 직접 보여주는 콘텐츠가 신뢰를 만든다고 생각하여, 리체나에는 헤어 루틴을 꾸준히 기록하거나 셀프 뷰티를 즐겨 다루는 분들이 잘 맞을 것 같습니다.",,"대표브랜드 리체나·세븐에이트·모디(염모제/헤어케어)(㈜세화피앤씨, 코스닥). 푸터의 일반 문의 메일(제휴전용 별도 표기 없음). 본사 충북 진천",richena_official,,,,,,,,,,,웹조사,
52,뷰티,편강율,pyunkangyul_sales_kr@grunamu.com,편강한방피부과학연구소,높음,회사도메인,적합,초안,"한방 성분 스킨케어는 효능의 배경을 풀어줄 수 있는 콘텐츠가 설득력을 높인다고 생각하여, 편강율에는 성분·한방 뷰티에 관심을 갖고 차분하게 소개하는 분들이 어울린다고 생각합니다.",,한국 제휴·입점 전용 메일. 글로벌은 pyunkangyul_sales@grunamu.com / 고객문의 pyunkang@grunamu.com.,pyunkangyul_official,,,,,,,,,,,웹조사,
53,뷰티,티핏,ad@tfit.co.kr,티핏클래스,높음,브랜드도메인,적합,초안,"스킨케어부터 남성케어·베이스 라인까지 폭넓은 제품군을 보유한 만큼, 티핏에는 일상 뷰티 루틴을 다양한 시청자층과 나누는 분들이 잘 맞을 것 같습니다.",,마케팅 협력 ad@tfit.co.kr / 유통·판매(입점) business@tfitglobal.co.kr / 인증 tfit@tfit.co.kr.,,,,,,,,,,,,웹조사,
54,뷰티,시드물,help@sidmool.com,시드물,높음,브랜드도메인,적합,초안,녹차 성분이나 수분 케어 같은 테마를 중심으로 다양한 라인을 활용해 콘텐츠를 만드시는 분들이라면 자연스러운 협업 접점을 찾을 수 있을 것 같습니다.,,브랜드에셋 매칭,sidmool_official,,,,,,,,,,,기존DB,
55,뷰티,디어달리아,support@deardahlia.com,바람인터내셔날,높음,브랜드도메인,적합,초안,"럭셔리 비건 색조는 감도 높은 비주얼과 함께 소재의 철학을 전달할 수 있는 콘텐츠가 강점이 되는 만큼, 디어달리아에는 뷰티 미학과 클린 가치를 함께 담아내는 분들이 어울린다고 생각합니다.",,디어달리아 운영사. 푸터 단일 대표메일(CS성). 별도 제휴/마케팅 전용 메일은 미표기. Tel 02-6951-1688,deardahlia_official,,,,,,,,,,,웹조사,
56,뷰티,히스토랩,medians@histolab.co.kr,메디안스,높음,브랜드도메인,적합,초안,"아크네·아토케어 같은 트러블 케어 라인은 피부 개선 과정을 솔직하게 공유하는 콘텐츠와 연결될 때 설득력이 높아진다고 생각하여, 히스토랩에는 피부 고민 기반 스킨케어를 꾸준히 다루는 분들이 잘 맞을 것 같습니다.",,"대표브랜드 히스토랩(Histolab). 법인=(주)메디안스, 히스토랩 브랜드 운영. 공식몰 CS 메일. 별도 마케팅/제휴 전용메일 미표기, 입점",,,,,,,,,,,,웹조사,
57,뷰티,끌레드벨,cledbel@naver.com,에이치엠제이코리아,높음,일반메일,적합,초안,"쿠션 파운데이션 특유의 피부 표현력은 직접 발색해 보여줄 때 가장 설득력이 있어, 끌레드벨에는 베이스 메이크업 과정을 자연스럽게 녹여내는 분들이 잘 맞을 것 같습니다.",,"[개인메일] 대표브랜드 끌레드벨(CLEDBEL). 상호 '끌레드벨 에이치엠제이코리아(주)', 사업자 129-81-48702. 공식 도메인 메일이",cledbel_official,,,,,,,,,,,웹조사,
58,뷰티,파파레서피,paparecipe@costory.co.kr,코스토리,높음,브랜드도메인,적합,초안,"마스크팩은 사용 전후 피부 변화를 솔직하게 공유하는 콘텐츠가 신뢰를 쌓아주기 때문에, 파파레서피와는 데일리 스킨케어 루틴을 꾸준히 기록하는 분들이 어울린다고 생각합니다.",,"대표브랜드였던 파파레서피·잉가(INGA)를 2025년 (주)에이비티아시아(abtbeauty.com)로 매각, 자사몰 운영중단. 매각된 파파레서피",paparecipe_official,,,,,,,,,,,https://costory.co.kr/,
59,뷰티,메노킨,sales@menokin.co.kr,포레스트에비뉴,높음,브랜드도메인,적합,초안,"버블 마스크팩처럼 비주얼이 독특한 제품은 실사용 영상의 재미가 구매 동기로 이어지기 쉬워, 메노킨에는 스킨케어 과정을 위트 있고 생생하게 담아내는 분들이 맞을 것 같습니다.",,브랜드=메노킨(MENOKIN). 수출/B2B·입점 sales@menokin.co.kr / 일반·광고문의 info@menokin.co.kr. Te,menokin_official,,,,,,,,,,,웹조사,
60,뷰티,푸름웰니스,mkt@innovinekorea.com,이노바인코리아,높음,브랜드도메인,적합,초안,"닥터비움 라인은 민감하고 예민한 피부를 다루는 만큼, 피부 장벽 관리나 저자극 스킨케어를 진지하게 소개하는 분들과 잘 맞을 것 같습니다.",주력 카테고리가 뷰티보다 생활위생·건강 중심; 스킨케어(닥터비움) 라인에 한정해서만 소구할 것. 건강기능식품·마스크(보건용) 언급 금지.,"대표브랜드 푸름웰니스(Prumwellness). 상호 (주)이노바인코리아. 광고/제휴=mkt@innovinekorea.com, 해외/사업제휴=s",,,,,,,,,,,,웹조사,
61,뷰티,댕기머리,envy4101@dooricare.com,두리화장품,높음,회사도메인,적합,초안,"한방 성분 기반 헤어케어는 두피 고민 해결 과정을 꾸준히 보여줄 때 브랜드 신뢰가 쌓이는 편이라, 댕기머리에는 헤어·두피 루틴을 진정성 있게 다뤄온 분들이 어울린다고 생각합니다.",,"대표브랜드 댕기머리(DAENG GI MEO RI), 자생연. 상호 두리화장품(주), 대표 이병수, 사업자 305-81-66639. 공식몰엔 개인",daenggimoori_official,,,,,,,,,,,웹조사,
62,뷰티,TS샴푸,sales@talmo.com,티에스트릴리온,높음,회사도메인,적합,초안,"탈모 케어는 체감 변화를 솔직하게 기록할 수 있는 분들의 이야기가 설득력을 갖는다 보니, TS샴푸에는 두피 고민을 직접 겪고 솔직하게 공유하는 분들이 잘 맞을 것 같습니다.",,TS트릴리온(탈모닷컴). 푸터 대표 이메일 겸 개인정보책임자 메일. 별도 제휴 전용 메일은 미표기. Tel 02-785-8296,tstrillion_official,,,,,,,,,,,웹조사,
63,뷰티,온그리디언츠,ceo@powerplayer.co.kr,파워플레이어,높음,브랜드도메인,적합,초안,"클린 스킨케어는 성분과 사용감을 꼼꼼히 따지는 시청자층에게 강하게 어필되기 때문에, 온그리디언츠에는 성분 기반 스킨케어 콘텐츠를 즐겨 다루는 분들이 어울린다고 생각합니다.",,"주식회사파워플레이어, 브랜드 온그리디언츠. 푸터에 개인정보책임자/대표 메일로 명시. 대표문의(입점·제휴) 1600-3416 병기. 검색서 cmo",,,,,,,,,,,,웹조사,
64,뷰티,SNP,mkting@sdbiotech.co.kr,에스디생명공학,높음,브랜드도메인,적합,초안,"마스크팩 시리즈와 더마 라인은 집중 케어 전후를 담은 콘텐츠가 반응이 좋은 편이라, SNP에는 스킨케어 루틴에 기능성 아이템을 자연스럽게 녹여내는 분들이 잘 맞을 것 같습니다.",,"대표브랜드 SNP. 상호 (주)에스디생명공학, 대표 백인영. 마케팅/제휴=mkting@sdbiotech.co.kr, 수출=global_team@",snpbeauty,,,,,,,,,,,웹조사,
65,뷰티,톤28,ask@toun28.com,주식회사 톤28,높음,회사도메인,적합,초안,"맞춤형 구독과 친환경 고체 뷰티라는 특성상, 지속 가능한 라이프스타일과 개인화 루틴에 관심 높은 시청자를 보유한 분들과 브랜드 결이 잘 맞을 것 같습니다.",이메일 정보 없음 — 발송 전 공식 연락처 별도 확보 필요.,브랜드에셋 매칭,,,,,,,,,,,,기존DB,
66,뷰티,스킨메드,skinmedmk@daum.net,스킨메드인터내셔널,높음,일반메일,적합,초안,"코스메슈티컬 라인은 피부 고민 해결에 진지하게 접근하는 콘텐츠가 신뢰도를 높여주는 만큼, 스킨메드에는 민감성·기능성 스킨케어를 심층적으로 다루는 분들이 어울린다고 생각합니다.",daum.net 일반메일 사용으로 공식 담당자 확인 불확실; 가능하면 공식 홈페이지 접촉처 재확인 권장.,[제휴/마케팅] '마케팅 및 제휴' 담당메일로 명시. 해외영업 overseas@skinmed.biz 별도 존재. CS/연구소 등 부서별 메일 다,,,,,,,,,,,,웹조사,
67,뷰티,제나벨,contact@genalab.co.kr,제나랩,높음,브랜드도메인,적합,초안,"PDRN·미백 앰플처럼 기능성이 뚜렷한 더마 제품은 피부 결과를 직접 보여주는 콘텐츠가 강하게 작용해, 제나벨에는 고기능 스킨케어의 체감 변화를 꾸준히 기록하는 분들이 잘 맞을 것 같습니다.",,"대표브랜드 제나벨(Genabelle), 노티프(notif). 상호 (주)제나랩, 대표 김동준, 사업자 371-81-00804. 비즈니스 문의=c",genabelle_official,,,,,,,,,,,웹조사,
68,뷰티,잇츠스킨,ircontact@itshanbul.com,잇츠한불,높음,브랜드도메인,적합,초안,"600종이 넘는 다양한 라인업을 보유한 만큼, 잇츠스킨에는 스킨케어부터 색조까지 폭넓게 다루며 팔로워와 제품 탐색을 함께하는 분들이 잘 어울린다고 생각합니다.",,"대표브랜드 잇츠스킨(It's Skin), 파워10, 프레스티지. 상호 (주)잇츠한불(코스피 226320). 공식 Contact엔 제휴 전용메일",itsskin_official,,,,,,,,,,,웹조사,
69,뷰티,프리티스킨,prettyskin@prettyskin.co.kr,프리티스킨인터내셔널,높음,브랜드도메인,적합,초안,"시트마스크나 풋필링 제품은 셀프 뷰티 케어의 소소한 즐거움을 담을 때 공감대가 생기는 편이라, 프리티스킨에는 일상 속 홈케어 루틴을 편안하게 기록하는 분들이 잘 맞을 것 같습니다.",,,,,,,,,,,,,,https://www.prettyskin.co.kr,
70,뷰티,ENTH,enthsales@enth.co.kr,엔스,높음,브랜드도메인,적합,초안,"네일 아트는 완성된 컬러와 질감을 가까이서 보여주는 영상 콘텐츠가 구매 욕구를 자극하기 때문에, ENTH에는 네일 디테일을 감각적으로 담아내는 분들이 어울린다고 생각합니다.",,"[제휴/영업] 운영사=주식회사 엔스, 브랜드 ENTH(네일·색조). sales 전용 제휴·입점 문의 메일. Tel 032-816-3053",,,,,,,,,,,,웹조사,
71,뷰티,남유네,naaamyuuubiz@gmail.com,남유에프엔씨,높음,일반메일,적합,초안,"온 가족이 쓸 수 있는 저자극 더마케어라는 특성상, 육아·가족 일상을 담으며 민감한 피부 고민도 자연스럽게 나누는 분들과 브랜드 결이 잘 맞을 것 같습니다.",,"대표브랜드 남유네(NAAAMYUUU). [개인메일] biz 전용 제휴메일. 일반문의 qkqh881011@naver.com, 개인정보 xiying",,,,,,,,,,,,웹조사,
72,뷰티,코페르,trend@bestinnovation.co.kr,베스트이노베이션,높음,브랜드도메인,적합,초안,코페르에는 일상 루틴 속 프리미엄 스킨케어와 선케어를 진지하게 다루는 분들이 잘 맞을 것 같습니다.,,"대표브랜드 코페르(KOPHER). 공식도메인 메일(개인정보보호책임자). 운영사 (주)베스트이노베이션, 대표 채윤석, 충남 아산. 사업자 425-",,,,,,,,,,,,웹조사,
73,뷰티,샤르드,global@newselect.co.kr,샤르드,높음,회사도메인,적합,초안,"고함량 유효성분의 앰플과 쿠션을 함께 다루는 만큼, 성분을 이해하고 기초·색조를 모두 소구할 수 있는 분들이 어울린다고 생각합니다.",이메일 주소 없음 — 발송 전 공식 연락처 별도 확보 필요,브랜드에셋 매칭,,,,,,,,,,,,기존DB,
74,뷰티,에이로마플라붐,info@aromaflavum.com,에이로마플라붐,높음,브랜드도메인,적합,초안,"향수와 디퓨저, 핸드크림처럼 감각적인 라이프스타일 아이템을 즐겨 소개하는 분들과 결이 맞을 것 같습니다.",세제·탈취제 등 생활화학 라인 직접 언급 금지. 향수·디퓨저·핸드크림 등 뷰티 인접 제품만 소구할 것.,브랜드에셋 매칭,,,,,,,,,,,,기존DB,
75,뷰티,본느,bonne2@bonne.co.kr,본느,높음,브랜드도메인,적합,초안,기초부터 색조까지 폭넓게 다루시며 자체 브랜드 제품을 진솔하게 소개해 주실 수 있는 분들을 찾고 있습니다.,ODM 법인 연락 시 담당자가 마케팅이 아닌 생산/영업팀일 수 있음. 어느 자체 브랜드를 소구할지 사전 확인 권장.,"[전화만] 공식 홈페이지(국/영문) 어디에도 이메일 미표기. 대표 02-6423-4122, FAX 02-6423-4123, 서울 강남. 뷰티 O",bonne_official,,,,,,,,,,,https://bonne.co.kr/,
76,뷰티,리터니티,returnity@returnity.co.kr,리터니티,높음,브랜드도메인,적합,초안,율무팩·괄사·이너뷰티까지 루틴 전반을 꾸준히 보여주실 수 있는 분들이라면 리터니티와 결이 잘 맞을 것 같습니다.,,브랜드에셋 매칭,,,,,,,,,,,,기존DB,
77,뷰티,맥스클리닉,naturenbio@naver.com,엔앤비랩,높음,일반메일,적합,초안,클렌징과 홈스파케어를 중심으로 피부 관리 루틴을 꼼꼼히 담아내시는 분들을 찾고 있습니다.,,"대표브랜드 맥스클리닉(MAXCLINIC), 카트린, 피에라. [개인메일] 공식 대표메일. 대체 nnblab.oyc@gmail.com. (주)엔앤",maxclinic_official,,,,,,,,,,,웹조사,
78,뷰티,몽디에스,admin@360per.com,360퍼스펙티브,높음,회사도메인,적합,초안,"더마 바디케어와 선크림 라인을 함께 소구하기에, 바디 루틴과 피부 진정을 자연스럽게 콘텐츠로 풀어가는 분들이 잘 맞을 것 같습니다.",,"대표브랜드 몽디에스(mongdies, 아기화장품 1위). 회사 admin 메일(단일출처). 몽디에스 자사몰 고객센터는 이메일 [문의폼]+전화 1",mongdies_official,,,,,,,,,,,웹조사,
79,뷰티,16브랜드,16brand@16brand.com,씨에스에이코스믹,높음,브랜드도메인,적합,초안,아이섀도 팔레트와 블러셔 등 색조 제품군을 다루며 메이크업 룩을 착장과 함께 즐겨 보여주시는 분들과 함께하고 싶습니다.,,"대표브랜드 16브랜드(16BRAND), 원더바스(Wonder Bath). 운영사 (주)씨에스에이코스믹(코스닥 상장), 대표 조성아, 서울 강남.",16brand_official,,,,,,,,,,,웹조사,
80,뷰티,투에이엔,2an@ianfnc.com,이안에프엔씨,높음,회사도메인,적합,초안,"틴트·아이 팔레트부터 스킨케어까지 토탈 뷰티를 다루다 보니, 메이크업과 기초를 균형 있게 커버하는 분들과 결이 잘 맞을 것 같습니다.",,"이안에프엔씨(IANFNC), 브랜드 2aN. 푸터 E-mail로 명시. CS 070-4062-2224. 마케팅 전용 별도 메일은 미표기, 대표문",2an_official,,,,,,,,,,,웹조사,
81,뷰티,듀이셀,business@buddynetworks.co.kr,버디네트웍스,높음,브랜드도메인,적합,초안,마스크팩·토너패드·시카크림 등 진정·보습 라인을 중심으로 스킨케어 루틴을 성실하게 기록해 주시는 분들을 찾고 있습니다.,,[제휴/입점] 주식회사 버디네트웍스(브랜드 듀이셀 DEWYCEL). '파트너 입점 문의' 전용 메일로 명시. 제휴/유통 070-4739-2577,dewycel_official,,,,,,,,,,,웹조사,
82,뷰티,헉슬리,mkt@nordmason.com,노드메이슨,높음,회사도메인,적합,초안,"선인장 씨드오일이라는 뚜렷한 성분 철학이 있는 만큼, 성분 중심으로 스킨케어를 이야기하는 분들이라면 헉슬리와 자연스럽게 맞을 것 같습니다.",,"대표브랜드 헉슬리(Huxley). 마케팅메일 mkt@nordmason.com(제휴 우선), CS domesticsales@nordmason.co",huxley_official,,,,,,,,,,,웹조사,
83,뷰티,참존,online@charmzone.co.kr,주식회사 참존,높음,회사도메인,적합,초안,"40년 기초화장품 전문 이력을 가진 브랜드인 만큼, 믿음직한 기초 루틴과 성분 신뢰를 콘텐츠로 전달하는 분들이 적합하다고 생각합니다.",이메일 정보 없음 — 발송 전 공식 담당자 이메일 확보 필요,브랜드에셋 매칭,,,,,,,,,,,,기존DB,
84,뷰티,동구밭,collaboration@donggubat.com,동구밭(주식회사 동구밭팩토리),높음,회사도메인,적합,초안,"고체 샴푸바·바디워시 등 친환경 라이프스타일 제품을 진정성 있게 소개하는 분들이라면, 동구밭의 브랜드 결과 잘 맞을 것 같습니다.",,브랜드에셋 매칭,donggu_bat,,,,,,,,,,,기존DB,
85,뷰티,코코스타,cs@kocostar.com,퍼스트마켓,높음,브랜드도메인,적합,초안,슬라이스 마스크팩과 아이패치처럼 홈케어 루틴의 재미를 감각적으로 담아내시는 분들과 함께하고 싶습니다.,,대표브랜드 KOCOSTAR(코코스타). cs@kocostar.com은 협찬/제휴 문의 메일로 명시. 대표 about 페이지에는 ham@kocos,kocostar_official,,,,,,,,,,,웹조사,
86,뷰티,마르시끄,business@marshique.com,주식회사 마르시끄,높음,회사도메인,적합,초안,"리프팅 패치와 속눈썹 드라이기 등 뷰티 소품을 함께 다루는 만큼, 안티에이징 케어와 뷰티 디바이스를 즐겨 소개하는 분들이 잘 맞을 것 같습니다.",이메일 정보 없음 — 발송 전 공식 담당자 이메일 확보 필요,브랜드에셋 매칭,,,,,,,,,,,,기존DB,
87,뷰티,플루,dwkang@plu.co.kr,"지본코스메틱(Zivon Cosmetics Co., Ltd.)",높음,회사도메인,적합,초안,"플루에 어울리는 분들은, 자연 성분과 미니멀한 루틴을 일상 콘텐츠로 풀어내는 라이프스타일 크리에이터라고 생각합니다.",이메일 정보 없음 — 발송 전 공식 담당자 이메일 확보 필요,운영사 지본코스메틱 / [정정 2026-06-11],,,,,,,,,,,,기존DB,
88,리빙,W.DRESSROOM,repinade@trend-i.net,트랜드아이,높음,회사도메인,적합,초안,"향수·홈프래그런스는 '분위기'를 파는 카테고리인 만큼, W.DRESSROOM에는 공간 무드와 데일리 감성을 콘텐츠로 담아내는 분들이 잘 맞을 것 같습니다.",,,wdressroom_official,,,,,,,,,,,https://wdressroom.co.kr/,
89,뷰티,지베르니,giverny_mkt@bnhcosmetics.co.kr,비앤에이치코스메틱,높음,회사도메인,적합,초안,"베이스부터 포인트 색조까지 폭넓게 아우르는 컬러 라인업을 갖춘 브랜드인 만큼, 메이크업 레이어링이나 컬러 조합을 즐겨 탐구하시는 분들과 잘 맞을 것 같습니다.",,"대표브랜드 GIVERNY(지베르니), ACWELL, SEULMIT. giverny_mkt@bnhcosmetics.co.kr=마케팅/제휴 문의,",giverny_official,,,,,,,,,,,웹조사,
90,뷰티,샹프리,cs@shangpree.co.kr,유알지,높음,브랜드도메인,적합,초안,"샹프리에 어울리는 분들은, 프리미엄 홈 스파 루틴과 피부 관리의 결을 진지하게 풀어낼 수 있는 스킨케어 전문 채널이라고 생각합니다.",운영사 유알지가 JMS(기독교복음선교회) 자금줄 의혹을 받아 법원에서 명예훼손 패소 판결이 난 이력 있음. 메일·제안서에 공식 파트너 또는 공개 레퍼런스로 노출 시 브랜드 리스크 있음. 발송 전 내부 검토 필수.,"대표브랜드 SHANGPREE(샹프리). 회사명 (주)유알지(URG Inc.). 공식 도메인 CS 메일 cs@shangpree.co.kr, 마케팅",shangpree_official,,,,,,,,,,,웹조사,
91,리빙,말표,customer@malpyo.co.kr,말표산업,높음,브랜드도메인,적합,초안,"말표의 뷰티케어 협업 라인은 브랜드 특유의 레트로 감성이 강점인 만큼, 독특한 협업 아이템을 유머 있게 소개하는 라이프스타일·일상 크리에이터와 잘 맞을 것 같습니다.",주력 제품이 구두약 등 비뷰티 생활화학임. 뷰티케어 라인은 협업 한정 소량 제품이며 독자 스킨케어 라인으로 보기 어려움. 인플루언서 매칭 제안 시 구두약 브랜드 이미지가 캠페인 품질에 영향 줄 수 있으므로 발송 전 적합성 재확인 필요.,"[CS메일] 생활/건물관리용품 제조사로 화장품 브랜드 아님. 별도 제휴/마케팅 메일 없음, 고객지원 메일만 확인됨. 개인정보 담당 jyh0306",,,,,,,,,,,,웹조사,
92,뷰티,디마르3,b2b@demar3.co.kr,자연물질연구소,높음,브랜드도메인,적합,초안,모공·결 개선처럼 눈에 보이는 피부 변화를 꾸준히 기록하며 팔로워와 신뢰를 쌓아오신 스킨케어 크리에이터분들을 찾고 있습니다.,,,demar3_official,,,,,,,,,,,https://demar3.co.kr/,
93,뷰티,샬랑드파리,jc@opusasia.kr,오퍼스아시아,높음,회사도메인,적합,초안,"글로벌 더마 라인의 신뢰감을 전달하기 위해, 샬랑드파리와는 성분 중심의 리뷰 콘텐츠를 꾸준히 다뤄온 분들이 어울린다고 생각합니다.",,"대표브랜드 샬랑 드 파리(CHALLANS de PARIS), 스칸스킨. 회사명 (주)오퍼스아시아(서울 마포구). jc@opusasia.kr=한국",challansdeparis_official,,,,,,,,,,,웹조사,
94,뷰티,VT코스메틱,sales@vt-cosmetics.com,브이티피엘,높음,브랜드도메인,적합,초안,"시카 성분 중심의 더마코스메틱인 만큼, VT코스메틱에는 민감한 피부 고민과 진정·회복 루틴을 솔직하게 나누는 분들이 잘 맞을 것 같습니다.",,"대표브랜드 VT(브이티). 회사명 (주)브이티피엘. 푸터 확인: cs@vt-cosmetics.com(CS·온라인 제휴), sales@vt-cos",vt_cosmetics_official,,,,,,,,,,,웹조사,
95,뷰티,리즈케이,lizkmk@lizk-cosmetics.com,리즈케이,높음,브랜드도메인,적합,초안,"리즈케이에 어울리는 분들은, 세럼·크림의 기능성 성분을 쉽게 풀어 설명하면서 피부 개선 경험을 공유해온 스킨케어 채널이라고 생각합니다.",,"[마케팅] 주식회사 리즈케이(대표 김청경, 114-86-86204). lizkmk=마케팅 문의 메일로 CS보다 우선. 고객센터 02-3444-0",lizk_cosmetics,,,,,,,,,,,웹조사,
96,뷰티,주미소,jumiso_korea@jumiso.co.kr,헬로스킨,높음,브랜드도메인,적합,초안,"비건 스킨케어 브랜드인 만큼, 주미소와는 클린뷰티·지속가능한 라이프스타일을 가치관으로 삼아 콘텐츠를 운영하는 분들이 잘 맞을 것 같습니다.",,헬로스킨㈜가 운영하는 브랜드=주미소(JUMISO). 국내비즈니스 메일. 해외는 jumiso_global@jumiso.co.kr,jumiso_official,,,,,,,,,,,웹조사,
97,뷰티,셀로라,business@celoraby.com,셀로라,높음,브랜드도메인,적합,초안,"셀로라에 적합한 분들은, 세럼과 크림을 중심으로 일상 스킨케어 루틴을 담백하게 소개하는 분들이라고 생각합니다.",,"[제휴/비즈니스] 주식회사셀로라(브랜드 셀로라바이 CELORABY, 대표 송지윤, 161-88-02878). business 메일이 사실상 제휴",celoraby_official,,,,,,,,,,,웹조사,
98,뷰티,헤메코,content@hemeko.com,헤메코,높음,브랜드도메인,적합,초안,"헤어케어는 사용 전후의 결 변화가 설득력이 크다 보니, 헤메코와 같이 샴푸·트리트먼트 루틴을 영상으로 꾸준히 기록하는 분들이 어울린다고 생각합니다.",,"대표브랜드 HEMEKO(헤메코), 헤메코랩. 회사명 (주)헤메코, 서울 강남구. content@hemeko.com=헤어&메이크업 제휴, help",hemeko_official,,,,,,,,,,,웹조사,
99,뷰티,모린,morin@imorin.co.kr,모린,높음,브랜드도메인,적합,초안,한 제품을 장기간 써보며 피부 변화를 진솔하게 공유하시는 스킨케어 크리에이터분들과 잘 맞을 것 같습니다.,,"뷰티(SKIN&BODY, BEBEMORIN/RELIDERM 운영) 모린 주식회사(대표 임영식, 197-81-00211). 동명 패션브랜드 mor",,,,,,,,,,,,웹조사,
100,뷰티,디마프,contact@demaf.kr,디마프,높음,브랜드도메인,적합,초안,"디마프와 잘 맞을 분들은, 세럼·크림 중심의 기초 루틴을 콘텐츠로 자주 다루며 팔로워와 피부 고민을 나누는 스킨케어 채널이라고 생각합니다.",,브랜드에셋 매칭,demaf_official,,,,,,,,,,,기존DB,
101,뷰티,커리쉴,curlyshyll@continuumpe.com,컨티뉴엄파트너스,높음,회사도메인,적합,초안,"탈모 기능성까지 포함한 프로페셔널 헤어케어인 만큼, 커리쉴에는 두피 관리와 헤어 케어 루틴을 전문적으로 다루는 분들이 어울린다고 생각합니다.",,컨티뉴엄파트너스㈜가 운영하는 프로페셔널 헤어 브랜드=커리쉴. 마케팅/개인정보 담당 메일. 고객센터 1566-2710,curlyshyll_official,,,,,,,,,,,웹조사,
102,뷰티,블랑나뚜르,business@blancnature.co.kr,피츠,높음,브랜드도메인,적합,초안,"트러블 고민을 솔직하게 나누는 스킨케어 일상 콘텐츠를 다루는 분들이, 블랑나뚜르의 진정 라인과 잘 맞을 것 같습니다.",,"[제휴] 주식회사 피츠(대표 고영재, 785-86-00823)가 운영하는 K뷰티 브랜드=블랑네이처. business=제휴문의 메일, 일반문의 i",blancnature_official,,,,,,,,,,,웹조사,
103,뷰티,라네뜨떼,support@lanettete.com,엘엔티이,높음,브랜드도메인,적합,초안,"스킨케어부터 향수·바디케어까지 폭넓은 뷰티 루틴을 다루는 분들이라면, 라네뜨떼의 멀티뷰티 라인업과 자연스럽게 연결될 것 같습니다.",,,,,,,,,,,,,,https://lanettete.com/,
104,뷰티,마실,masil@bijukorea.com,비주코리아,높음,브랜드도메인,적합,초안,두피 상태나 모발 결을 꾸준히 기록하며 헤어케어 루틴을 공유하는 분들과 마실이 잘 맞을 것 같습니다.,,"(주)비주코리아, 뷰티브랜드 마실(MASIL) 운영. 글로벌비즈니스/OEM/수출 기업. Tel 032-833-8751",masil_official_ko,,,,,,,,,,,웹조사,
105,뷰티,엔트로피 메이크업,info@entropymakeup.com,브랜드지놈,높음,브랜드도메인,적합,초안,"셀프 눈썹 케어나 데일리 베이스 메이크업을 직접 시도하는 콘텐츠를 즐겨 올리는 분들이, 엔트로피 메이크업에 어울린다고 생각합니다.",브랜드지놈이 운영사라는 공개 정보가 제한적. 이메일 도메인(entropymakeup.com)은 브랜드 직접 운영 가능성 높음.,,entropymakeup,,,,,,,,,,,https://entropymakeup.com/,
106,뷰티,오르제나,marketing@wannabecosmetic.co.kr,워너비코스메틱,높음,회사도메인,적합,초안,"빠른 변화보다 피부 본연의 리듬을 중시하는 슬로우 스킨케어 콘텐츠를 다루는 분들이, 오르제나의 포지셔닝과 결이 맞을 것 같습니다.",,"대표브랜드 ORJENA(오르제나), 라나케인. 회사명 (주)워너비코스메틱, 서울 마포구. marketing@wannabecosmetic.co.k",orjena_official,,,,,,,,,,,웹조사,
107,뷰티,아이유닉,iunik@iunikcos.com,아이유닉,높음,브랜드도메인,적합,초안,"센텔라·티트리 등 성분에 관심이 높은 클린 스킨케어 콘텐츠를 꾸준히 소개하는 분들이라면, 아이유닉 라인과 어울린다고 생각합니다.",,"(주)아이유닉, 대표 이종은. CS Tel 070-8897-3026. 별도 제휴 전용메일 표기는 없음(대표 문의메일)",iunik_official,,,,,,,,,,,웹조사,
108,뷰티,민티드,mintedshop@unfoundism.com,언파운디즘,높음,회사도메인,적합,초안,"핸드크림이나 립밤처럼 데일리 핸드·립 케어를 뷰티 루틴 안에서 자연스럽게 소개하는 분들이, 민티드와 잘 맞을 것 같습니다.",핵심 제품이 치약·세제류. 핸드크림·립밤은 뷰티 소구 가능하나 메일에서 세제류·치약 언급 금지. 뷰티 라인(핸드크림·립밤) 한정 소구 시에만 발송 검토.,"(주)언파운디즘, 친환경 생활용품 브랜드 '민티드' 운영. CS성 메일. Tel 070-4770-9430",,,,,,,,,,,,웹조사,
109,뷰티,AZH,info@interohrigin.com,인터오리진아이엔씨,높음,브랜드도메인,적합,초안,"헤어케어와 스킨케어를 함께 다루는 토탈 뷰티 루틴 콘텐츠를 운영하는 분들이, AZH 브랜드와 어울린다고 생각합니다.",이메일 도메인 'interohrigin.com'은 'interorigin.com' 오타 의심. 발송 전 도메인 실재 여부 확인 필요.,대표브랜드 AZH(에이제트에이치). 화장품 제조/유통. 개인정보책임자 안병철·동일 메일. 전화 070-4188-0322. 공식 도메인 대표채널,,,,,,,,,,,,웹조사,
110,뷰티,닥터바이오,sales@rokcorp.co.kr,로크,높음,브랜드도메인,적합,초안,"피부 장벽이나 마이크로바이옴에 관심이 있는 더마·성분 기반 콘텐츠를 다루는 분들이, 닥터바이오의 프로바이오틱스 스킨케어와 잘 맞을 것 같습니다.",,"(주)로크, 브랜드 '닥터바이오'. 제휴/대량구매 전용. 해외수출 global_sales@rokcorp.co.kr, 개인정보 rok_corp@n",,,,,,,,,,,,웹조사,
111,뷰티,헤브블루,contact@heveblue.co.kr,코스멘토코리아,높음,브랜드도메인,적합,초안,"민감성 피부 케어를 성분 중심으로 풀어가는 콘텐츠를 꾸준히 운영하는 분들이라면, 헤브블루와 결이 맞을 것 같습니다.",,"(주)코스멘토코리아, 브랜드 '헤브블루(HEVEBLUE)'. 푸터에 표기된 대표 컨택 메일. Tel 070-8648-3458",heveblue_official,,,,,,,,,,,웹조사,
112,뷰티,카디뷰,online@rbh.co.kr,알비에치,높음,브랜드도메인,적합,초안,살롱급 홈케어나 모발 손상 복구 루틴을 깊이 있게 다루시는 헤어케어 크리에이터분들을 찾고 있습니다.,,대표브랜드 카디뷰(CADIVEU)·오브라 등 프로페셔널 헤어. 전화 070-4492-4552. 기술제휴 페이지(rbh.co.kr/partners,,,,,,,,,,,,웹조사,
113,뷰티,포렌코즈,jwlee@forencos.com,포렌코즈,높음,회사도메인,적합,초안,"세럼·앰플 등 집중 케어 아이템의 사용감과 피부 변화를 세심하게 기록하는 분들이, 포렌코즈와 어울린다고 생각합니다.",,브랜드에셋 매칭,,,,,,,,,,,,기존DB,
114,뷰티,닥터디퍼런트,snb@drdifferent.com,다른코스메틱스,높음,브랜드도메인,적합,초안,"저자극·수분 중심 더마 스킨케어를 민감 피부 관점에서 소개하는 콘텐츠를 운영하는 분들이라면, 닥터디퍼런트와 잘 맞을 것 같습니다.",,,drdifferent_official,,,,,,,,,,,https://drdifferent.com/,
115,뷰티,다이아린,drcos1@naver.com,디알코스메틱,높음,일반메일,적합,초안,"자연 유래 성분의 토너·크림을 데일리 스킨케어 루틴 안에서 진정성 있게 담아내는 분들이, 다이아린의 자연주의 포지셔닝과 어울린다고 생각합니다.",이메일이 naver 개인메일(drcos1@naver.com)로 공식 도메인 미확인 — 수신자 실재 여부 사전 확인 권장,[개인메일] 대표브랜드 다이아린(DIARIN) 자연주의 스킨케어. 공식 자사몰 푸터 표기 CS/대표메일이 naver. 전화 070-7786-12,,,,,,,,,,,,웹조사,
116,뷰티,EBBM,ebbmkorea@naver.com,유베프,높음,일반메일,적합,초안,"순한 성분과 피부 장벽 케어를 중심으로, 기초 루틴을 꾸준한 관리의 관점에서 소개하시는 스킨케어 크리에이터분들과 잘 맞을 것 같습니다.","이메일이 naver 개인메일(ebbmkorea@naver.com) — 공식 도메인 미확인, 수신 여부 불확실","[개인메일] (주)유베프, 대표 홍곤표, 브랜드 EBBM/이쁨화장품. Tel 052-1566-6691",,,,,,,,,,,,웹조사,
117,뷰티,리르,help@rire.co.kr,아이더블유컴퍼니,높음,브랜드도메인,적합,초안,"립과 아이, 파운데이션을 일상 속 룩으로 자연스럽게 녹여내는 분들이 리르와 잘 맞을 것 같습니다.",,,rire_official,,,,,,,,,,,https://rire.co.kr/,
118,뷰티,파워풀엑스,online@powerfulx.com,파워풀엑스,높음,회사도메인,적합,초안,파워풀엑스에는 건강한 식단과 이너케어를 꾸준히 다루는 분들이 어울린다고 생각합니다.,주력 제품이 헬스/스포츠 보충제 계열 — 뷰티 인플루언서 연관성 낮음. 이너뷰티·건강식품 각도로만 소구 가능. 피트니스·건강 특화 인플루언서 매칭 여부 먼저 확인,브랜드에셋 매칭,,,,,,,,,,,,기존DB,
119,뷰티,ATS,webmaster@create.co.kr,르에쓰,높음,브랜드도메인,적합,초안,헤어 텍스처와 두피 상태 변화를 루틴 콘텐츠로 풀어가는 분들이 ATS와 잘 맞을 것 같습니다.,이메일 도메인 create.co.kr이 르에쓰/그리에이트 계열사 도메인으로 추정 — 수신 담당 부서 확인 후 발송 권장,(주)르에쓰는 그리에이트(Greathe) 헤어그룹 계열 화장품 제조사. 그룹 대표브랜드 ATS·SOTE·now&than·모로칸오일. 르에쓰 단독,ats_hair,,,,,,,,,,,웹조사,
120,뷰티,발몬,grace@evasbiz.com,에바스코스메틱,높음,브랜드도메인,적합,초안,"발몬에 적합한 인플루언서는, 헤어케어 루틴을 비포·애프터로 세심하게 기록하는 분들이라고 생각합니다.",에바스코스메틱은 발몬·프레쥬르 등 다수 브랜드 운영사 — 메일에서 특정 브랜드명 명확히 지정할 것(대표브랜드 발몬 기준 발송 권장),대표브랜드 발몬(VALMONA)·프레쥬르(FRAIJOUR)·로즈민·BATHPA. 개인정보책임자 지슬기 메일. CS 1544-3902. 1974년,valmona_official,,,,,,,,,,,웹조사,
121,뷰티,DUFT&DOFT,cp@dreamcos.co.kr,제너럴브랜즈,높음,회사도메인,적합,초안,향과 바디케어를 감성적인 라이프스타일 콘텐츠로 엮어내는 분들이 DUFT&DOFT와 결이 잘 맞을 것 같습니다.,"이메일 도메인 dreamcos.co.kr이 운영사(제너럴브랜즈)와 상이 — 연관 계열사 메일로 추정, 수신자 확인 권장. CSV 비고상 제휴·해외사업제안 전용 메일로 명시됨(발송 적합)",대표브랜드 더프트앤도프트(DUFT&DOFT)·노우라이(NOLIE). 향수/바디케어. 푸터 명시 제휴·해외사업제안 메일. CS 070-8656-3,duftndoft_official,,,,,,,,,,,웹조사,
122,뷰티,LBB,cs@lbbkorea.com,라부티크블루,높음,브랜드도메인,적합,초안,"립과 블러셔처럼 착장 포인트가 되는 아이템은 코디 콘텐츠에서 빛을 발하다 보니, 메이크업을 스타일링의 일부로 다루는 분들이 LBB에 어울린다고 생각합니다.",제휴/입점 전용 메일 미노출 — cs@ 대표 CS메일로 발송 시 담당자 연결까지 시간 소요될 수 있음,대표브랜드 LBB(라부티크블루). 공식 도메인 CS메일. 제휴/입점 전용 메일은 미노출이라 대표 CS메일 기재,,,,,,,,,,,,웹조사,
123,뷰티,원씽,onething@onething.kr,원씽,높음,회사도메인,적합,초안,클렌징과 에센스처럼 기초 단계의 효과를 꾸준히 보여주는 분들이 원씽과 잘 맞을 것 같습니다.,,브랜드에셋 매칭,,,,,,,,,,,,기존DB,
124,뷰티,샤이샤이샤이,mkt3@shaishaishai.kr,파인크로스,높음,브랜드도메인,적합,초안,"선케어는 야외 데일리 룩과 자연스럽게 엮일 때 설득력이 생긴다고 보아, 아웃도어·일상 콘텐츠를 즐겨 다루는 분들이 샤이샤이샤이에 어울린다고 생각합니다.",,"파인크로스(주), 브랜드 '샤이샤이샤이'. 마케팅(mkt) 메일 우선. 일반문의 info@shaishaishai.kr, 글로벌영업 globals",shaishaishai_official,,,,,,,,,,,웹조사,
125,뷰티,아이젤,eyesel01@naver.com,아이젤,높음,일반메일,적합,초안,"아이라이너와 아이섀도 같은 눈가 메이크업은 클로즈업 표현력이 중요하다 보니, 아이 메이크업을 중점적으로 다루는 분들이 아이젤과 잘 맞을 것 같습니다.",,대표브랜드 EYESEL(아이젤). [개인메일] naver. 자사몰 푸터 표기 메일,,,,,,,,,,,,웹조사,
126,뷰티,메디온,biz@medion.kr,미디온그룹,높음,회사도메인,적합,초안,"메디온 바디케어 라인에는, 바디 루틴을 생활 습관과 함께 꾸준히 소개하는 분들이 어울린다고 생각합니다.","미디온그룹은 의료기기·건강보조식품 계열도 운영하므로 메일에서 의약/의료 연관성 언급 금지, 바디케어 라인만 소구할 것. biz@medion.kr 도메인이 medinon.de(독일 의료기기사)와 혼동될 수 있어 수신처 재확인 권장.",운영브랜드 비바코리아·골드베베·더웨일 등 8개. 'biz' 비즈니스 제휴 문의 메일 (CS보다 우선),medion_official,,,,,,,,,,,웹조사,
127,뷰티,뷰디아니,hello@beaudiani.com,연지코스메틱,높음,브랜드도메인,적합,초안,"세럼과 크림 중심의 스킨케어는 피부 변화를 시간순으로 담아낼 때 신뢰가 쌓이다 보니, 꾸준한 스킨케어 루틴 콘텐츠를 다루는 분들이 뷰디아니와 잘 맞을 것 같습니다.",,,beaudiani_official,,,,,,,,,,,https://beaudiani.com/,
128,뷰티,헤어플러스,marketing@hairplus.co.kr,헤어플러스,높음,브랜드도메인,적합,초안,두피 관리와 헤어 에센스 루틴을 생활 밀착형으로 풀어가시는 분들을 찾고 있습니다.,,"운영사 (주)수아름. 마케팅제휴 전용메일. 별도: 대량구매/수출 export@hairplus.co.kr, CS cs@hairplus.co.kr",,,,,,,,,,,,웹조사,
129,뷰티,아이소브,info@isov.co.kr,아이소브,높음,브랜드도메인,적합,초안,"저자극·장벽케어 제품은 민감 피부 경험을 솔직하게 나누는 콘텐츠에서 신뢰를 얻는다고 보아, 피부 트러블과 진정 루틴을 다루는 분들이 아이소브와 잘 맞을 것 같습니다.",,,isov__official,,,,,,,,,,,https://isov.co.kr/,
130,뷰티,러붐,yhp0111@luvum.co.kr,바이잇,높음,브랜드도메인,적합,초안,"앰플과 마스크팩처럼 집중 케어 아이템은 주기적인 사용 후기가 설득력이 있다 보니, 스킨케어 변화 과정을 꾸준히 기록하는 분들이 러붐에 어울린다고 생각합니다.","이메일이 yhp0111@luvum.co.kr — 개인 이니셜형 계정으로 추정, 담당자 이탈 시 수신불가 위험. 발송 전 활성 여부 확인 권장.",[브랜드불일치 의심] byit.co.kr는 IT/기술 솔루션사로 보이며 화장품 브랜드 여부 미확인. 화장품 브랜드 '바이잇' 자사몰을 특정하지,luvum_official,,,,,,,,,,,https://luvum.co.kr/,
131,뷰티,지쿱,master@generalbio.co.kr,제너럴바이오,높음,브랜드도메인,적합,초안,지쿱에는 피부 외용 제품과 일상 스킨케어를 함께 다루며 건강한 라이프스타일을 자연스럽게 소개하는 분들이 잘 맞을 것 같습니다.,"제너럴바이오는 건강기능식품·이너뷰티 비중이 높아 '뷰티 인플루언서 협업'이 어색할 수 있음. 메일에서 이너뷰티·기능성 소재 과학적 효능 표현 주의, 스킨케어/외용 제품 중심으로 소구 권장.","대표브랜드 지쿱(GCOOP)·케어셀라. 제휴전용 메일 미노출, 회사 대표(master) 메일만 확인됨",,,,,,,,,,,,웹조사,
132,뷰티,스킨나인,skinine@skinine.co.kr,스킨나인코스메틱,높음,브랜드도메인,적합,초안,"스킨나인에 어울리는 분들은, 클린뷰티 루틴을 진정성 있게 풀어내며 성분 이야기를 자연스럽게 다룰 수 있는 스킨케어 채널이라고 생각합니다.",,,,,,,,,,,,,,https://skinine.co.kr/,
133,뷰티,엘씨드,lseed20@lseed-int.com,엘씨드인터내셔널,높음,회사도메인,적합,초안,"엘씨드가 글로벌 시장을 겨냥한 브랜드인 만큼, 세럼·앰플 콘텐츠를 세련된 시각으로 풀어내며 해외 팔로워 비중도 갖춘 분들과 잘 맞을 것 같습니다.",,,lseed_official,,,,,,,,,,,https://lseed.co.kr/,
134,뷰티,뮤드,mude_global@mude.co.kr,뮤드메이트,높음,브랜드도메인,적합,초안,뮤드에는 립이나 베이스 메이크업을 착장과 함께 감각적으로 소화하는 색조 콘텐츠 크리에이터가 어울린다고 생각합니다.,,운영사 주식회사 뮤드메이트(브랜드 뮤드/MUDE). mude_global@mude.co.kr은 해외문의 공식도메인. 대표문의는 mude.cosm,mude_official,,,,,,,,,,,웹조사,
135,뷰티,내추럴더마프로젝트,partner@naturaldermaproject.com,유비아이코퍼레이션,높음,브랜드도메인,적합,초안,"자연유래 성분과 피부 장벽 회복이라는 결을 함께 가져갈 수 있는, 민감성·진정 스킨케어 콘텐츠에 진심인 분들이라면 내추럴더마프로젝트와 잘 맞을 것 같습니다.",,,naturaldermaproject.official,,,,,,,,,,,https://naturaldermaproject.com/,
136,뷰티,볼빅,info@innogene.com,이노진,높음,브랜드도메인,적합,초안,볼빅(두피케어)에는 두피 건강이나 모발 볼륨 루틴을 일상 뷰티 콘텐츠로 풀어내는 헤어·뷰티 채널이 어울린다고 생각합니다.,"볼빅(두피케어) 운영사 이노진(innogene)은 탈모·두피 의약외품 또는 기능성 제품을 취급할 수 있음. 메일에서 '탈모 개선·치료' 등 의학적 효능 표현 절대 금지, '두피 건강·볼륨' 등 일반 뷰티 표현으로만 소구. 볼빅은 스포츠 볼 브랜드와 이름이 동일하니 브랜드명 표기 시 혼동 방지 확인.",대표브랜드 볼빅(탈모케어)·Dr.메디션. 공식 도메인 대표 info 메일,ballvic_official,,,,,,,,,,,웹조사,
137,뷰티,죠이라이프,joylife@joylife.co.kr,주식회사 죠이라이프,높음,브랜드도메인,적합,초안,"스킨케어부터 바디, 헤어, 퍼퓸까지 폭넓은 라인을 갖춘 만큼, 죠이라이프에는 뷰티 전반을 다루며 일상 루틴을 즐겨 소개하는 라이프스타일 뷰티 채널이 잘 맞을 것 같습니다.",,운영사 (주)조이라이프(대표 조애경). 공식도메인 대표문의 메일. 전화 070-8611-6299. 제휴 전용메일은 별도 없음,,,,,,,,,,,,웹조사,
138,뷰티,시바산,info@civasan.com,CIVASAN,높음,회사도메인,적합,초안,"시바산은 문제성 피부 개선에 특화된 브랜드인 만큼, 피부 트러블 개선 경험을 진솔하게 공유하거나 기능성 스킨케어에 관심이 높은 채널과 연결해 B2C 접점을 넓혀보시면 어떨까 하는 생각입니다.",에스테틱·피부과 전문가 채널 중심 브랜드로 B2C 인플루언서 매칭 포지셔닝 설명 필요,브랜드에셋 매칭,,,,,,,,,,,,기존DB,
139,뷰티,더모멘트,themoment@themomentgroup.co.kr,주식회사 더모멘트,높음,브랜드도메인,적합,초안,"기능성 세럼·크림을 다루는 채널이라면, 더모멘트의 코스메슈티컬 라인을 성분 중심으로 짚어줄 수 있는 분들이 잘 어울린다고 생각합니다.",,브랜드에셋 매칭,themoment_official,,,,,,,,,,,기존DB,
140,뷰티,키덤스,kaddums@naver.com,다빈홀딩스,높음,일반메일,적합,초안,"유기농 성분 기반의 영유아·아동 스킨케어 라인인 만큼, 육아 일상과 제품 선택 기준을 함께 나누시는 맘 크리에이터분들과 잘 맞을 것 같습니다.",타깃이 영유아~아동(3-12세) 대상 제품이므로 '맘'·'육아' 인플루언서 채널 매칭 강조 권장,대표브랜드 키덤스(Kiddums). [개인메일] naver. 푸터 개인정보책임자 메일이자 사실상 대표 연락 메일,,,,,,,,,,,,웹조사,
141,뷰티,야다,info@yadahcosmetics.com,주식회사 야다,높음,회사도메인,적합,초안,"비건 클린뷰티라는 철학을 자신의 라이프스타일로 자연스럽게 표현할 수 있는 분들이라면, 야다의 트러블케어·클렌저 라인과 결이 맞을 것 같습니다.",,브랜드에셋 매칭,,,,,,,,,,,,기존DB,
142,뷰티,새로핸즈,saero@saero.co.kr,주식회사 새로핸즈,높음,회사도메인,적합,초안,"새로핸즈에는 향수나 캔들 제품을 직접 제작·체험해 보는 DIY 콘텐츠 크리에이터가 어울리며, 신제품에 대한 소비자 반응을 직접 테스트해볼 수 있는 채널로 소구하시면 좋을 것 같습니다.",B2B 제조사 성격이 강함. 소비자 브랜드가 아닌 ODM 파트너사이므로 메일 소구 포인트를 '브랜드 인지도 확산' 보다 '신제품 소비자 반응 테스트 채널'로 재설정 권장,브랜드에셋 매칭,,,,,,,,,,,,기존DB,
143,뷰티,코나드,marketing@konadnail.com,주식회사 코나드,높음,브랜드도메인,적합,초안,코나드에는 네일아트 스탬핑이나 젤네일 DIY를 즐겨 다루는 네일 전문 크리에이터가 잘 어울린다고 생각합니다.,,브랜드에셋 매칭,konadnail,,,,,,,,,,,기존DB,
144,뷰티,바이플레이,byplay@byplay.co.kr,바이플레이 주식회사,높음,브랜드도메인,적합,초안,바이플레이에는 세럼·토너 등 기초 스킨케어 루틴을 성실하게 기록하며 브랜드 감도가 높은 분들이 잘 맞을 것 같습니다.,,,byplay_official,,,,,,,,,,,https://byplay.co.kr/,
145,뷰티,파뮤,online@femmue.com,"주식회사 파뮤(FEMMUE CO., LTD.)",높음,회사도메인,적합,초안,"니치 프리미엄 제품의 결을 섬세하게 전달할 수 있는, 스킨케어 루틴을 감도 있게 큐레이션하는 분들이 파뮤와 잘 맞을 것 같습니다.",,브랜드에셋 매칭,,,,,,,,,,,,기존DB,
146,뷰티,티암,ad@tiam.co.kr,STORiiY 주식회사,높음,회사도메인,적합,초안,비타민C·나이아신아마이드 성분에 관심 많은 분들이라면 티암의 기능성 라인을 성분 중심으로 풀어줄 수 있는 스킨케어 채널과 연결이 자연스럽다고 생각합니다.,,운영사 파이어웍스 / [정정 2026-06-11],,,,,,,,,,,,,
147,뷰티,스킨큐어,cs@skincure.co.kr,스킨큐어(주),높음,브랜드도메인,적합,초안,"민감성 피부나 저자극 루틴을 직접 경험하며 소개하는 분들이, 스킨큐어의 더마코스메틱 포지셔닝을 신뢰감 있게 전달할 수 있다고 생각합니다.",,브랜드에셋 매칭,,,,,,,,,,,,기존DB,
148,뷰티,물다,moolda-m@artfacekorea.com,아트페이스,높음,브랜드도메인,적합,초안,블러셔·립 메이크업을 일상 착장과 함께 자연스럽게 녹여내는 분들이 물다의 색조 라인과 잘 어울린다고 생각합니다.,,,,,,,,,,,,,,https://www.artfacekorea.com,
149,뷰티,라샘,lasaemcos@naver.com,라샘코스메틱,높음,일반메일,적합,초안,전문 헤어케어 성분과 살롱 노하우를 일상 루틴으로 풀어내시는 헤어 크리에이터분들과 잘 맞을 것 같습니다.,주 채널이 살롱 B2B인 브랜드이므로 인플루언서 매칭 시 일반 소비자 채널 여부 확인 필요.,헤어/미용 전문 라샘코스메틱(매직스트레이트 등). [개인메일] naver. 자사몰 푸터 표기 메일,,,,,,,,,,,,웹조사,
150,뷰티,멈칫,wrms@mumchit.com,마인드디저트,높음,브랜드도메인,적합,초안,"향기 경험을 라이프스타일 콘텐츠로 풀어내는 분들이라면, 멈칫의 프래그런스 라인의 분위기를 감각적으로 전달할 수 있다고 생각합니다.",,"[마케팅 제휴 메일] 명시. 대표메일 kook@mumchit.com. (주)마인드디저트, 브랜드 멈칫/언더텐/스테들리 운영",mumchit_official,,,,,,,,,,,웹조사,
151,뷰티,나인위시스,help@9wishes.co.kr,(주)나인위시스,높음,회사도메인,적합,초안,비건 뷰티나 클린 스킨케어에 관심 있는 분들을 구독자로 둔 채널이라면 나인위시스의 포지셔닝과 자연스럽게 맞닿을 것 같습니다.,,브랜드에셋 매칭,,,,,,,,,,,,기존DB,
152,뷰티,스킨덤,skindom3@naver.com,(주)스킨덤,높음,일반메일,적합,초안,피부과학 기반 성분 이야기를 소비자 언어로 풀어내시는 분들을 찾고 있습니다.,주 채널이 피부관리샵 B2B인 브랜드이므로 소비자 채널 대상 인플루언서 마케팅 여부 확인 필요.,"[개인메일] 일반 CS·개인정보담당 겸용. 별도 제휴메일 없음. 대체 sdcosmetic@hanmail.net. (주)스킨덤, 사업자 822-8",,,,,,,,,,,,웹조사,
153,뷰티,BOM,bom_official@bstarlit.com,비스타릿,높음,회사도메인,적합,초안,틴트·아이브로우 등 데일리 메이크업을 착장과 함께 보여주는 분들이 BOM의 색조 라인과 잘 어울린다고 생각합니다.,,(주)비스타릿이 운영하는 BOM(Beauty of Majesty) 브랜드몰 푸터의 개인정보담당자 메일. 마케팅/제휴 전용 메일 별도 미표기. 사,bomcosmetics_official,,,,,,,,,,,웹조사,
154,뷰티,일론,office@illon.co.kr,일론(주),높음,회사도메인,적합,초안,"피부 기기나 코스메슈티컬 성분에 전문성을 갖춘 분들이라면, 일론의 마이크로커런트 연계 라인을 신뢰도 있게 소구할 수 있다고 생각합니다.",디바이스 연계 기능성 브랜드 특성상 인플루언서 매칭 시 전문성 있는 채널 우선 소구 권장.,브랜드에셋 매칭,,,,,,,,,,,,기존DB,
155,뷰티,앙포레,main@enforetenf.com,(주)앙포레이앤에프,높음,회사도메인,적합,초안,두피 고민이나 두피 루틴을 직접 체험하며 콘텐츠로 풀어내는 분들이 앙포레의 전문 라인과 잘 맞을 것 같습니다.,,"[제휴/공급 문의] 메일. 일반 고객문의는 enforet@enforetmall.co.kr. (주)하이엔포렛, 두피·모발 전문 브랜드, CS 18",enforet_official,,,,,,,,,,,웹조사,
156,뷰티,뮤에이,muei@dosados.co.kr,도스어도스,높음,회사도메인,적합,초안,"손상 모발 케어나 헤어 리페어 루틴을 꼼꼼하게 다루는 분들이라면, 뮤에이의 바이오미메틱 성분을 설득력 있게 전달할 수 있다고 생각합니다.",,,muei_official,,,,,,,,,,,https://muei.co.kr/,
157,뷰티,제이준코스메틱,cs@jayjun.co.kr,차AI헬스케어,높음,브랜드도메인,적합,초안,마스크팩을 스킨케어 루틴 안에서 자연스럽게 활용하는 콘텐츠를 다루는 분들이 제이준코스메틱과 잘 어울린다고 생각합니다.,운영사가 차병원그룹 계열 AI헬스케어 법인으로 사명 변경됨. 브랜드명 '제이준코스메틱'으로 표기하되 회사명 언급 시 주의.,대표브랜드 제이준(JAYJUN). 푸터 확인 메일은 cs@jayjun.co.kr. 검색상 marketing@jayjun.co.kr(제휴/마케팅),jayjun_official,,,,,,,,,,,웹조사,
158,뷰티,웰킨,Kbeauty@kobizstar.com,코비스타,높음,회사도메인,적합,초안,"두피 고민이나 탈모 케어를 솔직하게 기록하는 분들이라면, 웰킨의 고농축 두피 케어 라인을 진정성 있게 소개할 수 있다고 생각합니다.",,"대표브랜드: 웰킨(WELKIN) 두피·탈모센터/코스메틱, 솔랩(Solep). 두피·탈모 전문기업, 영문명 Kobizstar, 대표 강애선. Kb",wellkin_official,,,,,,,,,,,웹조사,
159,뷰티,나르카,global@uncmhm.com,언커먼홈,높음,브랜드도메인,적합,초안,"헤어 텍스처와 윤기 변화를 영상으로 자연스럽게 보여줄 수 있는 분들이, 나르카의 헤어케어 라인과 잘 맞을 것 같습니다.",,"글로벌 제휴(partnership) 전용. 일반문의는 contact@uncmhm.com. 운영사 (주)언커먼홈, 사업자 304-86-02618",narka.official,,,,,,,,,,,웹조사,
160,뷰티,멜릭서,info@melixir.com,주식회사 멜릭서,높음,회사도메인,적합,초안,"비건·클린뷰티에 진심인 라이프스타일을 다루는 분들이라면, 멜릭서의 프리미엄 비건 스킨케어 가치를 진정성 있게 전달해 주실 수 있을 것 같습니다.",,브랜드에셋 매칭,,,,,,,,,,,,기존DB,
161,뷰티,츄니,choonee@ikdno.com,아이케이,높음,브랜드도메인,적합,초안,"색조 제품은 실착 컷과 발색 비교가 설득력의 핵심이라, 메이크업 과정을 즐겨 다루는 분들이 츄니에 어울린다고 생각합니다.",,"대표브랜드: 츄니(Choonee), 더블앤제로(Double&Zero), 비쥬포슈. (주)아이케이 화장품 운영사(대표 최선식). ikdno.com",,,,,,,,,,,,웹조사,
162,뷰티,MATRIGEN,cosmocnt20@naver.com,메트리젠(MATRIGEN),높음,일반메일,적합,초안,"탄력·항노화 스킨케어는 시간을 두고 변화를 기록해 주시는 분들이 전달력이 높다 보니, MATRIGEN에는 피부 관리 루틴을 꾸준히 콘텐츠화하는 분들이 어울린다고 생각합니다.",대표 이메일이 네이버 일반메일(cosmocnt20@naver.com)임. 실제 담당자 여부 사전 확인 권장.,운영사 메조팜/모회사 코스모C&T 계정 / [2026-06-11] 업체명->브랜드명,matrigen_official,,,,,,,,,,,기존DB,
163,뷰티,올리크,inform@orlic.co.kr,메타폴라아로마,높음,브랜드도메인,적합,초안,"COSMOS 인증 클린뷰티는 성분 신뢰가 구매 결정을 좌우하는 만큼, 올리크에는 원료와 성분을 차분하게 소개해 줄 수 있는 분들이 맞을 것 같습니다.",,,,,,,,,,,,,,https://www.orlic.co.kr,
164,뷰티,밀리밀리,marketing@millius-corp.com,밀리어스,높음,회사도메인,적합,초안,"스킨·헤어·바디를 하나의 루틴으로 엮어 보여줄 수 있는 분들이라면, 밀리밀리의 단백질 케어 라인 전반을 자연스럽게 소구해 주실 수 있다고 생각합니다.",,"대표브랜드: 밀리밀리(milli²), 어니스트바디, 오-락토. (주)밀리어스(대표 유민혜). marketing@millius-corp.com이",millimilli.official,,,,,,,,,,,웹조사,
165,뷰티,자연나라,csg0907@nature1770.com,자연나라,높음,브랜드도메인,적합,초안,"한방·천연 성분에 관심 있는 분들을 주 시청층으로 두신 분들이, 자연나라의 스킨케어 라인과 결이 맞을 것 같습니다.",이메일(csg0907@nature1770.com) 앞자리가 개인코드 형태로 담당자 직통 여부 불명확. 발송 전 수신인 직함 확인 권장.,동명 다수(식품·건강식품 위주)로 화장품/뷰티 브랜드 자사몰 특정 불가. 확실한 이메일 없음,,,,,,,,,,,,https://nature1770.com/,
166,뷰티,피몽쉐,retail@edkspa.com,이디케이스파솔루션,높음,회사도메인,적합,초안,"홈케어를 스파 수준으로 끌어올리는 루틴 콘텐츠를 즐겨 다루시는 분들이, 피몽쉐의 스파 전문 스킨케어와 잘 맞을 것 같습니다.",,대표브랜드: 피몽쉐(Phymongshe) 에스테틱. (주)이디케이스파솔루션(대표 이현미). retail@edkspa.com=소매/입점 문의(개인,phymongshe_official,,,,,,,,,,,웹조사,
167,뷰티,에끌라두,service@ecladoplus.co.kr,레스큐어,높음,브랜드도메인,적합,초안,"마이크로바이옴·시카·비타민 등 성분 기반 제품은 피부 고민별 비교 콘텐츠에서 빛을 발하다 보니, 에끌라두에는 기능성 스킨케어를 분석적으로 다루는 분들이 어울린다고 생각합니다.",,레스큐어는 에끌라두(ECLADO) 제품 라인. ecladoplus 공식몰 CS/개인정보 메일. 브랜드 본사이트 CONTACT은 laonjoy@n,eclado_official,,,,,,,,,,,웹조사,
168,뷰티,닥터하스킨,tech@drhaskin.co.kr,닥터하스킨주식회사,높음,회사도메인,적합,초안,"천연 원료 기반의 비누와 바디케어에 진정성을 담아 소개해 주실 수 있는 분들이, 닥터하스킨과 잘 맞을 것 같습니다.",제품라인에 여성청결제(페미닌 라인) 포함. 메일 본문에서 페미닌케어 직접 언급 금지. 천연비누·스킨케어·바디케어 라인만 소구할 것.,브랜드에셋 매칭,,,,,,,,,,,,기존DB,
169,뷰티,트로이아루케,sisology.official@gmail.com,시스랩코퍼레이션,높음,일반메일,적합,초안,"더마 에스테틱 라인은 피부과적 접근을 라이프스타일 언어로 풀어내는 힘이 중요하다 보니, 트로이아루케에는 스킨케어를 전문적이면서도 친근하게 전달하는 분들이 어울린다고 생각합니다.",,"[개인메일] 대표브랜드: 트로이아루케(TROIAREUKE), 트로이펠, 시스올로지(sisology), 밀리맘. 시스랩코퍼레이션(주)(대표 김정하",troiareuke,,,,,,,,,,,웹조사,
170,뷰티,프롬리에,business@fromrier.com,이닛컴퍼니,높음,브랜드도메인,적합,초안,"선케어는 계절과 야외 활동 콘텐츠에 자연스럽게 녹아드는 카테고리라, 데일리 아웃도어 루틴을 다루는 분들이 프롬리에와 잘 맞을 것 같습니다.",,,fromrier.official,,,,,,,,,,,https://fromrier.com/,
171,더마,위즈메디,info@wizmedi.kr,위즈메디,높음,브랜드도메인,적합,초안,"코스메슈티컬 스킨케어는 성분의 신뢰도가 구매 결정을 이끄는 만큼, 위즈메디에는 피부 과학적 근거를 쉽게 풀어 전달하는 분들이 어울린다고 생각합니다.",필러·부스터·보툴리눔 등 의료기기/의약품 제품 직접 언급 금지. 코스메슈티컬 화장품 라인만 소구할 것.,"(주)위즈메디 더마코스메틱, 대표 최용훈, 사업자 195-88-00816. 본사 대표 이메일(공식도메인)",wizmedi_official,,,,,,,,,,,웹조사,
172,뷰티,요거트네일,willucorp@willucorp.kr,윌유코퍼레이션,높음,회사도메인,적합,초안,"젤네일 컬러와 텍스처는 영상 클로즈업 한 컷에서 구매욕이 결정되다 보니, 네일 아트와 셀프 네일 과정을 즐겨 다루는 분들이 요거트네일과 잘 맞을 것 같습니다.",,"대표브랜드: 요거트네일/요거트젤(Yogurtnail), 아쿠아니치. (주)윌유코퍼레이션(대표 고효석). 뷰티·헬스케어 글로벌 브랜드사. will",yogurtnail_official,,,,,,,,,,,웹조사,
173,제약,세포랩,fugen_md@fugenbio.co.kr,퓨젠바이오,중간,,적합,초안,바이오제닉 에센스로 누적 성과를 쌓아온 세포랩과 같이 성분 중심 라인을 인플루언서 후기로 확장하는 방안을 제안드리고 싶습니다.,,,,,,,,,,,,,,,
174,뷰티,파넬,eleven@11corp.co.kr,일레븐코퍼레이션,중간,,적합,초안,클린뷰티 성분을 내세운 파넬 시카마누 라인과 같이 베이스메이크업 후기를 인플루언서로 넓히는 협업을 제안드립니다.,,,,,,,,,,,,,,,
175,뷰티,원진이펙트,beautyskin@beautyskincorp.co.kr,뷰티스킨,중간,,적합,초안,임상 노하우 기반의 원진이펙트와 같이 자체 스킨케어 라인을 인플루언서 후기로 확장하는 방안을 제안드리고 싶습니다.,,,,,,,,,,,,,,,
176,뷰티,이데넬,srjsy0801@gmail.com,에스알바이오텍,중간,,적합,초안,피부재생 소재 알텀 기반의 이데넬과 같이 더마 라인 후기를 인플루언서로 확장하는 협업을 조심스럽게 제안드립니다.,"에스알바이오텍(srbiotek.com) 소비자 브랜드 이데넬, 다만 피부과 전문몰 중심 채널이고 제시 이메일 srjsy0801@gmail.com은 개인 지메일로 ",,,,,,,,,,,,,,
177,뷰티,오샤르,koreacnb@koreacandb.com,한국씨앤비,중간,,적합,초안,오샤르의 아이크림·스킨케어 라인이 영상으로 결을 보여주기 좋은 제품이라 생각합니다,,,,,,,,,,,,,,,
178,뷰티,액티브레이어,cosmoreplus@cosmoreplus.com,코스모어플러스,중간,,적합,초안,녹는 콜라겐 필름의 즉각적인 변화가 영상으로 담기 좋은 결을 가졌다고 생각합니다,,,,,,,,,,,,,,,
179,뷰티,와칸,business@soky.kr,소키씨앤티,중간,,적합,초안,와칸의 천연 헤어·바디 케어 라인이 일상 루틴 콘텐츠와 잘 어울린다고 생각합니다,"운영사 (주)소키와칸/소키씨앤티, soky.kr=소키 도메인 일치 추정, 헤어염모제 중심이라 뷰티 적합도는 제한적이나 라쿰 향·핸드크림 등 라인 존재",,,,,,,,,,,,,,
180,뷰티,테라비코스,hpncmall@hpnc.co.kr,에이치피앤씨,중간,,적합,초안,테라비코스의 코스메슈티컬 스킨케어가 진정성 있는 후기 콘텐츠와 어울린다고 생각합니다,"hpnc.co.kr 공식=이메일 도메인 일치, 자사 스킨케어 브랜드 테라비코스 보유하나 의약품·소독제 등 비뷰티 비중 커 주의",,,,,,,,,,,,,,
181,뷰티,아름다운나라화장품,webmaster@anaclimall.com,아름다운,중간,,적합,초안,피부과학 기반 토너·앰플 라인이 피부 결 콘텐츠와 잘 맞는다고 생각합니다,,,,,,,,,,,,,,,
182,뷰티,프렌치파머시,sindopng@sindopng.com,신도피앤지,중간,,적합,초안,마스크팩 라인의 데일리 케어가 루틴 콘텐츠와 잘 어울린다고 생각합니다,,,,,,,,,,,,,,,
183,뷰티,뷰앤디,marketing@globient.kr,글로비언트,중간,,적합,초안,"홈케어 뷰티 디바이스로 빠르게 성장한 뷰앤디와 같이, 일상 속 자기관리 루틴을 보여주는 크리에이터 매칭이 잘 맞을 것이라 생각합니다.",,,,,,,,,,,,,,,
184,뷰티,JAS,peoplenco@daum.net,피플앤코,중간,,적합,초안,"색조와 스킨케어를 함께 다루는 JAS와 같이, 메이크업 데일리 콘텐츠 크리에이터 매칭이 잘 맞을 것이라 생각합니다.",,,,,,,,,,,,,,,
185,뷰티,쌔뮤,sales@samchic.co.kr,쌤시크코스메틱,중간,,적합,초안,"메이크업 전 피부 컨디션을 다듬는 쌔뮤와 같이, 스킨케어 루틴을 소개하는 크리에이터 매칭이 잘 맞을 것이라 생각합니다.",,,,,,,,,,,,,,,
186,뷰티,뷰애드,beauadd@beauadd.com,뷰애드,중간,,적합,초안,"스킨케어와 향 라인을 함께 전개하는 뷰애드와 같이, 데일리 뷰티 콘텐츠 크리에이터 매칭이 잘 맞을 것이라 생각합니다.",,,,,,,,,,,,,,,
187,제약,제로시피,km7177@kmkmp.com,케이엠제약,중간,,적합,초안,"두피와 피부 고민을 함께 다루는 제로시피와 같이, 데일리 케어 루틴 크리에이터 매칭이 잘 맞을 것이라 생각합니다.",kmkmp.com·zerocipe.com 확인: 케이엠제약은 구강케어·생활용품 비중 큰 제약/생활기업이나 자사 스킨케어 브랜드 제로시피 보유. 제품군 혼재로 주의,,,,,,,,,,,,,,
188,뷰티,화미사,cs@ensbeauty.com,이엔에스코리아,중간,,적합,초안,"천연 발효 스킨케어로 해외에서도 인정받은 화미사와 같이, 클린뷰티 루틴 크리에이터 매칭이 잘 맞을 것이라 생각합니다.",,,,,,,,,,,,,,,
189,뷰티,파머스초이스,fgk-1@hanmail.net,파머스그레인코리아,중간,,적합,초안,"천연원료 중심의 파머스초이스와 같이, 자연주의 스킨케어 루틴 크리에이터 매칭이 잘 맞을 것이라 생각합니다.",,,,,,,,,,,,,,,
190,뷰티,프롬더스킨,biomoa_@naver.com,바이오모아메디칼,중간,,적합,초안,맑고 환한 피부 결을 고민하는 분들과 함께하기 좋은 스킨케어 라인이라 생각합니다.,,,,,,,,,,,,,,,
191,뷰티,MJ Care,mijin_kor@mjcare.co.kr,미진화장품,중간,,적합,초안,매일 쓰기 좋은 마스크팩과 스킨케어를 찾는 분들과 어울리는 라인이라 생각합니다.,,,,,,,,,,,,,,,
192,뷰티,엘리메르,ryeohk@beautyairport.co.kr,뷰티에어포트,중간,,적합,초안,한국 화장품을 가볍게 즐기고 싶은 분들과 어울리는 라인이라 생각합니다.,,,,,,,,,,,,,,,
193,뷰티,키라니아,info@creativewith.kr,크리에이티브위드,중간,,적합,초안,가족이 함께 안심하고 쓸 자연 유래 케어를 찾는 분들과 어울리는 라인이라 생각합니다.,,,,,,,,,,,,,,,
194,뷰티,원데이즈유,sales@oukorea.com,오유인터내셔널,중간,,적합,초안,기능성 스킨케어를 꾸준히 찾게 하는 원데이즈유의 결을 인플루언서 콘텐츠로 함께 풀어보면 좋겠다고 생각합니다,,,,,,,,,,,,,,,
195,뷰티,유니앤코어,unincore@unincore.com,유니앤코어,중간,,적합,초안,과학 기반 스킨케어와 웰니스를 함께 다루는 유니앤코어의 결을 인플루언서 콘텐츠로 자연스럽게 풀어보면 좋겠다고 생각합니다,,,,,,,,,,,,,,,
196,뷰티,웰빙헬스팜 고운발,whb0705@whp.co.kr,웰빙헬스팜,중간,,적합,초안,발 각질·보습 케어를 꾸준히 챙기는 분들과 고운발의 결을 인플루언서 콘텐츠로 함께 풀어보면 좋겠다고 생각합니다,,,,,,,,,,,,,,,
197,뷰티,DPC,yacoche@makeastosay.com,엠에스코,중간,,적합,초안,홈케어 뷰티 디바이스와 화장품을 함께 다루는 DPC의 결을 인플루언서 콘텐츠로 자연스럽게 풀어보면 좋겠다고 생각합니다,,,,,,,,,,,,,,,
198,뷰티,보스티나,af100@naver.com,더뷰,중간,,적합,초안,홈쇼핑에서 사랑받는 보스티나의 헤어·뷰티 라인을 인플루언서 콘텐츠로 함께 풀어보면 좋겠다고 생각합니다,"thebeau.co.kr 공식=더뷰의 보스티나 브랜드, 다만 주력이 새치염색약(염모제=민감군)이라 주의, af100@naver.com은 공식 도메인 아님",,,,,,,,,,,,,,
199,뷰티,씨유스킨,301927@cuskin.co.kr,씨유스킨,중간,,적합,초안,피부과학 기반 코스메슈티컬을 다루는 씨유스킨의 결을 인플루언서 콘텐츠로 자연스럽게 풀어보면 좋겠다고 생각합니다,,,,,,,,,,,,,,,
200,뷰티,베몽테스,vemontes1@gmail.com,제이에이치인터네셔널,중간,,적합,초안,민감 피부 결을 정돈하는 베몽테스의 케어 라인이 뷰티 크리에이터 콘텐츠와 잘 맞는다고 생각합니다.,,,,,,,,,,,,,,,
201,플랫폼,콤마나인,official@jsnlab.com,제이에스엔랩,중간,,적합,초안,휴식과 케어를 함께 담은 콤마나인의 스페셜 케어 라인이 뷰티 콘텐츠와 잘 어울린다고 생각합니다.,,,,,,,,,,,,,,,
202,뷰티,로제,roseeb2017@naver.com,로제화장품,중간,,적합,초안,로제의 데일리 스킨케어 라인이 뷰티 크리에이터 콘텐츠와 잘 맞는다고 생각합니다.,,,,,,,,,,,,,,,
203,뷰티,베르가모,jy.kim@lkcos.com,엘케이코스메틱,중간,,적합,초안,베르가모의 성분 중심 스킨케어 라인을 인플루언서 콘텐츠로 자연스럽게 풀어내는 방식을 함께 고민해보면 좋겠다고 생각합니다.,,,,,,,,,,,,,,,
204,뷰티,나인밀라,ninemila@naver.com,기린화장품,중간,,적합,초안,나인밀라 헤어케어 라인을 사용 후기 중심의 인플루언서 콘텐츠로 풀어보는 협업을 함께 생각해보면 좋겠습니다.,,,,,,,,,,,,,,,
205,뷰티,VIP코스메틱,ohjehyuk@naver.com,제이에이치코리아,중간,,적합,초안,VIP코스메틱이 다루는 뷰티 라인업을 인플루언서 채널과 연결하는 방향을 조심스럽게 제안드려 봅니다.,제이에이치코리아(대표 오제혁) 운영 화장품 유통몰 VIP코스메틱(vipcosmetics.co.kr). 다만 자사 단일브랜드 아닌 유통몰이라 적합도 약함. 주어진 ,,,,,,,,,,,,,,
206,뷰티,하루뷰티,romanalady@naver.com,로마나,중간,,적합,초안,하루뷰티가 강조하는 생활습관 기반 스킨케어 메시지를 인플루언서 스토리텔링과 연결해보는 협업을 함께 그려보면 좋겠습니다.,,,,,,,,,,,,,,,
207,뷰티,제이스 레시피,jsrecipe.info@gmail.com,제이스 레시피,중간,,적합,초안,제이스 레시피의 저자극·EWG 등급 라인을 인플루언서 리뷰 콘텐츠로 자연스럽게 소개하는 방향을 함께 생각해보면 좋겠습니다.,,,,,,,,,,,,,,,
