구분,회사명,ICP세부,홀,부스번호,이메일,전화,웹사이트,신뢰도,플래그,검증,판단근거,상세페이지
Tier A,TREEANNSEA 트리앤씨,스킨케어,134,134,global@treeannsea.co.kr,070-4138-3777,http://www.treeannsea.us,high,,,"극한환경 원료 클린뷰티 자체 브랜드, 대표제품 사막소금 팩클렌저 등 소비자 대상 비건 스킨케어 판매.",https://www.intercharmkorea.com/ko-kr/exhibitor_directory/Exhibitor_detail.treeannsea%20%ED%8A%B8%EB%A6%AC%EC%95%A4%EC%94%A8.org-64880cf6-f1da-490a-b79e-6147eeb8b119.html
Tier A,(주)더제이알,스킨케어,A,A-A04,thejrinc17@gmail.com,07076262201,https://www.polocosmetic.com,high,,,"남성 스킨케어 전문 자체 브랜드로 홈쇼핑 단일제품 200억 매출, 소비자 완제품 라인업 보유.",https://www.intercharmkorea.com/ko-kr/exhibitor_directory/Exhibitor_detail.%EC%A3%BC%EB%8D%94%EC%A0%9C%EC%9D%B4%EC%95%8C.org-63fc5959-62bd-4f14-97a2-f3f43ba890d0.html
Tier A,(주)본플렉스,헤어,A,A-A08,ellaplex@ellaplex.com,+82 10-6710-3368,https://www.wechat.com/bonplex01,high,,,"프리미엄 헤어케어 자체 브랜드 BONPLEX·ELLAPLEX 보유, 손상모 케어 완제품 소비자 대상.",https://www.intercharmkorea.com/ko-kr/exhibitor_directory/Exhibitor_detail.%EC%A3%BC%EB%B3%B8%ED%94%8C%EB%A0%89%EC%8A%A4.org-30b2f9e8-61a6-44cc-9258-c2a638c914b0.html
Tier A,㈜프롬비건,스킨케어,A,A-A15,cdysr@fromvegan.co.kr,01077542537,https://www.chorokchorong.com,high,indie,,"비건 스킨케어 자체 브랜드 CHOROK CHORONG 보유, 올리브영 기준 클린뷰티 소비자 브랜드.",https://www.intercharmkorea.com/ko-kr/exhibitor_directory/Exhibitor_detail.%ED%94%84%EB%A1%AC%EB%B9%84%EA%B1%B4.org-4617d5dd-e937-4ce1-9cab-a5454fb4970e.html
Tier A,벨플라워,스킨케어,A,A-A20,bellflower.cs@gmail.com,031-901-0144,https://bellflowercos.com/,high,export,,2018년 브랜드 런칭 후 세럼·크림·선스크린 등 자체 스킨케어 라인을 13개국에 출시한 소비자 브랜드.,https://www.intercharmkorea.com/ko-kr/exhibitor_directory/Exhibitor_detail.%EB%B2%A8%ED%94%8C%EB%9D%BC%EC%9B%8C.org-a40bef78-fa0a-4865-8ca7-92ea9bc2eb59.html
Tier A,주식회사 보타닉센스,스킨케어,A,A-A21,info@botanicsens.com,1666-6536,https://www.botanicsens.com/,high,,,BOTANICSENS/KYPHI 두 자사 브랜드로 27종 제품을 보유한 소비자 더마 스킨케어 브랜드.,https://www.intercharmkorea.com/ko-kr/exhibitor_directory/Exhibitor_detail.%EC%A3%BC%EC%8B%9D%ED%9A%8C%EC%82%AC%20%EB%B3%B4%ED%83%80%EB%8B%89%EC%84%BC%EC%8A%A4.org-a0c4fce1-5655-4d19-a26d-96d797805d14.html
Tier A,누셀리크,더마,A,A-B03,soisintl.biz@gmail.com,01035848277,https://nuselique.co.kr/,high,,,"NAD+ 기반 더마 코스메틱 자체 브랜드(NADIENCE+), 데일리 홈케어 소비자 라인 명확.",https://www.intercharmkorea.com/ko-kr/exhibitor_directory/Exhibitor_detail.%EB%88%84%EC%85%80%EB%A6%AC%ED%81%AC.org-d3bd0daf-db5e-470a-9adb-6fc6966e95ab.html
Tier A,CLAIRLISSE,더마,A,A-B07,,,,medium,indie,uncertain,"민감피부용 자체 스킨케어 브랜드 클레어리스, 소비자 일상 케어 지향(website 미상).",https://www.intercharmkorea.com/ko-kr/exhibitor_directory/Exhibitor_detail.clairlisse.org-271329a5-9639-446e-8547-e39dce242a32.html
Tier A,DEWVERO,스킨케어,A,A-B08,nscompany123@naver.com,010-7139-2569,http://www.dewvero.com,high,,,"에스테틱 노하우 기반 홈케어 자체 브랜드 '듀베로', 소비자 대상 기초 스킨케어 제품 판매.",https://www.intercharmkorea.com/ko-kr/exhibitor_directory/Exhibitor_detail.dewvero.org-ddbddf40-d4af-4c03-b2f4-1535e46e4027.html
Tier A,LANNUE,스킨케어,A,A-B11,lannue.cos@gmail.com,070-4210-1301,https://lannue.co.kr/,high,export,,"임상 스킨케어 자체 브랜드, 10개 제품 13개국 수출하는 명확한 소비자 브랜드.",https://www.intercharmkorea.com/ko-kr/exhibitor_directory/Exhibitor_detail.lannue.org-9b9565e5-eeea-4447-9b07-6b62a7d93b51.html
Tier A,celebon,스킨케어/더마,A,A-B12,dhoh@hlmc.co.kr,1544-5455,https://www.celebon.co.kr,high,,,세포투과펩타이드 특허 침투기술 자사몰(celebon.co.kr) 운영하는 소비자 스킨케어 브랜드.,https://www.intercharmkorea.com/ko-kr/exhibitor_directory/Exhibitor_detail.celebon.org-058902fb-548b-41e5-9221-00905bd4ffd3.html
Tier A,matthew chang perfumes,향수,A,A-B13,contact@matthewchangperfumes.com,02-723-1583,https://matthewchangperfumes.com/,high,,,메튜장 자체 향수 브랜드로 소비자 대상 향수 제작·판매.,https://www.intercharmkorea.com/ko-kr/exhibitor_directory/Exhibitor_detail.matthew%20chang%20perfumes.org-6b3d2119-f07a-421f-bb8f-50804653ed7c.html
Tier A,주식회사 랑벨,더마,A,A-B16,shoo.noh@lanbelle.com,031-607-8707,https://lanbelle.com/,high,,,박애란 대표 설립 더마 스킨케어 전문 자체 브랜드 '랑벨'을 직접 운영.,https://www.intercharmkorea.com/ko-kr/exhibitor_directory/Exhibitor_detail.%EC%A3%BC%EC%8B%9D%ED%9A%8C%EC%82%AC%20%EB%9E%91%EB%B2%A8.org-61cafa57-3692-4166-baf6-997a9604cbe7.html
Tier A,주식회사 바이잇,스킨케어,A,A-B26,export@luvum.co.kr,02-1599-3451,https://luvum.co.kr/,high,export,,자체 K-뷰티 스킨케어 브랜드 Luvum을 35개국 리테일·이커머스로 판매하는 소비자 브랜드.,https://www.intercharmkorea.com/ko-kr/exhibitor_directory/Exhibitor_detail.%EC%A3%BC%EC%8B%9D%ED%9A%8C%EC%82%AC%20%EB%B0%94%EC%9D%B4%EC%9E%87.org-313e66d6-2361-4cfe-b76f-5b28b753ef83.html
Tier A,안탈라,더마,A,A-B28,official@antala.one,051-710-1201,https://antala.kr/,high,export,,"ANTALA·Monjeune 두 더마/슬로에이징 소비자 브랜드 운영, 미국·일본·몽골 수출 중인 자사 브랜드 보유.",https://www.intercharmkorea.com/ko-kr/exhibitor_directory/Exhibitor_detail.%EC%95%88%ED%83%88%EB%9D%BC.org-3a5142bc-b6c9-4c07-9a49-2993a7e5cc17.html
Tier A,스튜디오17,메이크업,A,A-B36,lrkim@thebkor.com,+82 2-6013-6715,https://www.studio17.co.kr,high,,,자체 개발 브랜드 스튜디오17로 브러시 툴 및 기초화장품 라인 전개하는 소비자 브랜드.,https://www.intercharmkorea.com/ko-kr/exhibitor_directory/Exhibitor_detail.%EC%8A%A4%ED%8A%9C%EB%94%94%EC%98%A417.org-d983b3e3-2d9f-4dbe-ae5e-c5eba8c201de.html
Tier A,(주)더엘그룹,스킨케어,A,A-B41,marketing.theel@gmail.com,070-7699-3949,https://theelstore.com/,high,,,자체 스킨케어 MARYABEL·홈디바이스 Skinfit Pro·이너뷰티 등 소비자 브랜드 다수 운영(theelstore 몰).,https://www.intercharmkorea.com/ko-kr/exhibitor_directory/Exhibitor_detail.%EC%A3%BC%EB%8D%94%EC%97%98%EA%B7%B8%EB%A3%B9.org-94f9177f-a134-437d-85d7-df784e5fa14d.html
Tier A,(주)씨케이리제온,헤어,A,A-B48,dermaregeon@ckregeon.com,02-364-6585,https://dermaregeon.com/en/,high,,,"자체 헤어케어 브랜드 HAIRREGEON·HERIBON 운영, 탈모·두피 케어 완제품 소비자 대상.",https://www.intercharmkorea.com/ko-kr/exhibitor_directory/Exhibitor_detail.%EC%A3%BC%EC%94%A8%EC%BC%80%EC%9D%B4%EB%A6%AC%EC%A0%9C%EC%98%A8.org-7c609cc6-eba1-4396-bcf0-aaa839c759e8.html
Tier A,CETERA,더마,A,A-C08,ceterakorea@naver.com,+82-2-577-2270,https://www.wechat.com/cetera1,high,,,엑소좀·PDRN·병풀 기반 메디컬 코스메슈티컬 자사 브랜드로 토너·앰플·크림·쿠션 등 소비자 홈케어 제품군 보유.,https://www.intercharmkorea.com/ko-kr/exhibitor_directory/Exhibitor_detail.cetera.org-e0f4e25c-e2b4-4508-bc2f-cf1a30f7631c.html
Tier A,(주)섬섬바이오,스킨케어,A,A-C14,sumsum2022@naver.com,+82 61-395-7633,https://searce.shop/,high,export,,"자체 라이프 뷰티 브랜드 SEARCE 운영, 머쉬룸 EM 샴푸 등 대표 완제품 소비자 판매.",https://www.intercharmkorea.com/ko-kr/exhibitor_directory/Exhibitor_detail.%EC%A3%BC%EC%84%AC%EC%84%AC%EB%B0%94%EC%9D%B4%EC%98%A4.org-f676ff77-b653-4a8d-a265-265411bd87bc.html
Tier A,(주)알에이치앤비브랜즈,스킨케어,A,A-C21,info@rhnb.co.kr,0269597001,https://www.ratedgreenglobal.com/prettyactually,high,,,"레이티드 그린·프리티 액츄얼리 두 클린 K-뷰티 소비자 브랜드 운영, 비건인증 스킨케어 판매.",https://www.intercharmkorea.com/ko-kr/exhibitor_directory/Exhibitor_detail.%EC%A3%BC%EC%95%8C%EC%97%90%EC%9D%B4%EC%B9%98%EC%95%A4%EB%B9%84%EB%B8%8C%EB%9E%9C%EC%A6%88.org-41e245bc-a569-4cd8-9ea6-7a11d90e8060.html
Tier A,브에노메디텍,더마,A,A-C23,ds2oph@naver.com,0317171243,https://www.bueno9.com/,high,export,,"엑소좀·펩타이드·PDRN 등 기능성 스킨/바디/더마 자체 브랜드(Bueno) 운영, 글로벌 소비자 대상 판매.",https://www.intercharmkorea.com/ko-kr/exhibitor_directory/Exhibitor_detail.%EB%B8%8C%EC%97%90%EB%85%B8%EB%A9%94%EB%94%94%ED%85%8D.org-7650c2ee-35b0-41f9-8a32-d2ff633fb01a.html
Tier A,쥬네뷰,스킨케어,A,A-C27,dewdap@naver.com,01076671804,https://www.dewdap.com/,high,,,"DEWDAP은 자체 성분 Cicatea 함유, 사내 연구·자사 공장 제조하는 비건 K-뷰티 스킨케어 소비자 브랜드.",https://www.intercharmkorea.com/ko-kr/exhibitor_directory/Exhibitor_detail.%EC%A5%AC%EB%84%A4%EB%B7%B0.org-5bc06490-0d37-42cf-9872-b87bd9cfda97.html
Tier A,컬러딥,메이크업,A,A-C31,min@miskos.co.kr,02-6092-2200,https://miskos.co.kr/,high,,,"Color Deep·Moodmatcher 등 자체 색조 브랜드 기획·런칭, 국내외 소비자 채널 판매(연매출 1천억).",https://www.intercharmkorea.com/ko-kr/exhibitor_directory/Exhibitor_detail.%EC%BB%AC%EB%9F%AC%EB%94%A5.org-2358b96f-2759-48fe-82e9-de94ce962c5d.html
Tier A,주식회사 반다비앤에이치,스킨케어,A,A-C32,vandabnh@vanda.co.kr,+82 70-4640-6107,https://kiwiglow.co.kr/,high,export,,"비건 클린 스킨케어 자체 브랜드 KIWIGLOW(2022 런칭) 운영, 온·오프라인 소비자 판매.",https://www.intercharmkorea.com/ko-kr/exhibitor_directory/Exhibitor_detail.%EC%A3%BC%EC%8B%9D%ED%9A%8C%EC%82%AC%20%EB%B0%98%EB%8B%A4%EB%B9%84%EC%95%A4%EC%97%90%EC%9D%B4%EC%B9%98.org-2c44abf5-0d82-44cf-841a-17a12c097911.html
Tier A,주식회사 정림에프앤에이치,바디,A,A-C41,4674sjh@naver.com,+82 1085679732,https://www.vanava.co.kr/,high,indie,,2025년 런칭한 바디케어 자체 브랜드 Vanava(Duo Cream)로 소비자 대상 신생 브랜드.,https://www.intercharmkorea.com/ko-kr/exhibitor_directory/Exhibitor_detail.%EC%A3%BC%EC%8B%9D%ED%9A%8C%EC%82%AC%20%EC%A0%95%EB%A6%BC%EC%97%90%ED%94%84%EC%95%A4%EC%97%90%EC%9D%B4%EC%B9%98.org-edeeb6c7-2114-4420-a3c3-83fa7651b5f1.html
Tier A,주식회사 웰컴이엔앰,메이크업,A,A-C43,dandymicn@welcomems.co.kr,02-6392-7440,https://welcomesgroup.com,high,export,,셀럽·인플루언서·자체 브랜드 포트폴리오를 직접 운영하는 글로벌 브랜드 컴퍼니로 소비자 대상.,https://www.intercharmkorea.com/ko-kr/exhibitor_directory/Exhibitor_detail.%EC%A3%BC%EC%8B%9D%ED%9A%8C%EC%82%AC%20%EC%9B%B0%EC%BB%B4%EC%9D%B4%EC%97%94%EC%95%B0.org-1e403ce6-7199-4ad7-bda8-b8fd4f7d8e37.html
Tier A,닥터바이오 & 티블레스,스킨케어,A,A-C46,global_sales@rokcorp.co.kr,063-717-8787,https://litt.ly/corporationrok_global_sales?ref=qr.litt.ly,high,export,,로크가 자체 브랜드 닥터바이오·티블레스를 론칭한 비건 스킨케어 소비자 브랜드.,https://www.intercharmkorea.com/ko-kr/exhibitor_directory/Exhibitor_detail.%EB%8B%A5%ED%84%B0%EB%B0%94%EC%9D%B4%EC%98%A4%20%20%ED%8B%B0%EB%B8%94%EB%A0%88%EC%8A%A4.org-26c24489-8d1a-4e7f-ac2f-9af6a9341819.html
Tier A,Y.N.M,메이크업,A,A-C48,ynm@ynmcosmetic.co.kr,02-839-7738,https://ynmcosmetic.co.kr/,high,export,,"올리브영 립케어 1위 자체 브랜드 Y.N.M, 20개국 1만 매장 소비자 판매.",https://www.intercharmkorea.com/ko-kr/exhibitor_directory/Exhibitor_detail.ynm.org-a77f6c74-4a5b-441b-af51-bbc66735afef.html
Tier A,헤트라스,향수,A,A-D01,globalsales@hetras.co.kr,02)777-1777,https://youtu.be/qRuMsXV8pSw,high,export,,한국 1위 디퓨저·프래그런스 자사 브랜드 hetras를 30개국에 소비자 판매하는 향 브랜드.,https://www.intercharmkorea.com/ko-kr/exhibitor_directory/Exhibitor_detail.%ED%97%A4%ED%8A%B8%EB%9D%BC%EC%8A%A4.org-ea679a43-d862-45dd-87e8-d06fbcc75302.html
Tier A,세이션,스킨케어,A,A-D16,overseas@xation.co.kr,02-1566-9252,https://xation.co.kr/,high,export,,"STANDARD SEOUL 등 더마 스킨케어 자체 K-뷰티 브랜드 개발·수출, 소비자 대상 기능성 제품 명확.",https://www.intercharmkorea.com/ko-kr/exhibitor_directory/Exhibitor_detail.%EC%84%B8%EC%9D%B4%EC%85%98.org-9d1f335f-1790-46c7-8004-1f0438e670d3.html
Tier A,(주)비앤케이,스킨케어,A,A-D42,contact@koreahnb.com,+82 2 6959 1358,https://tambeauty.me/,high,export,,"자체 소비자 브랜드 3개(BARULAB, tam BEAUTY, PYDERIN) 운영, 메가 인플루언서 협업 이력.",https://www.intercharmkorea.com/ko-kr/exhibitor_directory/Exhibitor_detail.%EC%A3%BC%EB%B9%84%EC%95%A4%EC%BC%80%EC%9D%B4.org-4ba2d7a6-e6e4-427b-b0fc-0f78aeb64125.html
Tier A,줄라이 모닝,바디/헤어,A,A-D46,clubparty1003@gmail.com,821037270774,https://july-morning.co.kr/,high,,,줄라이모닝(바디·헤어)·고백타임(스킨케어 앰플 8종) 자사 소비자 브랜드 전개하는 K-뷰티 브랜드.,https://www.intercharmkorea.com/ko-kr/exhibitor_directory/Exhibitor_detail.%EC%A4%84%EB%9D%BC%EC%9D%B4%20%EB%AA%A8%EB%8B%9D.org-d3363b14-f0ec-4e66-93a3-bcd037b48f7b.html
Tier A,센티카,향수,A,A-D47,scentica@raint.kr,070-8112-4007,https://scentica.co.kr/,high,,,자체 조향 연구소 기반 독자 향료로 분기별 향수·바디·헤어 소비자 제품을 기획·출시하는 향 브랜드.,https://www.intercharmkorea.com/ko-kr/exhibitor_directory/Exhibitor_detail.%EC%84%BC%ED%8B%B0%EC%B9%B4.org-a281a84b-1f86-4762-82a3-66d8f6f7b366.html
Tier A,EBIN KOREA,스킨케어/바디,A,A-E11,ebinkorea@ebinnewyork.com,02-555-8880,https://linktr.ee/ebinkorea,high,export,,Cosyuree·Gorilla Waxing·INJECTIER 등 자사 소비자 K-뷰티 브랜드를 보유한 완제품 기업.,https://www.intercharmkorea.com/ko-kr/exhibitor_directory/Exhibitor_detail.ebin%20korea.org-f62f4c09-7885-4289-a943-91c099edb44f.html
Tier A,(주)탠코리아,바디,A,A-E23,jamiebronzekr@gmail.com,02-476-7714,http://jamiebronze.com,high,,,"태닝 자체 소비자 브랜드 JAMIE BRONZE 운영, 국내외 시장 판매 중인 대표 태닝 브랜드.",https://www.intercharmkorea.com/ko-kr/exhibitor_directory/Exhibitor_detail.%EC%A3%BC%ED%83%A0%EC%BD%94%EB%A6%AC%EC%95%84.org-a416276d-5b0f-465d-89c8-df3ae5fb5598.html
Tier A,디어메이,메이크업,A,A-E27,oversea@beleco.co.kr,,https://en.dearmay.co.kr/,high,,,DEARMAY는 소녀 타겟 트렌디 감성 메이크업 자체 소비자 브랜드로 명확함.,https://www.intercharmkorea.com/ko-kr/exhibitor_directory/Exhibitor_detail.%EB%94%94%EC%96%B4%EB%A9%94%EC%9D%B4.org-d4b09939-29b8-4d3f-b4a7-f24a85b61878.html
Tier A,(주)바이옵트,더마,A,A-E28,info@venderma.com,+82-2-6180-9000,https://venderma.com/,high,device|export,,"자체 더마 스킨케어 브랜드 VENDERMA 보유, 홈케어 뷰티 디바이스 결합한 소비자 브랜드 운영.",https://www.intercharmkorea.com/ko-kr/exhibitor_directory/Exhibitor_detail.%EC%A3%BC%EB%B0%94%EC%9D%B4%EC%98%B5%ED%8A%B8.org-76729697-1fe7-4961-977c-b5c2b4f4bfe7.html
Tier A,TROIAREUKE,더마,A,A-E31,stella@sislab.com,+82-1833-8820,https://www.troiareuke.com/,high,,,"맞춤형 스킨케어 소비자 브랜드 TROIAREUKE 운영, 진단·홈케어 D2C 성격.",https://www.intercharmkorea.com/ko-kr/exhibitor_directory/Exhibitor_detail.troiareuke.org-2e3f29c1-2777-42d4-b391-6f7e9ab2dae0.html
Tier A,오미티드,스킨케어,A,A-E32,admin@omitted.kr,070-4741-0025,https://omitted.kr,high,export,,비타-C·PDRN 앰플 등 20여개국 수출하는 자사 임상 스킨케어 브랜드 오미티드.,https://www.intercharmkorea.com/ko-kr/exhibitor_directory/Exhibitor_detail.%EC%98%A4%EB%AF%B8%ED%8B%B0%EB%93%9C.org-f1cd317a-4298-4c5f-beaf-208eef87b3d1.html
Tier A,DAILY WEEKLY,스킨케어,A,A-E36,trading@dailyweekly.co.kr,07088084700,https://www.dailyweekly.co.kr/,high,,,DAILY WEEKLY 자체 스킨케어 브랜드로 신라·경복궁 면세점 및 파마스퀘어 입점 소비자 판매.,https://www.intercharmkorea.com/ko-kr/exhibitor_directory/Exhibitor_detail.daily%20weekly.org-b6daaac1-8353-46fb-bb5a-e4248b8cee9f.html
Tier A,(주)아트페이스,메이크업/스킨케어,A,A-E46,artface@artfacekorea.com,+82-2-2263-1140,https://tenzero.co.kr/,high,export,,"색조 브랜드 물다·스킨케어 텐제로 자체 런칭, 명동 텐제로 플래그십 운영하는 소비자 브랜드 보유.",https://www.intercharmkorea.com/ko-kr/exhibitor_directory/Exhibitor_detail.%EC%A3%BC%EC%95%84%ED%8A%B8%ED%8E%98%EC%9D%B4%EC%8A%A4.org-f7eb3ec0-384c-4664-9d0c-0fc87aa7b27e.html
Tier A,KOCOSTAR,스킨케어,A,A-F01,export@kocostar.com,02-743-9431,https://firstmarket.co.kr/,high,,,K-뷰티 마스크 중심 자체 소비자 브랜드로 셀프케어 마스크·스킨케어 제품군을 직접 전개.,https://www.intercharmkorea.com/ko-kr/exhibitor_directory/Exhibitor_detail.kocostar.org-08a666d5-8d12-49bb-9e16-471b6474d5f5.html
Tier A,채널스완,스킨케어,A,A-F21,kbeauty@oavo.kr,82-10-5374-1886,https://www.oavo.global,high,,,"독립 K-Heritage 브랜드 OAVO 운영, 홍대 오프라인 매장·신규 SKU 등 소비자 브랜드 명확.",https://www.intercharmkorea.com/ko-kr/exhibitor_directory/Exhibitor_detail.%EC%B1%84%EB%84%90%EC%8A%A4%EC%99%84.org-337ac8ee-05ee-42b3-b106-fa6f74e45ab8.html
Tier A,CELLEA/BELLADIA,스킨케어,A,A-F22,fcsecond@fcsecond.kr,,https://cellea.co.kr/,high,export,,NK세포배양액 셀레아·안티에이징 벨라디아 등 자사 프리미엄 스킨케어 브랜드 보유.,https://www.intercharmkorea.com/ko-kr/exhibitor_directory/Exhibitor_detail.celleabelladia.org-2be3122e-2dcb-4c3a-aa62-861795c62cd5.html
Tier A,포뉴레브,향수,A,A-F43,info@fonewlev.com,070-7772-2040,https://fonewlev.com/,high,,,디퓨저·퍼퓸 핸드크림·바디 등 소비자 프래그런스 자체 브랜드 운영.,https://www.intercharmkorea.com/ko-kr/exhibitor_directory/Exhibitor_detail.%ED%8F%AC%EB%89%B4%EB%A0%88%EB%B8%8C.org-a8e90786-c4ff-43db-8831-84b131c40dbb.html
Tier A,제이크리컴퍼니,더마,A,A-G11,jcre@jcrecompany.com,+82 70 8808 1787,https://linktr.ee/lefilleo?utm_source=linktree_profile_share&ltsid=4f7a3ca8-e2f2-41e8-8220-b04973100003,high,indie,confirmed,"lefilleo 자체 더마 스킨케어 브랜드 운영, 검증성분·전문가 협업 강조한 소비자 브랜드.",https://www.intercharmkorea.com/ko-kr/exhibitor_directory/Exhibitor_detail.%EC%A0%9C%EC%9D%B4%ED%81%AC%EB%A6%AC%EC%BB%B4%ED%8D%BC%EB%8B%88.org-0f5ae85e-3b73-4eee-85db-ebb8c2f38776.html
Tier A,웰본,헤어,A,A-G23,export@welcomesgroup.com,,https://cheongdamstyle.co.kr/,high,,,청담스타일 브랜드를 런칭·운영하며 헤어 고데기·염색샴푸 등 자사 소비자 완제품을 홈쇼핑·온오프라인 판매.,https://www.intercharmkorea.com/ko-kr/exhibitor_directory/Exhibitor_detail.%EC%9B%B0%EB%B3%B8.org-5ac09b4b-86d0-4f0d-b94c-516e32a29e53.html
Tier A,"SHINAN COSMETICS Co., Ltd.",스킨케어,A,A-G31,admin@shinancosmetics.co.kr,,https://www.shionle.com/,high,,found,shionle 브랜드로 토너·세럼·크림·마스크 등 다양한 스킨케어 소비자 완제품 라인을 보유.,https://www.intercharmkorea.com/ko-kr/exhibitor_directory/Exhibitor_detail.shinan%20cosmetics%20co%20ltd.org-25789a7b-d412-4996-9b9b-e7858065fd46.html
Tier A,주식회사 일레븐코퍼레이션,헤어,A,A-H03,b2b@11corp.co.kr,,https://www.11corp.co.kr/,high,,,해양요법 기반 헤어·바디 자체 브랜드 GROWUS를 소비자 대상으로 전개.,https://www.intercharmkorea.com/ko-kr/exhibitor_directory/Exhibitor_detail.%EC%A3%BC%EC%8B%9D%ED%9A%8C%EC%82%AC%20%EC%9D%BC%EB%A0%88%EB%B8%90%EC%BD%94%ED%8D%BC%EB%A0%88%EC%9D%B4%EC%85%98.org-8445b179-f19a-4e4b-a6f7-10f11813ca07.html
Tier A,주식회사 더마라인,더마,A,A-H11,leejy@dermaline.co.kr,+82-70-7599-1527,https://en.dermaline.co.kr,high,oem_with_brand,Y,"DERMALINE·D'LEXO·r;eden 3개 자체 브랜드 운영, PDRN 라인이 올리브영·코스트코·왓슨스 입점한 소비자 브랜드.",https://www.intercharmkorea.com/ko-kr/exhibitor_directory/Exhibitor_detail.%EC%A3%BC%EC%8B%9D%ED%9A%8C%EC%82%AC%20%EB%8D%94%EB%A7%88%EB%9D%BC%EC%9D%B8.org-dced0b6d-1c68-4f5b-a2e9-277779d888f8.html
Tier A,로그인 포레스트 (유나뷰티랩),향수,A,A-H16,info@loginforest.com,070-7543-8026,http://www.loginforest.com,high,,,"Login Forest 자체 센티드 바디케어·퍼퓸 소비자 브랜드를 보유, 시즌별 신제품 출시하는 D2C 향 브랜드.",https://www.intercharmkorea.com/ko-kr/exhibitor_directory/Exhibitor_detail.%EB%A1%9C%EA%B7%B8%EC%9D%B8%20%ED%8F%AC%EB%A0%88%EC%8A%A4%ED%8A%B8%20%EC%9C%A0%EB%82%98%EB%B7%B0%ED%8B%B0%EB%9E%A9.org-ec1e4b0d-491d-486b-b714-b37bd33e3ae2.html
Tier A,디유코스메틱,메이크업,A,A-I01,uj854@naver.com,0538014500,http://www.ducos.co.kr,high,export,,"스파우트 색조화장품 자체 브랜드 JOA(립틴트 등) 다이소·드럭스토어 소비자 유통, OEM도 병행.",https://www.intercharmkorea.com/ko-kr/exhibitor_directory/Exhibitor_detail.%EB%94%94%EC%9C%A0%EC%BD%94%EC%8A%A4%EB%A9%94%ED%8B%B1.org-f07b0ca0-3a8a-4f9f-af0f-425855c566a7.html
Tier A,지구의 온도 G9ONDO,바디/향수,A,A-I08,tomato2526@nate.com,,https://g9ondo.com/,high,,,비건 프리미엄 바디(배스밤)·향기 자사 소비자 브랜드로 면세점·백화점·호텔 납품 등 리테일 전개.,https://www.intercharmkorea.com/ko-kr/exhibitor_directory/Exhibitor_detail.%EC%A7%80%EA%B5%AC%EC%9D%98%20%EC%98%A8%EB%8F%84%20%20%20g9ondo.org-677da02a-4498-41fe-a287-cc51dd920ddb.html
Tier A,(주)한국쉬즈라인,스킨케어/바디,A,A-I21,info@koreashesline.co.kr,02-431-5500,https://toolif.co.kr,high,export,confirmed,"1989년 설립 뷰티 전문기업, toolif 자체 브랜드로 다양한 화장품 개발·국내외 유통.",https://www.intercharmkorea.com/ko-kr/exhibitor_directory/Exhibitor_detail.%EC%A3%BC%ED%95%9C%EA%B5%AD%EC%89%AC%EC%A6%88%EB%9D%BC%EC%9D%B8.org-b3b2ca2e-b47e-4996-a9b3-3beecd9a4d90.html
Tier A,아이프로덕트,향수,A,A-J06,global@iproduct.co.kr,070-4400-3007,https://drpercent.co.kr/,high,export|oem_with_brand,Y,OEM이나 desc에 남성향수·그루밍·클린뷰티·바디케어 자체 브랜드를 운영하고 direct sales(D2C)·해외수출한다고 명시.,https://www.intercharmkorea.com/ko-kr/exhibitor_directory/Exhibitor_detail.%EC%95%84%EC%9D%B4%ED%94%84%EB%A1%9C%EB%8D%95%ED%8A%B8.org-d295de89-b993-45b0-809e-a9a83dfaf944.html
Tier A,(주)코비스타,헤어,A,A-J16,kbeauty@kobizstar.com,+82 70 4896 4206,https://www.solepkorea.com/,high,,,"두피케어 자체 브랜드 Solep을 B2C 리테일로 운영(Hi-gro 등 일상케어), 소비자 판매 명확.",https://www.intercharmkorea.com/ko-kr/exhibitor_directory/Exhibitor_detail.%EC%A3%BC%EC%BD%94%EB%B9%84%EC%8A%A4%ED%83%80.org-9df0c782-f8bc-4092-821b-1a5d6f8d33a4.html
Tier A,LINDSAY&COS Inc.,스킨케어,A,A-J21,sales@lindsay.co.kr,82-2-423-1518,https://lindsaycos.com,high,oem_with_brand,Y,"에스테틱·홈에스테틱 자체 브랜드 린제이로 마스크팩·스킨케어를 직접 생산·판매(자체몰 lindsaycos.com), OEM 병행.",https://www.intercharmkorea.com/ko-kr/exhibitor_directory/Exhibitor_detail.lindsaycos%20inc.org-0ff625ff-b8d4-4368-803e-2886a0d07b39.html
Tier A,주식회사 스타힐스코스메틱,헤어,A,A-J22,hmcos@naver.com,070-4146-3644,https://moo100.com/,high,,,"자사 헤어케어 브랜드 무백(MOO100)을 2,000개 살롱·디지털콘텐츠로 운영하는 소비자 브랜드.",https://www.intercharmkorea.com/ko-kr/exhibitor_directory/Exhibitor_detail.%EC%A3%BC%EC%8B%9D%ED%9A%8C%EC%82%AC%20%EC%8A%A4%ED%83%80%ED%9E%90%EC%8A%A4%EC%BD%94%EC%8A%A4%EB%A9%94%ED%8B%B1.org-04e4516c-719d-48e4-b28d-799d20849f8b.html
Tier A,MAKE SOUL,메이크업,A,A-J31,jslee@make-soul.co.kr,01054165572,https://make-soul.co.kr/,high,,,서울 기반 K-뷰티 메이크업 자사 브랜드로 남산480 글로우틴트 등 시그니처 컬러 제품을 소비자에게 직접 판매.,https://www.intercharmkorea.com/ko-kr/exhibitor_directory/Exhibitor_detail.make%20soul.org-049045d8-a61f-451f-8462-f711e5d5bbfb.html
Tier A,휴션,더마,A,A-K11,,,https://www.huceane.com,high,,uncertain,"REDhealon 프리미엄 여드름 케어 자체 스킨케어 브랜드 운영, 3단계 루틴 소비자 제품.",https://www.intercharmkorea.com/ko-kr/exhibitor_directory/Exhibitor_detail.%ED%9C%B4%EC%85%98.org-7b435d15-4a73-4987-be7e-e681102a0f6b.html
Tier A,SKINISGOOD,더마,A,A-K26,yklee@skinisgood.com,01024798717,https://www.lissederm.co.kr,high,,,자사 더마 뷰티 브랜드 리쎄덤(Lissederm)을 소비자 대상으로 전개하는 스킨케어 브랜드.,https://www.intercharmkorea.com/ko-kr/exhibitor_directory/Exhibitor_detail.skinisgood.org-3481b8bb-6422-4574-86ea-043d44bfa2e9.html
Tier A,솔테라피,바디,A,A-K27,info@saltherapy.biz,+82-10-9770-4593,https://saltherapy.us,high,export,Y,"천일염 기반 프리미엄 바디케어 자체 브랜드(Saltherapy), 솔트 스파 스크럽 소비자 라인 보유(.us 수출 지향).",https://www.intercharmkorea.com/ko-kr/exhibitor_directory/Exhibitor_detail.%EC%86%94%ED%85%8C%EB%9D%BC%ED%94%BC.org-7f263eb2-1ee2-42eb-a917-8a13ef3d24b7.html
Tier A,어룸,스킨케어,A,A-L02,semin@anomalylabs.biz,82 1041791318,https://aroomskin.com/,high,,,AROOM 자체 스킨케어 브랜드로 아이패치·배리어크림 등 소비자 제품 개발·판매.,https://www.intercharmkorea.com/ko-kr/exhibitor_directory/Exhibitor_detail.%EC%96%B4%EB%A3%B8.org-e581bf8c-bca8-401f-be43-c6c11eb12ee5.html
Tier A,ANOETIC BEAUTY,스킨케어,A,A-L03,leokim@anoetic.kr,010-2557-3526,https://anoeticbeauty.com,high,,,"아노에틱 뷰티 자체 브랜드로 헤어세럼·마스크팩 등 출시, 인플루언서 협업·바이럴 적극 활용.",https://www.intercharmkorea.com/ko-kr/exhibitor_directory/Exhibitor_detail.anoetic%20beauty.org-777ab7e1-90f4-48da-a027-71db8ea2199e.html
Tier A,(주) 유나이티드앤글로벌,스킨케어,A,A-L07,ohave@unitednglobal.com,0319711704,https://ohavecosmetic.com/,high,oem_with_brand,Y,"오하브(OHAVE) 비건 자사 스킨케어 브랜드(클렌저·선케어·마스크 등) 보유하고 자사몰 운영, PL·OEM/ODM은 부가 서비스로 명확히 소비자 브랜드 보유.",https://www.intercharmkorea.com/ko-kr/exhibitor_directory/Exhibitor_detail.%EC%A3%BC%20%EC%9C%A0%EB%82%98%EC%9D%B4%ED%8B%B0%EB%93%9C%EC%95%A4%EA%B8%80%EB%A1%9C%EB%B2%8C.org-8a97ced8-0553-4cf9-b0fe-d8460f1a87be.html
Tier A,(주)리쎄코리아,스킨케어,A,A-L13,lisse@lisse.co.kr,0216444783,https://www.dumidang.com,high,oem_with_brand,Y,"비건 DUMIDANG·더마 MEDIODERM·공주아·설온기 등 200여 SKU 자체 소비자 브랜드 보유(자체몰 dumidang.com), OEM/ODM은 병행.",https://www.intercharmkorea.com/ko-kr/exhibitor_directory/Exhibitor_detail.%EC%A3%BC%EB%A6%AC%EC%8E%84%EC%BD%94%EB%A6%AC%EC%95%84.org-4be6f0c6-c335-4d66-920f-b091e2007c80.html
Tier A,헤아림코스메틱,스킨케어,A,A-L18,hearim@hearimcosmetic.com,+82 (0)70-8866-6552,http://www.wechat.com/jgh_1125,high,export,Y,HE:ARIM 자체 스킨케어 브랜드로 면세·백화점·온라인몰·소셜커머스 등 소비자 채널을 직접 운영하며 국내 판매 거점이 명확함.(검증변경),https://www.intercharmkorea.com/ko-kr/exhibitor_directory/Exhibitor_detail.%ED%97%A4%EC%95%84%EB%A6%BC%EC%BD%94%EC%8A%A4%EB%A9%94%ED%8B%B1.org-76c66883-3cf2-4967-84e4-c96389cf4170.html
Tier A,뷰가닉,헤어,A,A-N01,james@dongbangbnh.co,+82-70-4420-6322,http://www.dongbangbnh.com,high,,,제로플라스틱 샴푸바 자체 브랜드 뷰가닉 보유·생산(OEM 병행하나 자사 소비자 브랜드 명확).,https://www.intercharmkorea.com/ko-kr/exhibitor_directory/Exhibitor_detail.%EB%B7%B0%EA%B0%80%EB%8B%89.org-d14d1a34-e041-400d-9488-88121361b460.html
Tier A,"TWOK INTERNATIONAL Co.,Ltd.",네일,A,A-N03,info@twokinter.com,+82-10-2981-3752,https://www.gelyours.com/,high,indie,,셀프 네일 뷰티 자체 R&D·제조 보유한 K-뷰티테크 스타트업으로 gelyours 자사 네일 소비자 브랜드 전개.,https://www.intercharmkorea.com/ko-kr/exhibitor_directory/Exhibitor_detail.twok%20international%20coltd.org-8a580297-d164-4ae2-8c4f-06dc43c40510.html
Tier A,LK company,바디,A,A-N07,rutiin7@naver.com,+82 10-4607-9790,https://rutiin7.com/?NaPm=ct%3Dmpf5bbkh%7Cci%3Dcheckout%7Ctr%3Dds%7Ctrx%3Dnull%7Chk%3Da027671d195febc9adc2bc228de1b93135,high,indie,,콜라겐 머드팩·롤온 등 자사 라이프케어 브랜드(rutiin7)로 D2C 판매하는 소비자 브랜드.,https://www.intercharmkorea.com/ko-kr/exhibitor_directory/Exhibitor_detail.lk%20company.org-23348da9-09e2-44be-a02a-76cc7a596a71.html
Tier A,유앤미코스매틱,스킨케어,A,A-O03,cellio2023@naver.com,010-4661-1802,https://www.cellio.net/52,high,export,,"Dr.Cellio·Cellio·Giinsu 자체 브랜드 보유, 스킨케어·메이크업 완제품을 20개국 이상 수출하는 소비자 브랜드.",https://www.intercharmkorea.com/ko-kr/exhibitor_directory/Exhibitor_detail.%EC%9C%A0%EC%95%A4%EB%AF%B8%EC%BD%94%EC%8A%A4%EB%A7%A4%ED%8B%B1.org-a56b0ec1-7727-4155-b984-dd8e08361eb2.html
Tier A,채운,스킨케어,A,A-O13,official@chaewun.com,010-6649-1061,https://www.chaewun.com/,high,,,콜라겐·PDRN 함유 푸딩 미스트 앰플 등 임상검증 자사 스킨케어 완제품을 소비자에게 판매하는 브랜드.,https://www.intercharmkorea.com/ko-kr/exhibitor_directory/Exhibitor_detail.%EC%B1%84%EC%9A%B4.org-13278419-3cb3-4c65-97db-3b4c854dfcd9.html
Tier A,파인월드 / 라비엘,스킨케어,A,A-O16,sales@raviel.co.kr,070-4122-8400,https://raviel.co.kr/,high,,,"라비엘(RAVIEL)은 흡수구조 연구한 기능성 스킨케어 자사 소비자 브랜드, 아세로라 라인 인체적용시험 완료.",https://www.intercharmkorea.com/ko-kr/exhibitor_directory/Exhibitor_detail.%ED%8C%8C%EC%9D%B8%EC%9B%94%EB%93%9C%20%20%EB%9D%BC%EB%B9%84%EC%97%98.org-685c43fd-ede4-4b11-901e-eee9d3cb5c76.html
Tier A,주식회사 두봄,스킨케어,A,A-O17,doobom7727@naver.com,1544-6783,https://www.wechat.com/wxid_o2dpd2ha982p22,high,device,,두봄 자체 K-에스테틱 스킨케어 브랜드로 크림·앰플 및 홈 뷰티 디바이스까지 소비자 제품 전개.,https://www.intercharmkorea.com/ko-kr/exhibitor_directory/Exhibitor_detail.%EC%A3%BC%EC%8B%9D%ED%9A%8C%EC%82%AC%20%EB%91%90%EB%B4%84.org-494cf652-ba83-4f62-b3b9-99914689ede1.html
Tier A,(주)참존엔씨원,스킨케어,A,A-O19,superbjhj@gmail.com,+82-10-9286-9318,https://labonita-global-en.imweb.me/?redirect=no,high,export,,"스킨케어 자체 브랜드 4개(LABONITA 등) 80여 SKU 운영, 국내 온라인 판매·해외 수출 병행.",https://www.intercharmkorea.com/ko-kr/exhibitor_directory/Exhibitor_detail.%EC%A3%BC%EC%B0%B8%EC%A1%B4%EC%97%94%EC%94%A8%EC%9B%90.org-348e8d49-a174-4dfa-814e-49efa2c05a87.html
Tier A,(주)코스모어플러스,스킨케어,A,A-O23,cosmoreplus@cosmoreplus.com,070-8805-2410,https://revcell.co.kr,high,,,"프리미엄 스킨케어 자체 브랜드 리브이셀 운영, 유튜브·틱톡 인플루언서 협찬 등 이미 활용 중.",https://www.intercharmkorea.com/ko-kr/exhibitor_directory/Exhibitor_detail.%EC%A3%BC%EC%BD%94%EC%8A%A4%EB%AA%A8%EC%96%B4%ED%94%8C%EB%9F%AC%EC%8A%A4.org-f02493eb-e885-44e5-b349-3efef129bacf.html
Tier A,주식회사 라콤 (CELL29),더마,A,A-O27,lacom_official@naver.com,010-3205-3794,https://cell29.com/,high,device|export,,CELL29 피부장벽 강화 홈케어 자체 브랜드로 약국·해외 13개국 유통하는 소비자 브랜드.,https://www.intercharmkorea.com/ko-kr/exhibitor_directory/Exhibitor_detail.%EC%A3%BC%EC%8B%9D%ED%9A%8C%EC%82%AC%20%EB%9D%BC%EC%BD%A4%20cell29.org-db9da1ae-8fa2-493a-bd4a-1b063a239080.html
Tier A,주식회사 넥슨화장품,스킨케어,A,A-O28,gsales@leeblese.com,02-2216-4503,http://nexxencosmetic.com,high,export,,"대표 브랜드 DABO로 K-뷰티 스킨케어·기능성 화장품 전개, 다국가 판매하는 소비자 브랜드.",https://www.intercharmkorea.com/ko-kr/exhibitor_directory/Exhibitor_detail.%EC%A3%BC%EC%8B%9D%ED%9A%8C%EC%82%AC%20%EB%84%A5%EC%8A%A8%ED%99%94%EC%9E%A5%ED%92%88.org-dab76aab-b6d5-4741-980f-1c30a0cc6a61.html
Tier A,주식회사 드림코스,스킨케어,A,A-O31,cp@dreamcos.co.kr,+82 10-8949-8427,https://camihouse.co.kr/,high,oem_with_brand,Y,SALMONLAB·RUDIA·LOVELYCC·DUFT&DOFT 등 스킨케어/메이크업/헤어/바디 다수 자체 소비자 브랜드 보유(OEM/ODM 겸업).,https://www.intercharmkorea.com/ko-kr/exhibitor_directory/Exhibitor_detail.%EC%A3%BC%EC%8B%9D%ED%9A%8C%EC%82%AC%20%EB%93%9C%EB%A6%BC%EC%BD%94%EC%8A%A4.org-b2bc7137-20ef-48b3-81ad-54635983aae4.html
Tier A,자민경,스킨케어,A,A-O38,youjinsuk1@jaminkyung.com,010-9931-8480,https://jaminkyung.com/,high,export,,JAMINKYUNG 자체 K뷰티 브랜드로 달팽이크림 1800만개 판매 등 70여종 스킨케어 완제품을 소비자에 판매.,https://www.intercharmkorea.com/ko-kr/exhibitor_directory/Exhibitor_detail.%EC%9E%90%EB%AF%BC%EA%B2%BD.org-f147e639-fd32-44d0-8eab-56317b726ff5.html
Tier A,파믹,스킨케어,A,A-P11,snr@acefarminc.com,070-4848-2387,https://www.farmic.co.kr/,high,,,"자체 농장 기반 Farm to Face 비건 스킨케어 브랜드 파믹, 애플타치온 라인 소비자 판매.",https://www.intercharmkorea.com/ko-kr/exhibitor_directory/Exhibitor_detail.%ED%8C%8C%EB%AF%B9.org-3df42091-dcd5-47b1-97d9-c140ec0bb95a.html
Tier A,"From:Cella / DASHU / Daleaf (ChromaX Co., Ltd)",헤어,A,A-P12,dashu.jungjoo@gmail.com,,https://chromax.co.kr/en/,high,,,DASHU·Daleaf·Ohype·From:Cella 등 프리미엄 자사 소비자 브랜드 포트폴리오 보유.,https://www.intercharmkorea.com/ko-kr/exhibitor_directory/Exhibitor_detail.fromcella%20%20dashu%20%20daleaf%20chromax%20co%20ltd.org-73d8b8b0-89f5-40e5-ac56-a3501067fc4d.html
Tier A,주식회사 사계절,이너뷰티,A,A-P17,,,,high,,uncertain,일양약품 소녀콜라겐(마시는·바르는 콜라겐) 이너&아우터 뷰티 소비자 브랜드를 전개.,https://www.intercharmkorea.com/ko-kr/exhibitor_directory/Exhibitor_detail.%EC%A3%BC%EC%8B%9D%ED%9A%8C%EC%82%AC%20%EC%82%AC%EA%B3%84%EC%A0%88.org-3ddba397-25c5-4148-bed8-2aca46a14399.html
Tier A,다빈홀딩스,바디,A,A-R06,vector@davinnature.com,+82 2 392 0330,https://davinnature.com/,high,export,,KIDDUMS(베이비 스킨케어)·HENESS(수영 후 케어) 자체 소비자 브랜드 2종 보유.,https://www.intercharmkorea.com/ko-kr/exhibitor_directory/Exhibitor_detail.%EB%8B%A4%EB%B9%88%ED%99%80%EB%94%A9%EC%8A%A4.org-2f45107f-1a37-4c6a-9175-f94deefe164d.html
Tier A,심플레,스킨케어,A,A-R07,ina@liebemi.com,+82-10-7750-4536,https://www.simpleteglobal.com,high,export,,Simpleté 브랜드 Odette 라인·밀크필 토너 등 소비자 홈케어 스킨케어 완제품을 판매(일본·대만 시장).,https://www.intercharmkorea.com/ko-kr/exhibitor_directory/Exhibitor_detail.%EC%8B%AC%ED%94%8C%EB%A0%88.org-cf2c5914-667f-4d58-b2f2-7e97b20d9c70.html
Tier A,레보아미,스킨케어,A,A-R08,sun2268@naver.com,+821079172268,https://youtu.be/A4i4Dnwy00c?si=6fGMH5PcQEhqVEEb,high,,confirmed,천연성분 앰플 등 미백·주름개선 기능성 자체 스킨케어 완제품을 소비자 대상으로 보유.,https://www.intercharmkorea.com/ko-kr/exhibitor_directory/Exhibitor_detail.%EB%A0%88%EB%B3%B4%EC%95%84%EB%AF%B8.org-c37fd86a-c8af-492e-9b0f-27f2723c69b4.html
Tier A,(주)제이코모,스킨케어,A,A-R09,benetus@jcomo.co.kr,031-8016-8995,https://www.benetus.co.kr/,high,,,"스킨케어 브랜드 '베네투스' 운영, 자사몰·스마트스토어·쿠팡 등 D2C 소비자 판매 명확.",https://www.intercharmkorea.com/ko-kr/exhibitor_directory/Exhibitor_detail.%EC%A3%BC%EC%A0%9C%EC%9D%B4%EC%BD%94%EB%AA%A8.org-ec0b85bc-960d-49d4-9dca-146c10ae59cb.html
Tier A,주식회사 퍼플링크,바디,A,A-R12,eth@purplelink.kr,82) 10-9457-2952,http://not4u.kr,high,,,NOT4U라는 전문 바디케어 자사 소비자 브랜드를 기획·제조·판매하는 기업.,https://www.intercharmkorea.com/ko-kr/exhibitor_directory/Exhibitor_detail.%EC%A3%BC%EC%8B%9D%ED%9A%8C%EC%82%AC%20%ED%8D%BC%ED%94%8C%EB%A7%81%ED%81%AC.org-52cb5b4d-6cc2-4943-bc24-6a6a2078576a.html
Tier A,핑키코스메틱,스킨케어,A,A-R17,pinky@pinkycosmetic.kr,070-4126-9400,https://www.pinkycosmetic.kr/,high,,,키즈 전문 화장품 자체 브랜드로 자연유래 스킨·바디케어 및 키즈 코스메틱 소비자 완제품 개발·판매.,https://www.intercharmkorea.com/ko-kr/exhibitor_directory/Exhibitor_detail.%ED%95%91%ED%82%A4%EC%BD%94%EC%8A%A4%EB%A9%94%ED%8B%B1.org-2f27fe74-e898-4f3e-9420-801bac3d4548.html
Tier A,모메이,메이크업,A,A-R23,beautemco@gmail.com,,https://momeii.com/,high,,,"스킨케어·메이크업·향수 자체 소비자 브랜드 '모메이' 운영, 데일리 루틴 소비자 대상 D2C몰.",https://www.intercharmkorea.com/ko-kr/exhibitor_directory/Exhibitor_detail.%EB%AA%A8%EB%A9%94%EC%9D%B4.org-70e4e712-a367-4f4f-8568-46234baab597.html
Tier A,에이치앤와이 상사,더마,A,A-R25,yehan1@naver.com,1670-5848,http://www.hycoporation.com,high,export,,닥터미스모우·이븐원 자사 기능성 화장품 브랜드를 보유·판매하는 기업.,https://www.intercharmkorea.com/ko-kr/exhibitor_directory/Exhibitor_detail.%EC%97%90%EC%9D%B4%EC%B9%98%EC%95%A4%EC%99%80%EC%9D%B4%20%EC%83%81%EC%82%AC.org-8dbecca2-9bec-47fd-9576-9f123787c113.html
Tier A,(주) 록키스,스킨케어,A,A-R35,redgirl8282@daum.net,070-5173-1122,https://www.rokkiss.co.kr,high,,,자연유래 성분 스킨케어/바디/마스크 등 자체 브랜드 록키스 완제품을 소비자몰(rokkiss.co.kr)에서 판매.,https://www.intercharmkorea.com/ko-kr/exhibitor_directory/Exhibitor_detail.%EC%A3%BC%20%EB%A1%9D%ED%82%A4%EC%8A%A4.org-95a08380-d6f3-4dad-bb77-235cd178712b.html
Tier A,HUEHEAL,스킨케어,A,A-R43,admin@huehea.com,070-7576-0107,https://www.hueheal.co.kr,high,,,비저블유스가 운영하는 자사 스킨케어 브랜드 HUEHEAL(세럼·앰플·크림 등 소비자 제품군).,https://www.intercharmkorea.com/ko-kr/exhibitor_directory/Exhibitor_detail.hueheal.org-73aa3b10-7808-48f3-b9d2-5540e9463e81.html
Tier A,아이뽀,스킨케어,C,C-I03,aippo1@starluxe.co.kr,02-6007-8001,https://www.aippo.co.kr/,high,,,AIPPO 자체 브랜드로 콜라겐/모공 앰플 마스크 소비자 완제품을 판매하는 스킨케어 브랜드.,https://www.intercharmkorea.com/ko-kr/exhibitor_directory/Exhibitor_detail.%EC%95%84%EC%9D%B4%EB%BD%80.org-8ba3940d-bf8a-453f-ac05-bd0c6181a3e6.html
Tier A,주식회사 링더벨,더마,C,C-I05,info@ringthebell.kr,070-8880-6541,https://ringthebell.kr/,high,indie,,"자체 더마 브랜드 'resear', 독자성분 rebiomix로 GenZ 팬덤 형성한 소비자 브랜드.",https://www.intercharmkorea.com/ko-kr/exhibitor_directory/Exhibitor_detail.%EC%A3%BC%EC%8B%9D%ED%9A%8C%EC%82%AC%20%EB%A7%81%EB%8D%94%EB%B2%A8.org-40e601f4-ad39-4729-8dfe-acdf9ea10f64.html
Tier A,ODSY,스킨케어,C,C-I06,hello@odsycoltd.com,01057070210,,high,indie,found,95% 천연유래 성분의 웰에이징 자체 프리미엄 스킨케어 브랜드.,https://www.intercharmkorea.com/ko-kr/exhibitor_directory/Exhibitor_detail.odsy.org-7f780090-8284-441f-92c8-7a1125a02ec7.html
Tier A,크레모랩,스킨케어,C,C-I08,ayuan@samwhan.co.kr,+821087050385,https://eng.cremorlab.co.kr/index.html,high,,,"온천수 T.E.N. Water 성분의 매스티지 스킨케어 자체 브랜드(크레모랩), 소비자 대상 기능성 화장품.",https://www.intercharmkorea.com/ko-kr/exhibitor_directory/Exhibitor_detail.%ED%81%AC%EB%A0%88%EB%AA%A8%EB%9E%A9.org-5aa776af-ff84-4b11-bd13-a6241c01792b.html
Tier A,제이앤지코스메틱(주),스킨케어,C,C-I11,jngcos@gmail.com,+82 2 2135 7776,https://www.gsley.co.kr,high,export,,"Gold Snail·GSLEY 자체 스킨케어 브랜드 2종 보유, 백화점·면세·온라인 직접 판매.",https://www.intercharmkorea.com/ko-kr/exhibitor_directory/Exhibitor_detail.%EC%A0%9C%EC%9D%B4%EC%95%A4%EC%A7%80%EC%BD%94%EC%8A%A4%EB%A9%94%ED%8B%B1%EC%A3%BC.org-dd2e359f-2b2b-45a9-b403-9a608a7e6749.html
Tier A,릴릴,스킨케어,C,C-I15,christin@rewindlab.co.kr,82 2-567-2210,https://lylyl.co.kr/index.html,high,device,,LYLYL은 임상테스트 스킨케어와 소닉 클렌저 등 뷰티기기를 갖춘 한국 소비자 자사 브랜드.,https://www.intercharmkorea.com/ko-kr/exhibitor_directory/Exhibitor_detail.%EB%A6%B4%EB%A6%B4.org-2ee29c57-1ff1-49f8-841d-85e8472edf9c.html
Tier A,(주)승건코스메틱스,스킨케어,C,C-I18,lppm47@naver.com,,https://www.loobee.co.kr/,high,export,found,"비건 클린 뷰티 자체 브랜드 LOOBEE 운영, 식물성 화장품 완제품 소비자 대상.",https://www.intercharmkorea.com/ko-kr/exhibitor_directory/Exhibitor_detail.%EC%A3%BC%EC%8A%B9%EA%B1%B4%EC%BD%94%EC%8A%A4%EB%A9%94%ED%8B%B1%EC%8A%A4.org-f38dbc1c-da8f-4bd1-91fb-04583f0079ae.html
Tier A,주식회사 라오가닉,이너뷰티,C,C-J51,irene@laorganic.co.kr,82-70-4659-1421,https://Foellie.co.kr,high,sensitive,Y,"포엘리에(이너퍼퓸·여성청결)·아토앤오투(베이비 스킨케어) 자체 소비자 브랜드 D2C 운영, 여성청결군은 민감 플래그.",https://www.intercharmkorea.com/ko-kr/exhibitor_directory/Exhibitor_detail.%EC%A3%BC%EC%8B%9D%ED%9A%8C%EC%82%AC%20%EB%9D%BC%EC%98%A4%EA%B0%80%EB%8B%89.org-f1ef840c-cad6-4bc1-8fc3-b42b3cbde25c.html
Tier A,주식회사 씨앤씨플래닛,스킨케어,C,C-L56,hu1998@cncplanet.co.kr,82)10-9839-7330,https://www.cncplanet.co.kr/,high,,,자사 스킨케어 브랜드 3W8L·FILFLO를 전개하는 K-뷰티 소비자 코스메틱 기업.,https://www.intercharmkorea.com/ko-kr/exhibitor_directory/Exhibitor_detail.%EC%A3%BC%EC%8B%9D%ED%9A%8C%EC%82%AC%20%EC%94%A8%EC%95%A4%EC%94%A8%ED%94%8C%EB%9E%98%EB%8B%9B.org-04e5c7a0-5956-4296-93b6-b3d3e30bbf25.html
Tier A,NUNA,스킨케어,C,C-M06,contact@nunabeautylab.com,,https://nunabeautylab.com,high,indie,,식물추출물 기반 클린 포뮬러로 민감성 피부용 소비자 스킨케어 브랜드(nunabeautylab) 운영.,https://www.intercharmkorea.com/ko-kr/exhibitor_directory/Exhibitor_detail.nuna.org-2b543dd1-6378-4a3a-81ba-637f37752398.html
Tier A,에브리데이 클랩스,더마,C,C-M52,claps01@naver.com,+82-10-7648-0070,https://www.claps.co.kr,high,export,,CLAPS 프리미엄 더마 스킨케어 자체 브랜드로 10개국 수출·50여 채널 유통하는 소비자 완제품.,https://www.intercharmkorea.com/ko-kr/exhibitor_directory/Exhibitor_detail.%EC%97%90%EB%B8%8C%EB%A6%AC%EB%8D%B0%EC%9D%B4%20%ED%81%B4%EB%9E%A9%EC%8A%A4.org-ae195d12-5f16-4ba4-9b76-7c189dba8b99.html
Tier A,주식회사 해피웍스컴퍼니,바디,C,C-N03,jjh@slowness.co.kr,+82-10-9975-3164,https://www.bubblemonkey.co.kr,high,,,제조사이나 자사 배스&스파 브랜드 'Bubble Monkey'(배스밤·풋스파 등 40여종) 소비자 완제품 전개.,https://www.intercharmkorea.com/ko-kr/exhibitor_directory/Exhibitor_detail.%EC%A3%BC%EC%8B%9D%ED%9A%8C%EC%82%AC%20%ED%95%B4%ED%94%BC%EC%9B%8D%EC%8A%A4%EC%BB%B4%ED%8D%BC%EB%8B%88.org-9fd51397-89c7-44e3-902d-0f7660b8b8e2.html
Tier A,픽셀퓨어,스킨케어,C,C-O03,tftrading@pixelpure.com,070-8855-5068,https://www.pixelpure.com/,high,,,비건 화장품 자체 소비자 브랜드로 셀 단위 케어 컨셉의 스킨케어 완제품 판매.,https://www.intercharmkorea.com/ko-kr/exhibitor_directory/Exhibitor_detail.%ED%94%BD%EC%85%80%ED%93%A8%EC%96%B4.org-363a8641-2ab1-4df7-80f7-4e964e37274b.html
Tier A,아로다,메이크업,C,C-O11,rainsy@dashopmall.co.kr,8201040124886,https://www.aroda.co.kr,high,export,,"하트투러브 립틴트 자체 컬러코스메틱 브랜드, 해외 바이어·유통 타겟 수출형.",https://www.intercharmkorea.com/ko-kr/exhibitor_directory/Exhibitor_detail.%EC%95%84%EB%A1%9C%EB%8B%A4.org-cfe4ac88-0d9f-434a-9dc0-b36e7c8732cb.html
Tier A,터치인솔,메이크업,C,C-O16,br@bonne.co.kr,02-6423-4126,https://touchinsol.com/,high,,,"메이크업 소비자 뷰티 브랜드 TOUCH IN SOL 운영, 명확한 자사 브랜드.",https://www.intercharmkorea.com/ko-kr/exhibitor_directory/Exhibitor_detail.%ED%84%B0%EC%B9%98%EC%9D%B8%EC%86%94.org-381366f8-b959-4b20-ac00-302853466481.html
Tier A,OFBASE,스킨케어,C,C-O21,william@eyesomekorea.co.kr,,http://www.ofbase.co.kr,high,,,K-뷰티 스킨케어 자체 브랜드 OFBASE로 다양한 기초 라인 보유.,https://www.intercharmkorea.com/ko-kr/exhibitor_directory/Exhibitor_detail.ofbase.org-e70559c7-cdb9-4647-8f63-4d3a1d0f3090.html
Tier A,데이셀코스메틱 주식회사,더마,C,C-O22,lancert@daycell.com,+82-10-3945-7564,https://daycellglobal.com/,high,,,"약국화장품 코스메슈티컬 기업, 20여 개 자체 브랜드·600여 종 소비자 제품 운영.",https://www.intercharmkorea.com/ko-kr/exhibitor_directory/Exhibitor_detail.%EB%8D%B0%EC%9D%B4%EC%85%80%EC%BD%94%EC%8A%A4%EB%A9%94%ED%8B%B1%20%EC%A3%BC%EC%8B%9D%ED%9A%8C%EC%82%AC.org-902f36d3-f83b-4f67-b0f5-c09b21b2d776.html
Tier A,"WONDER BATH (CSA COSMIC Co., Ltd.)",스킨케어,C,C-O26,jsm@csacosmic.com,070-4700-3932,https://www.wonderbath.com/,high,,,대표 K-뷰티 브랜드 WONDER BATH(클렌징·스킨케어)를 국내외 소비자에게 판매하는 자사 브랜드.,https://www.intercharmkorea.com/ko-kr/exhibitor_directory/Exhibitor_detail.wonder%20bath%20csa%20cosmic%20co%20ltd.org-6c765400-e1fd-4dd0-aca0-39b110c8f3f7.html
Tier A,fmk 에프엠케이,더마,C,C-O56,fmk@gfcos.co.kr,031-5183-5510,https://fmkcos.com/,high,indie,,전문가 영역 스킨부스터를 일상 화장대로 가져오는 D2C 소비자 스킨케어 브랜드 fmk 운영.,https://www.intercharmkorea.com/ko-kr/exhibitor_directory/Exhibitor_detail.fmk%20%EC%97%90%ED%94%84%EC%97%A0%EC%BC%80%EC%9D%B4.org-a61a047a-386d-4b3e-8e4d-0c827e71fe37.html
Tier A,리꼼 코스메틱,더마,C,C-P11,minwoolee@limetree.kr,+82-31-8066-7312,https://licorne.co.kr/,high,export,,"클린뷰티 자체 브랜드 리꼼·르블랑 리코네로 홈쇼핑 매진·고재구매율 기록, 20여개국 수출하는 소비자 브랜드.",https://www.intercharmkorea.com/ko-kr/exhibitor_directory/Exhibitor_detail.%EB%A6%AC%EA%BC%BC%20%EC%BD%94%EC%8A%A4%EB%A9%94%ED%8B%B1.org-b64dfbbd-17cc-4b0b-b82d-3d7663df7f54.html
Tier A,FORMECELL(포미셀),더마,C,C-P17,misun5508@naver.com,010-3885-1654,https://formecell.com,high,export,,"자체 더마/안티에이징 스킨케어 브랜드 FORMECELL 운영, 쿠션·크림 완제품 소비자 대상.",https://www.intercharmkorea.com/ko-kr/exhibitor_directory/Exhibitor_detail.formecell%ED%8F%AC%EB%AF%B8%EC%85%80.org-17ff0e6b-6b59-4ae5-ba52-16d976cc3fdd.html
Tier A,페이블,향수,C,C-P21,cs@atnature.co.kr,031-777-2342,https://fableperfume.com/,high,indie,,앳네이처의 퍼퓸 브랜드 페이블로 워터베이스 향수·바디/공간케어 소비자 완제품을 직접 조향·판매.,https://www.intercharmkorea.com/ko-kr/exhibitor_directory/Exhibitor_detail.%ED%8E%98%EC%9D%B4%EB%B8%94.org-dd9c8436-fb13-40a5-aeca-729965404af0.html
Tier A,뷰핸,바디,C,C-P26,beauhan@diami.co.kr,042-719-4188,https://beauhanmall.com/,high,export,,"DIAMI·BEAUHAN 자체 브랜드로 네일·핸드풋 웰니스 소비자 제품 운영, 인스타·유튜브 직접 소비자 소통.",https://www.intercharmkorea.com/ko-kr/exhibitor_directory/Exhibitor_detail.%EB%B7%B0%ED%95%B8.org-d415c611-6b66-4e21-963e-78ef578dbe7a.html
Tier A,주식회사 라피끄,스킨케어,C,C-Q03,cs@rafiqcosmetics.com,070-8822-9782,https://plentyplant.co.kr/,high,,,자체 브랜드 '플렌티플랜트' 식물유래 고기능성 스킨케어를 직접 전개하는 소비자 브랜드.,https://www.intercharmkorea.com/ko-kr/exhibitor_directory/Exhibitor_detail.%EC%A3%BC%EC%8B%9D%ED%9A%8C%EC%82%AC%20%EB%9D%BC%ED%94%BC%EB%81%84.org-daba1190-99c7-447d-8db8-9919b768463f.html
Tier A,고요이 GOYOYI,향수,C,C-Q05,hello@goyoyi.com,01024193758,https://goyoyi.com/?NaPm=ct%3Dmpgbeekh%7Cci%3Dcheckout%7Ctr%3Dds%7Ctrx%3Dnull%7Chk%3Ddb09065ae8709ba906dd4f6911afdda4b73,high,export,,"K-Fragrance 자사 향수 브랜드로 자사몰(goyoyi.com) 통해 소비자에게 직접 판매, 글로벌 확장 추진 중.",https://www.intercharmkorea.com/ko-kr/exhibitor_directory/Exhibitor_detail.%EA%B3%A0%EC%9A%94%EC%9D%B4%20goyoyi.org-3211f6ad-c7b4-4444-85fd-84984e6c1b1f.html
Tier A,피에이치하비,스킨케어,C,C-Q06,phhubby@phhubby.com,02-408-2021,https://en.phhubby.com/,high,,,Ph.Hubby 자체 선케어·클렌징·스킨케어 소비자 브랜드로 철학·특허원료(씀바귀) 기반 완제품 판매.,https://www.intercharmkorea.com/ko-kr/exhibitor_directory/Exhibitor_detail.%ED%94%BC%EC%97%90%EC%9D%B4%EC%B9%98%ED%95%98%EB%B9%84.org-63da4f77-1bc7-4ef9-8491-e1246148a266.html
Tier A,EYECANDY (아이캔디),헤어,C,C-Q07,stephen@jworksext.co.kr,010-2373-3646,https://en.eye-candy.co.kr/,high,,,"JWORKS 헤어브러시 국내 판매 1위 자사 브랜드(레인보우 볼륨S), 5000개 매장 입점한 소비자 헤어툴 브랜드.",https://www.intercharmkorea.com/ko-kr/exhibitor_directory/Exhibitor_detail.eyecandy%20%EC%95%84%EC%9D%B4%EC%BA%94%EB%94%94.org-eb370a21-7d25-4b0d-b82c-de6e789b59ec.html
Tier A,닥터펩티,더마,C,C-Q10,trade@jncoceu.com,,http://www.jncoceu.com/en/,high,export,,"닥터펩티는 펩타이드 버블 시리즈로 1년 700억 매출 기록한 더마 안티에이징 자사 소비자 브랜드, 아마존·틱톡샵 등 글로벌 유통.",https://www.intercharmkorea.com/ko-kr/exhibitor_directory/Exhibitor_detail.%EB%8B%A5%ED%84%B0%ED%8E%A9%ED%8B%B0.org-b1b0cc04-e7be-407a-a116-4ff1551cc11e.html
Tier A,(주)카푸네인터내셔널,헤어,C,C-Q13,t2o3p@naver.com,+82 10-9494-7304,https://cafuneglobal.com/,high,,,"두피·모발 K-헤어케어 자체 브랜드 카푸네 운영, 국내 온라인 유통·홈케어 소비자 제품 판매.",https://www.intercharmkorea.com/ko-kr/exhibitor_directory/Exhibitor_detail.%EC%A3%BC%EC%B9%B4%ED%91%B8%EB%84%A4%EC%9D%B8%ED%84%B0%EB%82%B4%EC%85%94%EB%84%90.org-bd13f790-311b-462b-819a-c678f746e3da.html
Tier A,주식회사 오버랩스,스킨케어,C,C-Q21,business@overlaps.co.kr,070-8671-2231,https://overlaps.co.kr/,high,export,,엑토인 장벽케어 자체 브랜드로 올리브영·아마존·틱톡샵 등 소비자 D2C 운영.,https://www.intercharmkorea.com/ko-kr/exhibitor_directory/Exhibitor_detail.%EC%A3%BC%EC%8B%9D%ED%9A%8C%EC%82%AC%20%EC%98%A4%EB%B2%84%EB%9E%A9%EC%8A%A4.org-daa2ee59-41c1-4509-bb3b-650b67bab202.html
Tier A,올어바웃아이즈,메이크업,C,C-R03,alleyes@all-eyes.kr,02-6241-3003,https://madame-lash.com/,high,,,"마담래쉬(Madame Lash) 자체 노글루 비건 속눈썹 소비자 브랜드를 보유, 자사몰 운영하는 아이래쉬 완제품 브랜드.",https://www.intercharmkorea.com/ko-kr/exhibitor_directory/Exhibitor_detail.%EC%98%AC%EC%96%B4%EB%B0%94%EC%9B%83%EC%95%84%EC%9D%B4%EC%A6%88.org-fad86938-e2cc-45e0-8bc5-6226d75492f8.html
Tier A,브라이트,더마,C,C-R04,,,https://smartstore.naver.com/brightbrush,high,,uncertain,BRIGHT는 PDRN·히알루론산 기반 더마코스메틱 자체 소비자 브랜드로 네이버 스마트스토어에서 직접 판매.,https://www.intercharmkorea.com/ko-kr/exhibitor_directory/Exhibitor_detail.%EB%B8%8C%EB%9D%BC%EC%9D%B4%ED%8A%B8.org-e9aff781-e6c4-4ab1-99b8-a0472746bf3e.html
Tier A,오오유 주식회사,스킨케어,C,C-R13,contact.bfou@gmail.com,07089977265,https://www.bfou.kr,high,indie,,진생씨앗·PDRN 마스크·미스트 등 자사 스킨케어 브랜드 bfou 보유·판매.,https://www.intercharmkorea.com/ko-kr/exhibitor_directory/Exhibitor_detail.%EC%98%A4%EC%98%A4%EC%9C%A0%20%EC%A3%BC%EC%8B%9D%ED%9A%8C%EC%82%AC.org-13137380-4e13-4608-bff9-cc9d4745967a.html
Tier A,올웨이즈비퓨어,스킨케어,L,L-A05,steven@kailani-int.com,+82-070-8838-0218,http://www.alwaysbepure.com,high,export,,"자연유래 저자극 스킨케어 자사 브랜드 'Always be Pure' 운영, 클린뷰티 소비자 브랜드.",https://www.intercharmkorea.com/ko-kr/exhibitor_directory/Exhibitor_detail.%EC%98%AC%EC%9B%A8%EC%9D%B4%EC%A6%88%EB%B9%84%ED%93%A8%EC%96%B4.org-c57cd700-c29d-4614-b44f-ed0e42db179f.html
Tier A,리타,스킨케어,L,L-A06,liita@proving-grounds.co.kr,+82) 2 6015 6070,https://www.liita-seoul.com,high,,confirmed,LIITA 자체 뷰티 브랜드로 스킨케어 완제품을 소비자 대상으로 전개(liita-seoul.com).,https://www.intercharmkorea.com/ko-kr/exhibitor_directory/Exhibitor_detail.%EB%A6%AC%ED%83%80.org-f5e70585-f8f4-4f08-b937-a22218d22d72.html
Tier A,바루쟈,스킨케어,L,L-A07,nsl@thevaruza.com,+82 31-495-9301,https://www.thevaruza.com,high,,,NSL의 프리미엄 비건 스킨케어 자체 소비자 브랜드 VARUZA로 글로벌 K-뷰티 소비자 대상 판매.,https://www.intercharmkorea.com/ko-kr/exhibitor_directory/Exhibitor_detail.%EB%B0%94%EB%A3%A8%EC%9F%88.org-23a3d47e-ca22-4f4c-ae47-3721117872a0.html
Tier A,주식회사 바이비카,헤어,L,L-A15,hello@inbutim.com,82 10-4266-5880,https://inbutim.com,high,,,"INBUTIM 두피·헤어·래쉬 케어 디스트레스 뷰티 브랜드, 명확한 소비자 자사 브랜드 보유.",https://www.intercharmkorea.com/ko-kr/exhibitor_directory/Exhibitor_detail.%EC%A3%BC%EC%8B%9D%ED%9A%8C%EC%82%AC%20%EB%B0%94%EC%9D%B4%EB%B9%84%EC%B9%B4.org-9899a85c-dc9a-426b-9305-89f1d2bec531.html
Tier A,(주)유에스티,스킨케어,L,L-A16,truthofbeauty@naver.com,070-4203-1847,https://www.truthofbeauty.kr,high,,,트루스 오브 뷰티(Truth Of Beauty) 자체 모던 스킨케어 소비자 브랜드를 보유·운영.,https://www.intercharmkorea.com/ko-kr/exhibitor_directory/Exhibitor_detail.%EC%A3%BC%EC%9C%A0%EC%97%90%EC%8A%A4%ED%8B%B0.org-3fd01f05-e59f-475e-b8d6-6cf1e1555535.html
Tier A,지비알아이디어,스킨케어,L,L-B11,seo9009@hanmail.net,070-4909-9831,https://www.vah.co.kr,high,,found,브이에이에이치 생산제품 전문 판매 자회사로 ARRA·아라한수 등 한방라인 자사 스킨케어 브랜드 판매.,https://www.intercharmkorea.com/ko-kr/exhibitor_directory/Exhibitor_detail.%EC%A7%80%EB%B9%84%EC%95%8C%EC%95%84%EC%9D%B4%EB%94%94%EC%96%B4.org-ff30cbb9-6f82-44a1-a831-6779177f56e5.html
Tier A,부드와서울,스킨케어,L,L-B22,grandidier_official@naver.com,07087730777,http://www.grandidier.kr,high,export,,"Grandidier는 다즐링티 기반 리추얼 뷰티 자체 브랜드, 아마존·면세점 직판으로 소비자 대상 명확.",https://www.intercharmkorea.com/ko-kr/exhibitor_directory/Exhibitor_detail.%EB%B6%80%EB%93%9C%EC%99%80%EC%84%9C%EC%9A%B8.org-5cca054b-9dcb-4698-a9e8-ee0a772e8cca.html
Tier A,(주)벤치컴퍼니 Bench company Inc,스킨케어,L,L-C06,hglee@benchcompany.kr,01099100963,https://www.fitroot.kr,high,,,자사 웰니스 액티브 뷰티 브랜드 FITROOT(Super Protein 독자성분)를 소비자에게 판매하는 스킨케어 브랜드.,https://www.intercharmkorea.com/ko-kr/exhibitor_directory/Exhibitor_detail.%EC%A3%BC%EB%B2%A4%EC%B9%98%EC%BB%B4%ED%8D%BC%EB%8B%88%20bench%20company%20inc.org-168e14e3-5d50-45ce-a97f-aab57056f65a.html
Tier A,셀릭사,더마,L,L-C07,kns.cosmetic@gmail.com,070-7780-7436,https://celixa.co.kr,high,,,"PDRN·줄기세포배양액 기반 더마 스킨케어 자사 브랜드로 와디즈 펀딩 1위, 전국 H&B 약국 입점 및 자사몰 운영.",https://www.intercharmkorea.com/ko-kr/exhibitor_directory/Exhibitor_detail.%EC%85%80%EB%A6%AD%EC%82%AC.org-c24cdcc4-5a84-447c-bf2e-1e37158fcdd5.html
Tier A,L-E03: Tender garden 텐더가든 / L-E04: BELDORA 벨도라,스킨케어,L,L-E03,vglobal@vplatform.kr,07077304700,https://vplatform.kr/,high,export,,"V.Platform이 텐더가든·벨도라·뮤센트 자체 브랜드 운영, 온오프·라이브커머스·KOL 마케팅까지 직접 소비자 판매.",https://www.intercharmkorea.com/ko-kr/exhibitor_directory/Exhibitor_detail.l-e03%20tender%20garden%20%ED%85%90%EB%8D%94%EA%B0%80%EB%93%A0%20%20l-e04%20beldora%20%EB%B2%A8%EB%8F%84%EB%9D%BC.org-da4200f9-addc-4806-b192-77b5495d2bc9.html
Tier A,주식회사 더연,스킨케어,L,L-G02,theyeonsales@theyeon.net,070-8855-9950,https://theyeon.kr/,high,export,,2012년 론칭 K-뷰티 브랜드로 비타7 라인 등 데일리 스킨케어 자체 개발·판매.,https://www.intercharmkorea.com/ko-kr/exhibitor_directory/Exhibitor_detail.%EC%A3%BC%EC%8B%9D%ED%9A%8C%EC%82%AC%20%EB%8D%94%EC%97%B0.org-0656f3bd-cfbc-4655-91d1-26ec6cdd5e56.html
Tier A,셀비오코스메틱(주),스킨케어,L,L-G06,cellviocosmetic@naver.com,032-812-6439,https://www.cellviocosmetic.co.kr/,high,export,confirmed,"DOLDORI 롤 마스크팩 자체 브랜드를 직접 연구·개발하는 기능성 마스크팩 K-뷰티, OEM/ODM도 하나 소비자 브랜드 명확.",https://www.intercharmkorea.com/ko-kr/exhibitor_directory/Exhibitor_detail.%EC%85%80%EB%B9%84%EC%98%A4%EC%BD%94%EC%8A%A4%EB%A9%94%ED%8B%B1%EC%A3%BC.org-4d5e11d6-095c-4866-ae71-a0400dc2ce69.html
Tier A,유니티,스킨케어,L,L-H01,luxevo@luxevo.co.kr,028688847,https://luxevo.co.kr,high,,,럭세보(Luxevo) 줄기세포·엑소좀·PDRN 기반 재생 스킨케어 자체 소비자 브랜드를 보유.,https://www.intercharmkorea.com/ko-kr/exhibitor_directory/Exhibitor_detail.%EC%9C%A0%EB%8B%88%ED%8B%B0.org-fc955d9d-b7cc-48d7-8b6f-418c29bde3c2.html
Tier A,이아이오(L-H02) / 누이브(L-H03),더마,L,L-H02,eiio@cosmetina.co.kr,,https://eiio.co.kr/,high,,found,"Cosmetina의 EIIO 자체 더마/장벽케어 스킨케어 소비자 브랜드를 보유, 민감성 피부 솔루션 판매.",https://www.intercharmkorea.com/ko-kr/exhibitor_directory/Exhibitor_detail.%EC%9D%B4%EC%95%84%EC%9D%B4%EC%98%A4l-h02%20%20%EB%88%84%EC%9D%B4%EB%B8%8Cl-h03.org-c4d6ca4d-ff09-4ab3-b930-e189c2650a25.html
Tier A,주식회사 씨에이치바이오,스킨케어,L,L-J01,chbiokorea@naver.com,010-8964-1599,https://www.chbio.net,high,,,자사 비건 브랜드 루트리(Rootree)·샤인pH를 올리브영 등 소매로 판매하는 소비자 스킨케어.,https://www.intercharmkorea.com/ko-kr/exhibitor_directory/Exhibitor_detail.%EC%A3%BC%EC%8B%9D%ED%9A%8C%EC%82%AC%20%EC%94%A8%EC%97%90%EC%9D%B4%EC%B9%98%EB%B0%94%EC%9D%B4%EC%98%A4.org-25d18fe1-d027-4bec-ad06-b46741ea4494.html
Tier B,(주)케이비에이치케어,더마,180,180,kbhcare@naver.com,82-2-868-4795,https://kbhcare.com/,high,export|sensitive|borderline,confirmed,"의약품·의료기기·화장품 수출 무역이 본업이나 CPNP 취득한 자사 브랜드 화장품 보유, 민감품목 혼재로 조건부.",https://www.intercharmkorea.com/ko-kr/exhibitor_directory/Exhibitor_detail.%EC%A3%BC%EC%BC%80%EC%9D%B4%EB%B9%84%EC%97%90%EC%9D%B4%EC%B9%98%EC%BC%80%EC%96%B4.org-53293870-5039-41a2-951a-98bd26c9bc65.html
Tier B,주식회사 아가파월드,홈디바이스,A,A-A01,info@agafar.com,+82-10-4407-9787,https://www.wechat.com/Afgfguknnn,low,borderline|device,uncertain,agafar 자체 시술후 스킨케어+뷰티디바이스 솔루션 보유하나 피부과 클리닉 네트워크·프랜차이즈 채널 판매 중심이라 직접 소비자 브랜드성 약함.,https://www.intercharmkorea.com/ko-kr/exhibitor_directory/Exhibitor_detail.%EC%A3%BC%EC%8B%9D%ED%9A%8C%EC%82%AC%20%EC%95%84%EA%B0%80%ED%8C%8C%EC%9B%94%EB%93%9C.org-0681f0ca-ea68-4275-a5a5-1b74586548cb.html
Tier B,듀얼테트라,홈디바이스,A,A-A17,customercare@cura-pulse.com,0507-1415-2544,https://dualtetra.co.kr/,high,device,Y,큐라펄스가 자체 R&D한 가정용 뷰티 디바이스 '듀얼테트라'를 AI 루틴 케어와 함께 소비자에 제안하는 자사 홈디바이스 브랜드.,https://www.intercharmkorea.com/ko-kr/exhibitor_directory/Exhibitor_detail.%EB%93%80%EC%96%BC%ED%85%8C%ED%8A%B8%EB%9D%BC.org-78f9c1b6-d4f9-4df3-841c-e8c8d2a4a516.html
Tier B,(주)제노헬릭스,더마,A,A-A18,xenohelix@xenohelix.com,+82 32 815 7213,http://www.xenohelix.com,high,borderline,confirmed,"바이오 소재 기술 기반이나 미스트·토너·세럼·헤어토닉 등 고기능성 소비자 제품군을 자사 출품, 소재기업 성격 동반이라 소비자 채널 확인 필요.",https://www.intercharmkorea.com/ko-kr/exhibitor_directory/Exhibitor_detail.%EC%A3%BC%EC%A0%9C%EB%85%B8%ED%97%AC%EB%A6%AD%EC%8A%A4.org-6039b468-b96c-4d8f-a51e-140874f47294.html
Tier B,Beaufirst Global Company Limited,더마/스킨케어,A,A-B01,Beaufirstglobal@gmail.com,,,medium,borderline|export,uncertain,Dērmyxis 브랜드로 18 SKU·5라인 엑소좀/펩타이드 더마 스킨케어 보유하나 한국 제조품 정식수입 유통 성격이라 자체 브랜드 여부 확인 필요.,https://www.intercharmkorea.com/ko-kr/exhibitor_directory/Exhibitor_detail.beaufirst%20global%20company%20limited.org-aee1d76f-d02d-434a-83d3-8b11d969bfea.html
Tier B,DERMA YOURCELL,더마,A,A-B06,fruitsjuice@naver.com,010-8070-3260,https://www.dermayourcell.com/,high,,Y,"온라인 가격방어 잘되는 더마코스메틱 자체 브랜드로 피부타입별 라인 솔루션을 소비자에 판매, 더마라 조건부.",https://www.intercharmkorea.com/ko-kr/exhibitor_directory/Exhibitor_detail.derma%20yourcell.org-7e1b7935-94aa-444a-9c3b-1771541a8152.html
Tier B,메딕콘,홈디바이스,A,A-B17,medicon@medicon.co.kr,070-4220-2582,http://www.medicon.co.kr/,high,device|borderline,confirmed,초음파 뷰티디바이스 자체개발 가정용 홈케어 라인 보유하나 OEM·전문가용 병행으로 조건부.,https://www.intercharmkorea.com/ko-kr/exhibitor_directory/Exhibitor_detail.%EB%A9%94%EB%94%95%EC%BD%98.org-35abff4f-a2c4-4560-867e-5b30fb2f57f5.html
Tier B,피텐,더마,A,A-B18,pms@pitenkorea.com,821090614318,https://www.drpiten.com,high,borderline|sensitive,confirmed,Dr.Piten 소비자 더마 브랜드이나 아토피·습진·모낭염·국부 가려움 등 의약품성 효능 소구가 강하고 펫·관절케어까지 혼재해 민감·애매함.(검증변경),https://www.intercharmkorea.com/ko-kr/exhibitor_directory/Exhibitor_detail.%ED%94%BC%ED%85%90.org-1890a2c2-9c4e-4207-b990-55d19335f304.html
Tier B,"ILLON CO., LTD",더마/스킨케어,A,A-B21,global@illon.co.kr,+82 2 338 1452,https://theillon.com/en,high,borderline,confirmed,흡수 중심 하이브리드 코스메슈티컬 자체 브랜드 ILLON(브랜드 사이트 theillon.com) 운영이나 desc에 소비자 판매·리테일 채널 근거가 약해 확인 필요.,https://www.intercharmkorea.com/ko-kr/exhibitor_directory/Exhibitor_detail.illon%20co%20ltd.org-c10eb2fd-cc4a-458e-9953-c672c46a77d5.html
Tier B,주식회사 에르띠코리아,더마,A,A-C02,ertykorea@naver.com,070-7677-0924,https://www.ertykorea.com/,high,export,Y,"에르띠 자체 더마 에스테틱 브랜드로 ER크림·앰플·클렌저 라인 보유, 10개국 이상 수출 재생 스킨케어.",https://www.intercharmkorea.com/ko-kr/exhibitor_directory/Exhibitor_detail.%EC%A3%BC%EC%8B%9D%ED%9A%8C%EC%82%AC%20%EC%97%90%EB%A5%B4%EB%9D%A0%EC%BD%94%EB%A6%AC%EC%95%84.org-f90a7256-d734-4450-8c54-6f6383cee1bb.html
Tier B,리쥬멜라 코리아,더마,A,A-C03,rejumela@naver.com,02-443-6624,https://www.rejumela.co.kr,high,borderline,confirmed,R&D 전문 표방하나 REJUMELA 브랜드로 시술후회복·홈케어 완제품을 자체몰(rejumela.co.kr)에서 소비자 판매.,https://www.intercharmkorea.com/ko-kr/exhibitor_directory/Exhibitor_detail.%EB%A6%AC%EC%A5%AC%EB%A9%9C%EB%9D%BC%20%EC%BD%94%EB%A6%AC%EC%95%84.org-9ebff038-1c93-44e1-824f-030f94c881dc.html
Tier B,"BIO GLORIOUS CO.,LTD.",더마,A,A-C06,bioglorious@naver.com,02-3492-0777,https://palab.co.kr/,high,oem_with_brand|export|borderline,confirmed,"OEM/ODM 제조사이나 자체 더마 브랜드 USOLAB 70제품을 1000+병원·12개국 유통, 다만 병원 전문채널 비중 커 조건부.",https://www.intercharmkorea.com/ko-kr/exhibitor_directory/Exhibitor_detail.bio%20glorious%20coltd.org-2f66bd08-6ad1-4e4e-9141-64ee50a2193c.html
Tier B,KYUNGLAB,더마,A,A-C07,info@ssmb.vn,1900 6383 89 (베트남),https://kyunglab.kr/  ; https://kyunglab.vn/,high,export|borderline,Y,"한국 프리미엄 더마 코스메틱 자체 브랜드 경랩이나, 출품 주체는 베트남 독점유통사 SSMB로 B2B·수출 중심이라 국내 인플 의향 확인 필요.",https://www.intercharmkorea.com/ko-kr/exhibitor_directory/Exhibitor_detail.kyunglab.org-058c542b-ae1d-4546-9367-3cbba2c27f75.html
Tier B,㈜나인원코스메디,더마,A,A-C11,official@91cosmedi.com,02-2664-7891,https://www.wechat.com/nineone9179,high,oem_with_brand|borderline,corrected,"OEM/ODM 제조사이나 Rebloom·Curacion·Vital-medi 자사 브랜드 보유, 에스테틱·뷰티살롱 채널 중심이라 일반 소비자 인플 의향 조건부.",https://www.intercharmkorea.com/ko-kr/exhibitor_directory/Exhibitor_detail.%EB%82%98%EC%9D%B8%EC%9B%90%EC%BD%94%EC%8A%A4%EB%A9%94%EB%94%94.org-1594d101-57ba-4fd4-ba55-9afe0d5b0088.html
Tier B,르베라쥬,스킨케어,A,A-D21,lebelage@lebelage.co.kr,+82-2-542-3292,https://lebelage.co.kr/,high,export,Y,자체 화장품 브랜드 LEBELAGE·HEEYUL 보유하나 40개국 수출중심으로 국내 인플 의향 불명확.,https://www.intercharmkorea.com/ko-kr/exhibitor_directory/Exhibitor_detail.%EB%A5%B4%EB%B2%A0%EB%9D%BC%EC%A5%AC.org-18c803be-34f2-4461-bc72-fa5ec798209b.html
Tier B,에텔랑,스킨케어,A,A-D32,thyme9905@naver.com,010-3133-3536,https://www.etelanc.com,high,borderline,corrected,해외 에스테틱 브랜드 수입과 함께 자체 화장품 브랜드 에텔랑 보유하나 주로 에스테틱 전문(B2B) 채널이라 조건부.,https://www.intercharmkorea.com/ko-kr/exhibitor_directory/Exhibitor_detail.%EC%97%90%ED%85%94%EB%9E%91.org-bfb5241c-7353-482e-bcd2-8ad89d9a8ecc.html
Tier B,세포랩,더마,A,A-E01,cepolab@naver.com,,https://cepolab.com/,high,borderline,corrected,desc 비어있음. 사명 세포랩/cepolab 자체도메인몰로 더마코스메틱 소비자 브랜드 추정하나 근거 약함.,https://www.intercharmkorea.com/ko-kr/exhibitor_directory/Exhibitor_detail.%EC%84%B8%ED%8F%AC%EB%9E%A9.org-2a6cae07-e06e-444d-8b59-4979e719deb3.html
Tier B,주식회사 메조팜,더마,A,A-E16,purple9260@hnamail.net,010-9938-2525,https://mesopharm.co.kr/,medium,borderline|oem_with_brand,uncertain,"제조 전문이나 다수 자체 브랜드 보유, 메디컬·살롱 코스메슈티컬로 소비자 직판 채널 여부는 확인 필요.",https://www.intercharmkorea.com/ko-kr/exhibitor_directory/Exhibitor_detail.%EC%A3%BC%EC%8B%9D%ED%9A%8C%EC%82%AC%20%EB%A9%94%EC%A1%B0%ED%8C%9C.org-005863fa-2119-476c-95f8-5e1bf8854ee4.html
Tier B,(주)미성메탈,뷰티소품,A,A-E21,jkhan@misunggc.co.k,0415546334,https://smartstore.naver.com/misunggc,low,borderline,uncertain,헤어브러시·미용소품 자체기획 상품을 스마트스토어로 판매하나 유통사·바이어 협업 중심이라 조건부.,https://www.intercharmkorea.com/ko-kr/exhibitor_directory/Exhibitor_detail.%EC%A3%BC%EB%AF%B8%EC%84%B1%EB%A9%94%ED%83%88.org-4152f485-d10c-4b5a-a7f7-ed6eae93d717.html
Tier B,주식회사 정코스메틱,더마,A,A-F03,jungco@jungco.co.kr,041-910-3737,http://www.essello.co.kr,high,oem_with_brand|borderline,Y,"OEM/ODM 겸영이나 자사브랜드 베아티스·허니비 보유, 다만 신규 에쎌로는 피부과·에스테틱 전용이라 소비자 직접판매 채널 확인 필요.",https://www.intercharmkorea.com/ko-kr/exhibitor_directory/Exhibitor_detail.%EC%A3%BC%EC%8B%9D%ED%9A%8C%EC%82%AC%20%EC%A0%95%EC%BD%94%EC%8A%A4%EB%A9%94%ED%8B%B1.org-2d78c2cd-bb3f-41b9-93f3-e1c16e57d26c.html
Tier B,AESTHEIN,더마,A,A-F27,aesthein_sa@naver.com,0507-1364-1649,http://aesthein.kr,high,borderline|export,corrected,에스테틱 전문 브랜드로 클리닉+홈케어 고기능성 제품 보유하나 전문가향·수출·아카데미 중심이라 국내 인플 의향 불명확.,https://www.intercharmkorea.com/ko-kr/exhibitor_directory/Exhibitor_detail.aesthein.org-dce3d810-3031-4203-9e68-a5667191b031.html
Tier B,㈜3일애,더마,A,A-G32,sales@3dayslove.kr,0215771586,https://www.3dayslove.kr/,medium,indie,uncertain,제주 감귤 줄기세포 엑소좀 스킨부스터 크림 등 자체 완제품을 .kr몰로 보유한 신생 코스메슈티컬 브랜드.,https://www.intercharmkorea.com/ko-kr/exhibitor_directory/Exhibitor_detail.3%EC%9D%BC%EC%95%A0.org-b4fa5886-d5fd-490e-92bf-0c0b65d0a79e.html
Tier B,더마퀸,홈디바이스,A,A-H21,limta11@naver.com,+82-70-4153-7773,https://themaqueen.com/,high,device|export|oem_with_brand,confirmed,쿨링마사저·클렌징브러시 뷰티기기 제조사로 자체 브랜드 themaqueen을 올리브영·쿠팡 등에 판매하나 OEM·수출 비중 커 조건부.,https://www.intercharmkorea.com/ko-kr/exhibitor_directory/Exhibitor_detail.%EB%8D%94%EB%A7%88%ED%80%B8.org-1340538b-c1c5-4cda-8e26-f9adbdc00b35.html
Tier B,㈜바이오에프디엔씨,더마,A,A-H27,global@biofdnc.com,062-373-8381,https:// www.biofdnc-global.com,high,oem_with_brand|borderline,corrected,코스메슈티컬 원료·OEM 공급이 핵심인 바이오 소재기업이나 필로리젠·리쥬피나 자사 앰플·패치 보유로 조건부.,https://www.intercharmkorea.com/ko-kr/exhibitor_directory/Exhibitor_detail.%EB%B0%94%EC%9D%B4%EC%98%A4%EC%97%90%ED%94%84%EB%94%94%EC%97%94%EC%94%A8.org-b4b7809b-a60a-4585-b3e7-c0fa33292011.html
Tier B,(주)울파인,홈디바이스,A,A-H37,ulfine@naver.com,0325747174,http://ulfine.co.kr/,high,device,Y,초음파+RF 충전식 가정용 페이셜 기기 BAROLIF를 자체 브랜드 ULFINE로 일상용 소비자에게 판매하는 홈 뷰티 디바이스 브랜드.,https://www.intercharmkorea.com/ko-kr/exhibitor_directory/Exhibitor_detail.%EC%A3%BC%EC%9A%B8%ED%8C%8C%EC%9D%B8.org-97fde760-54ca-41b5-99f2-d8e6e6fcd5ac.html
Tier B,(주)피노젠,스킨케어/이너뷰티,A,A-I02,pinogen@pinogen.com,054-854-8001,https://pinogen.com/,high,borderline|indie,corrected,"소나무 부산물 업사이클 소셜벤처로 자체 도메인·스킨케어/이너뷰티 카테고리 보유, 다만 OEM/ODM 병행이라 자사 브랜드 판매 확인 필요.",https://www.intercharmkorea.com/ko-kr/exhibitor_directory/Exhibitor_detail.%EC%A3%BC%ED%94%BC%EB%85%B8%EC%A0%A0.org-45e82f32-6644-41d9-89e9-e740f91634c3.html
Tier B,"BiOBiO Co.,Ltd.",바디,A,A-I06,biobiocos@naver.com,+8270-4651-6743,https://www.biobiokorea.com/,medium,borderline,notfound,풋샴푸·풋데오미스트 등 손발톱·발 위생 홈케어 자체제품을 개발·유통하나 전문샵·프랜차이즈·교육 비중 커 조건부.,https://www.intercharmkorea.com/ko-kr/exhibitor_directory/Exhibitor_detail.biobio%20coltd.org-83dd9997-6d22-4820-9ce8-b75ec416380a.html
Tier B,주식회사 라메디텍,홈디바이스,A,A-I11,puraxel@lameditech.com,02-852-7982,https://www.puraxel.co.kr,high,device,Y,퓨라셀(PURAXEL) 자체 레이저 뷰티디바이스 브랜드로 전문가용+홈케어 라인 보유한 가정용 디바이스.,https://www.intercharmkorea.com/ko-kr/exhibitor_directory/Exhibitor_detail.%EC%A3%BC%EC%8B%9D%ED%9A%8C%EC%82%AC%20%EB%9D%BC%EB%A9%94%EB%94%94%ED%85%8D.org-a418e67e-6c5a-44a4-bcdd-ba88ef89fb2a.html
Tier B,(주)엠피컴퍼니,더마,A,A-I27,jungye@medipair.co.kr,01080407116,https://www.medipair.co.kr/,high,borderline|indie,confirmed,2022년 설립 화장품 제조법인으로 제조·기술이전 색채가 강하나 BIO24·MEDIPAIR 자사 더마 라인과 medipair.co.kr 소비자몰 보유로 조건부 B.,https://www.intercharmkorea.com/ko-kr/exhibitor_directory/Exhibitor_detail.%EC%A3%BC%EC%97%A0%ED%94%BC%EC%BB%B4%ED%8D%BC%EB%8B%88.org-006a3eb4-8327-45b6-aa71-0785271b1e49.html
Tier B,MLAY INTERNATIONAL LIMITED,홈디바이스,A,A-I43,mt@mlays.com,00852-70108836,https://www.mlays.com,high,device|export|borderline,corrected,"MLAY 자체 브랜드로 PSE/NRTL/TGA 등 전기·기기 인증을 받아 가정용 뷰티 디바이스를 글로벌 D2C 판매하는 정황, 조건부 device.",https://www.intercharmkorea.com/ko-kr/exhibitor_directory/Exhibitor_detail.mlay%20international%20limited.org-606e49cb-a412-486f-a886-6e8085cbb2f2.html
Tier B,미영씨앤씨,헤어,A,A-J08,ecomine@ecomine.co.kr,051-808-2778,https://hesolmall.com/,medium,borderline,uncertain,18개 프랜차이즈·5천여 살롱에 두피모발 솔루션 공급(B2B 성격 강함)이나 자체몰(hesolmall) 운영하며 스킨케어 확장 중.,https://www.intercharmkorea.com/ko-kr/exhibitor_directory/Exhibitor_detail.%EB%AF%B8%EC%98%81%EC%94%A8%EC%95%A4%EC%94%A8.org-2ce920d1-cedd-41f6-9515-3e380ab5df6e.html
Tier B,디오에스앤유니크,홈디바이스,A,A-K06,help@doskorea.co.kr,02-444-9962,https://dosinternational.co.kr/en/,high,borderline|device,corrected,화이트 태닝 시스템·뷰티 디바이스와 전용 화장품을 자체 개발·생산·유통하나 태닝 장비가 업소용 성격 강해 소비자향 조건부.,https://www.intercharmkorea.com/ko-kr/exhibitor_directory/Exhibitor_detail.%EB%94%94%EC%98%A4%EC%97%90%EC%8A%A4%EC%95%A4%EC%9C%A0%EB%8B%88%ED%81%AC.org-2cd97758-6ab2-4277-b02f-82ed9f926b67.html
Tier B,엑소블랑,홈디바이스,A,A-K13,info@linkusglobal.kr,+827041374555,https://linkusglobal.kr/,high,device|borderline|export,corrected,Kairax필러·Kaimax톡신 등 클리닉용이 주력이나 Exoblanc은 일상 스킨케어 시장 겨냥한 홈케어 마이크로니들 디바이스 자체브랜드로 소비자대상 존재. (검증변경),https://www.intercharmkorea.com/ko-kr/exhibitor_directory/Exhibitor_detail.%EC%97%91%EC%86%8C%EB%B8%94%EB%9E%91.org-9fbf3d02-cfc5-4882-961f-70e75eb5af42.html
Tier B,(주)새로핸즈,향수,A,A-K21,saero@saero.co.kr,02-2211-1157,https://www.saerohands.com/,high,oem_with_brand,corrected,"향수 OEM/ODM 기반이나 '퍼퓸얼','센트홈' 등 자체 완제품 라인을 완제품 시장으로 확장 중인 소비자 향수 브랜드",https://www.intercharmkorea.com/ko-kr/exhibitor_directory/Exhibitor_detail.%EC%A3%BC%EC%83%88%EB%A1%9C%ED%95%B8%EC%A6%88.org-b0df1b71-358f-41db-ae9d-b2501c76f5dd.html
Tier B,(주)제이앤제이,더마,A,A-L06,jnj_25@daum.net,070-7405-2881,https://earthera01.cafe24.com/,high,borderline,confirmed,desc는 추상적 R&D·뷰티제품 위주이나 공식 웹사이트가 카페24 자사몰(earthera)이라 더마 소비자 브랜드 운영으로 추정되어 확인 필요.,https://www.intercharmkorea.com/ko-kr/exhibitor_directory/Exhibitor_detail.%EC%A3%BC%EC%A0%9C%EC%9D%B4%EC%95%A4%EC%A0%9C%EC%9D%B4.org-0283fc8d-3d3d-4857-89de-5d74393ebfd6.html
Tier B,BOTA C X Choi's Choice lab,스킨케어,A,A-L08,cheonghaedam@gmail.com,033-635-6640,https://www.kglowmelb.com,high,export|indie,Y,2020년 호주 런칭 기능성 K-뷰티 자체 브랜드로 6종 라인업 보유하나 유통이 호주 클리닉·살롱·약국 B2B 중심이라 국내 인플 의향 불명확함.,https://www.intercharmkorea.com/ko-kr/exhibitor_directory/Exhibitor_detail.bota%20c%20x%20chois%20choice%20lab.org-7a2becaf-1923-4436-a14a-40a84dcb74d7.html
Tier B,VINACEUTICALS,더마,A,A-L11,official@vinaceuticals.vn,+84901288809,https://vinaceuticals.vn,medium,export|indie|borderline,notfound,베트남 자체 코스메슈티컬 생태계로 자사 실험실에서 임상검증 스킨케어를 연구·개발·판매하는 소비자 브랜드이나 해외 신생이라 국내 인플 의향 불명확.,https://www.intercharmkorea.com/ko-kr/exhibitor_directory/Exhibitor_detail.vinaceuticals%20.org-c13955ce-384e-4ba1-9f1f-49fd6c762f4a.html
Tier B,비오아이,바디,A,A-N02,jaypal_company@naver.com,010-6279-6396,https://bringorganic.com,high,oem_with_brand,confirmed,OEM/ODM 기업이나 자체 브랜드 '브링오가닉' 운영하며 셀프왁싱·홈케어 소비자 제품 보유로 조건부 대상.,https://www.intercharmkorea.com/ko-kr/exhibitor_directory/Exhibitor_detail.%EB%B9%84%EC%98%A4%EC%95%84%EC%9D%B4.org-abc8424d-fb95-45f7-9c16-eead15bd8e14.html
Tier B,SHAAN HONQ INT'L COSMETICS CORP.,헤어,A,A-N33,sophia@shaanhonq.com.tw,+88672240011,https://www.shaanhonq.com.tw/,high,borderline|export,corrected,40년 헤어케어·염모 자체 브랜드(AI SMART 새치커버 컬러) 보유하나 살롱·스타일리스트 전문가용 포지셔닝이라 소비자 인플 적합성 조건부.,https://www.intercharmkorea.com/ko-kr/exhibitor_directory/Exhibitor_detail.shaan%20honq%20intl%20cosmetics%20corp.org-09d03dd5-6a20-4b94-9e10-79d635647d3b.html
Tier B,코이즈,더마,A,A-O06,mkt@oxyfacial.com,01053334714,https://oxygenceuticals.co.kr/,high,borderline|export,corrected,산소 스킨케어 자체 브랜드 옥시젠슈티컬스(자사몰 보유) 운영하나 병의원 800곳·35개국 수출·시술후처치 B2B 중심이라 조건부.,https://www.intercharmkorea.com/ko-kr/exhibitor_directory/Exhibitor_detail.%EC%BD%94%EC%9D%B4%EC%A6%88.org-71cc60a4-6761-4e16-b31c-22d7b47b650a.html
Tier B,(주)배쓰프로젝트,바디,A,A-O14,office@bathproject.kr,070-8800-7700,https://www.bathproject.kr/,high,oem_with_brand|export,confirmed,"desc상 '스파&바디케어 브랜드이자 OEM/ODM 제조사', 입욕제·퍼퓸 바디케어를 올리브영·다이소 등 소비자 채널에 유통하나 OEM 비중 큼.",https://www.intercharmkorea.com/ko-kr/exhibitor_directory/Exhibitor_detail.%EC%A3%BC%EB%B0%B0%EC%93%B0%ED%94%84%EB%A1%9C%EC%A0%9D%ED%8A%B8.org-4fdc9cd2-0a87-4ddf-996a-cca6d002b733.html
Tier B,바이더퀄리티,더마,A,A-O21,bythequality@gmail.com,+82 70-4233-3347,https://www.bythequality.com/en,high,export|borderline,confirmed,"Alo Zulene·LactZe 자사 더마코스메틱 브랜드이나 에스테틱 클리닉·전문가 대상 중심, CPNP·MoCRA 수출 확장형이라 조건부.",https://www.intercharmkorea.com/ko-kr/exhibitor_directory/Exhibitor_detail.%EB%B0%94%EC%9D%B4%EB%8D%94%ED%80%84%EB%A6%AC%ED%8B%B0.org-1a892f76-cdda-417a-879b-e7c48e864db3.html
Tier B,epielle,스킨케어,A,A-O26,online@epielle.com,031-625-2201,https://epielle.com/,high,export,found,자사 브랜드 epielle 보유하나 20년간 미국 유통 중심 수출형이라 국내 인플 의향 불명확.,https://www.intercharmkorea.com/ko-kr/exhibitor_directory/Exhibitor_detail.epielle.org-b5473045-76b5-42bc-9bac-fe0f327d9a33.html
Tier B,Korea Honey,스킨케어,A,A-O36,sharp-be@naver.com,01063187201,https://www.sharp-be.com/,high,borderline,corrected,양봉농협 자회사로 꿀·프로폴리스 원료 기반 화장품 개발·마케팅하며 프리미엄 코스메틱 시장 진입 중이나 자사 브랜드 정립 단계 확인 필요.,https://www.intercharmkorea.com/ko-kr/exhibitor_directory/Exhibitor_detail.korea%20honey.org-8d1e9730-e8c1-49b3-8d0b-ad4934ea2559.html
Tier B,TRINICELL,더마,A,A-O37,contact@trinicell.co.kr,01077712071,https://trinicell.co.kr/,high,,Y,"슬로에이징 더마 브랜드로 Derma Ritual 홈케어 루틴을 시술 후·민감피부 소비자에 판매, 코스메슈티컬/더마라 조건부.",https://www.intercharmkorea.com/ko-kr/exhibitor_directory/Exhibitor_detail.trinicell.org-7e4dfafd-713d-462a-8489-7808e966e817.html
Tier B,주식회사 제트글로벌,더마,A,A-P01,tomtittot.official@gmail.com,01021717957,https://tomtittot.com/,high,export|borderline,corrected,"2020년 tom-tit-tot 브랜드 런칭해 태국·미국 등 수출, 에스테틱 전용이나 홈케어 겸용 개발 중이라 소비자 직접판매 비중 확인 필요.",https://www.intercharmkorea.com/ko-kr/exhibitor_directory/Exhibitor_detail.%EC%A3%BC%EC%8B%9D%ED%9A%8C%EC%82%AC%20%EC%A0%9C%ED%8A%B8%EA%B8%80%EB%A1%9C%EB%B2%8C.org-a9eea1bc-ef55-43fe-9009-edf5781b7dcd.html
Tier B,"MIMO CO., LTD.",네일,A,A-P20,sales@mimonail.com,821028736306,https://mimonail.com/,high,borderline|oem_with_brand,corrected,"네일 OEM/ODM 제조사이나 자체 브랜드 LAGELAVU·MIMO 보유, 네일은 비핵심 뷰티라 조건부.",https://www.intercharmkorea.com/ko-kr/exhibitor_directory/Exhibitor_detail.mimo%20co%20ltd.org-783c9ec9-a4e5-4994-af08-f72dffade9ac.html
Tier B,JKOSMEC,스킨케어,A,A-P21,sales@jkosmecseoul.com,82-70-5175-0100,https://kr.linkedin.com/in/jkomecs-korea-a50a26259,high,export|oem_with_brand,corrected,K-beauty 자체 브랜드 표방하며 마스크·클렌저·세럼·헤어케어 풀라인 보유하나 OEM 병행·30개국 수출 중심이라 국내 인플 의향 불명확.,https://www.intercharmkorea.com/ko-kr/exhibitor_directory/Exhibitor_detail.jkosmec.org-41f872d0-080d-4da7-b251-48c684c8948c.html
Tier B,성림 BNC,홈디바이스,A,A-R02,sunglimbnc@naver.com,02-413-1945,http://www.sunglimbnc.com,medium,device|export,uncertain,"에스테틱 기기와 앰플·크림·기능성 화장품을 홈케어·전문가용으로 운영하는 자체 브랜드, 기기·화장품 혼합으로 조건부.",https://www.intercharmkorea.com/ko-kr/exhibitor_directory/Exhibitor_detail.%EC%84%B1%EB%A6%BC%20bnc.org-90f762f7-3c03-41be-9877-595857061342.html
Tier B,(주)바이오센서연구소,스킨케어,A,A-R21,franz@biosensorlab.com,+8225345239,https://franzskincareusa.com/,high,export,corrected,"자체 R&D 성분(SP-EGF 등) 기반 스킨케어 브랜드 FRANZ 보유, 미국몰(franzskincareusa.com) 운영하나 해외중심으로 국내 인플 의향 불명확.",https://www.intercharmkorea.com/ko-kr/exhibitor_directory/Exhibitor_detail.%EC%A3%BC%EB%B0%94%EC%9D%B4%EC%98%A4%EC%84%BC%EC%84%9C%EC%97%B0%EA%B5%AC%EC%86%8C.org-5e72409c-5a4f-4ee1-82e2-fd20ef2ee2e4.html
Tier B,Wati For Skin,스킨케어,A,A-R29,twotigers2222@naver.com,070-4366-5940,https://youtu.be/UiaA9IiuFWA,high,export,Y,고기능성 스킨케어 자사 브랜드 'Wati for Skin'(128 SKU) 전개하나 24개국 수출·바이어 마진 중심으로 수출형.,https://www.intercharmkorea.com/ko-kr/exhibitor_directory/Exhibitor_detail.wati%20for%20skin.org-a1a70b89-223a-40fa-bf27-c83bbba7e285.html
Tier B,바이오셀힐 & 카토-카토,더마,A,A-R34,sallyshen__@naver.com,01062613686,https://bluecpr.com,high,,Y,"바이오셀힐 자체 더마 스킨케어 브랜드로 독자성분 PDRNOLEN·더마테스트 등급, 피부 고민별 소비자 라인 보유.",https://www.intercharmkorea.com/ko-kr/exhibitor_directory/Exhibitor_detail.%EB%B0%94%EC%9D%B4%EC%98%A4%EC%85%80%ED%9E%90%20%20%EC%B9%B4%ED%86%A0-%EC%B9%B4%ED%86%A0.org-c324e763-1ae4-4720-a74c-11ec6a097a69.html
Tier B,(주)씨유스킨,더마,A,A-R39,info@cuskin.com,010 3649 2142,https://www.cueshop.co.kr,high,borderline,corrected,피부과 협력 코스메슈티컬 제조·유통이나 클리닉/에스테틱 전문채널 중심이라 소비자 D2C 브랜드성은 미확인,https://www.intercharmkorea.com/ko-kr/exhibitor_directory/Exhibitor_detail.%EC%A3%BC%EC%94%A8%EC%9C%A0%EC%8A%A4%ED%82%A8.org-6a74b51e-315a-4f7b-8344-2a2e2f0ef480.html
Tier B,일공일공 이미지플러스,바디/이너뷰티,C,C-I04,1010master@naver.com,032)623-8717,https://www.tentengroup.net,high,sensitive|borderline,confirmed,자사 소비자 브랜드 이미지플러스(Y존 케어 화장품)·먹는 이미지 제품 운영하나 여성 인티메이트 케어 민감군 성격이라 조건부.,https://www.intercharmkorea.com/ko-kr/exhibitor_directory/Exhibitor_detail.%EC%9D%BC%EA%B3%B5%EC%9D%BC%EA%B3%B5%20%EC%9D%B4%EB%AF%B8%EC%A7%80%ED%94%8C%EB%9F%AC%EC%8A%A4.org-edc11e36-274b-4172-a39a-db9b6dd63f70.html
Tier B,인솔 주식회사,더마,C,C-I13,ninova@in-sol.co.kr,02-404-7990,https://kr.linkedin.com/company/in-sol,high,derma,Y,체외진단 의료기기 기업 출발이나 NINOVA 자체 저자극 더마·마이크로바이옴 스킨케어 소비자 브랜드(멀티펩타이드 넥크림 등) 보유.,https://www.intercharmkorea.com/ko-kr/exhibitor_directory/Exhibitor_detail.%EC%9D%B8%EC%86%94%20%EC%A3%BC%EC%8B%9D%ED%9A%8C%EC%82%AC.org-888d6b00-c7b9-4aec-b8dc-214b5604a4e5.html
Tier B,주식회사 제이비무역,홈디바이스,C,C-I20,yrkwoon@naver.com,070-4144-8548,https://charmbody.co.kr/,high,device,Y,"프리미엄 홈케어 브랜드 참바디(CHAMBODY) 자사몰 보유, 각질제거기 발가리PRO 등 가정용 뷰티 디바이스 소비자 브랜드(생활가전 혼재).",https://www.intercharmkorea.com/ko-kr/exhibitor_directory/Exhibitor_detail.%EC%A3%BC%EC%8B%9D%ED%9A%8C%EC%82%AC%20%EC%A0%9C%EC%9D%B4%EB%B9%84%EB%AC%B4%EC%97%AD.org-53bdd398-ecd2-47d2-89ac-b2c7aabf6e15.html
Tier B,주식회사 에이치피앤씨,더마,C,C-K42,hpncmall@hpnc.co.kr,,http://hpnc.co.kr/,high,oem_with_brand|sensitive,confirmed,테라비코스·라비덤·메이톨로 자체 코스메슈티컬 브랜드 보유하나 필러·의약품·OEM 등 의료 B2B 비중 큼.,https://www.intercharmkorea.com/ko-kr/exhibitor_directory/Exhibitor_detail.%EC%A3%BC%EC%8B%9D%ED%9A%8C%EC%82%AC%20%EC%97%90%EC%9D%B4%EC%B9%98%ED%94%BC%EC%95%A4%EC%94%A8.org-b02481c2-332f-40ec-a0a4-bd99e6dff6b2.html
Tier B,주식회사 오션스인터내셔널,스킨케어/메이크업,C,C-L36,oseans@oseansint.com,,http://www.oseansint.com/kr/,high,oem_with_brand|export,corrected,"OEM/ODM 주력이나 더프레스카랩·므시뚜·콜라보엑스 등 자체 OBM 소비자 브랜드 운영, 다만 수출·B2B 고객사 중심이라 국내 인플 의향 확인 필요.",https://www.intercharmkorea.com/ko-kr/exhibitor_directory/Exhibitor_detail.%EC%A3%BC%EC%8B%9D%ED%9A%8C%EC%82%AC%20%EC%98%A4%EC%85%98%EC%8A%A4%EC%9D%B8%ED%84%B0%EB%82%B4%EC%85%94%EB%84%90.org-6dde5bd7-42be-4bea-9cf2-588f46ef9e63.html
Tier B,(주)필코코스팜,더마,C,C-L47,pilko@pilko.org,031-681-2273,https://pilkocospharm.co.kr/,high,oem_with_brand|borderline,confirmed,화장품·스킨부스터·의료기기 OEM/ODM이 주력이나 자체 브랜드 '메디씨엘(Mediciel)'을 론칭해 소비자 판매 중이며 그 비중은 확인 필요함.,https://www.intercharmkorea.com/ko-kr/exhibitor_directory/Exhibitor_detail.%EC%A3%BC%ED%95%84%EC%BD%94%EC%BD%94%EC%8A%A4%ED%8C%9C.org-aa9d9edd-c5c8-43a6-a847-c5f96d8a9b69.html
Tier B,INOPRO,오럴케어,C,C-M01,alexander@inopro.us,+16464184413,https://inopro.us,high,indie|borderline,confirmed,퍼옥사이드프리 치아미백 등 일상용 스마일케어를 자사 브랜드(inopro.us)로 직접 판매하는 뷰티 인접 신생 소비자 브랜드.,https://www.intercharmkorea.com/ko-kr/exhibitor_directory/Exhibitor_detail.inopro.org-139a3d8d-70dc-4689-b010-22a61b48bfbc.html
Tier B,(주)이레코스메틱,스킨케어,C,C-M56,irecosmetics@naver.com,032-817-6621,https://www.irecosmetic.co.kr,high,export|oem_with_brand|borderline,corrected,"에스테틱 화장품 OEM/ODM 제조사이나 자체 브랜드 '오디코시','베라넘' 보유, 다만 베트남·캐나다 총판 등 해외 B2B 중심이라 국내 인플 의향 불명확.",https://www.intercharmkorea.com/ko-kr/exhibitor_directory/Exhibitor_detail.%EC%A3%BC%EC%9D%B4%EB%A0%88%EC%BD%94%EC%8A%A4%EB%A9%94%ED%8B%B1.org-a4ba3e16-7ebf-4ace-b699-fac35a7563c9.html
Tier B,와더스킨,스킨케어,C,C-M57,whataskin7@gmail.com,+8270-4090-1239,https://whataskin7.cafe24.com/shop3/,high,oem_with_brand,corrected,20년 제조 경력의 OEM/ODM사이나 자체 비건 스킨케어 브랜드 'What a skin'과 cafe24 자사몰을 운영하는 브랜드 겸영.,https://www.intercharmkorea.com/ko-kr/exhibitor_directory/Exhibitor_detail.%EC%99%80%EB%8D%94%EC%8A%A4%ED%82%A8.org-62df28c6-321e-4905-8635-f11858f5b119.html
Tier B,KONAD코나드,메이크업,C,C-N46,konadkorea@konadnail.com,827043989846,http://www.konadcosmetic.com,high,oem_with_brand,confirmed,"20년 OEM/ODM 제조사이나 'own in-house brands' 명시, 코나드 네일아트는 소비자 인지 자체 브랜드.",https://www.intercharmkorea.com/ko-kr/exhibitor_directory/Exhibitor_detail.konad%EC%BD%94%EB%82%98%EB%93%9C.org-0264b43e-4494-45d7-b886-32f169356381.html
Tier B,"VIEWTEL Co., Ltd.",홈디바이스,C,C-N51,marketing@view-tel.co.kr,010-8038-6314,https://viewtel.cafe24.com/,high,device,found,자사 가정용 AI 뷰티 디바이스 브랜드 '뷰더마'를 소비자에게 직접 제공하는 홈 에스테틱 기기 브랜드.,https://www.intercharmkorea.com/ko-kr/exhibitor_directory/Exhibitor_detail.viewtel%20co%20ltd.org-499b17c5-2994-4c27-8dc3-364c4a90d3b8.html
Tier B,BTF,홈디바이스,C,C-N57,hanmaum117@naver.com,010-3438-3898,https://thebtf.co.kr,high,device,Y,"초음파 홈케어 디바이스 '울트라소닉 듀오' 자체 소비자 브랜드, 전용 부스터젤·마스크팩 동반 판매하는 가정용 뷰티 기기.",https://www.intercharmkorea.com/ko-kr/exhibitor_directory/Exhibitor_detail.btf.org-6391ac24-1887-4008-bd2f-fafd741e01a9.html
Tier B,㈜상떼화장품,더마,C,C-O01,sante@santecosmetic.net,010-5765-7161,https://santecosmetic.co.kr,high,borderline,corrected,임상 기반 전문 에스테틱 브랜드 제품을 직접 기획·제조·유통하나 에스테틱 전문가 채널 중심이라 소비자 인플 마케팅 적합성 조건부.,https://www.intercharmkorea.com/ko-kr/exhibitor_directory/Exhibitor_detail.%EC%83%81%EB%96%BC%ED%99%94%EC%9E%A5%ED%92%88.org-127ca630-44b3-456d-a0c4-050e42464162.html
Tier B,주식회사 에스테르,스킨케어,C,C-P06,estercos@daum.net,,,high,borderline,found,desc 비어 근거 부족하나 category에 Brands/Manufacturer(Skin/Hair/Body) 표기로 자체 브랜드 보유 보수 추정.,https://www.intercharmkorea.com/ko-kr/exhibitor_directory/Exhibitor_detail.%EC%A3%BC%EC%8B%9D%ED%9A%8C%EC%82%AC%20%EC%97%90%EC%8A%A4%ED%85%8C%EB%A5%B4.org-2b3b9108-1c75-4a47-a64f-c9b40ce4d482.html
Tier B,KPCOS,스킨케어,C,C-P36,kyulgoun@kyulgoun.com,+82 31 996 6266,https://kpcos.com,high,oem_with_brand|export,Y,"OEM/ODM 수탁 위주이나 desc에 자체 브랜드 GLAMFOX 제조·유통·수출 명시, 수출형이라 국내 인플 의향 확인 필요한 조건부.",https://www.intercharmkorea.com/ko-kr/exhibitor_directory/Exhibitor_detail.kpcos.org-0db0574b-400c-449b-ae96-26ff0952cdb6.html
Tier B,(주)제이지에스헬스큐어,스킨케어,C,C-Q04,mayyoung@mayyoung.kr,010-9259-6218,https://mayyoung.kr,high,borderline,corrected,스킨케어·헤어 카테고리에 mayyoung.kr 자사몰 도메인 보유로 자사브랜드 추정되나 desc가 추상적 슬로건뿐이라 사업실체 확인 필요.,https://www.intercharmkorea.com/ko-kr/exhibitor_directory/Exhibitor_detail.%EC%A3%BC%EC%A0%9C%EC%9D%B4%EC%A7%80%EC%97%90%EC%8A%A4%ED%97%AC%EC%8A%A4%ED%81%90%EC%96%B4.org-433cc84d-d263-4fb3-b45b-9e19b3144315.html
Tier B,이지템,홈디바이스,C,C-R05,sales@easytem.co.kr,+82-31-312-1305,https://www.easytem.co.kr/,high,device,Y,모공케어·흡수개선 홈 뷰티테크 디바이스를 자체 개발·제조하는 소비자 브랜드로 가정용 뷰티 기기 보유.,https://www.intercharmkorea.com/ko-kr/exhibitor_directory/Exhibitor_detail.%EC%9D%B4%EC%A7%80%ED%85%9C.org-1fcc1db2-2c68-4896-a893-4b0c88f870f8.html
Tier B,(주) 엠디무역,헤어,C,C-R19,mdtrad@naver.com,010-9403-1281,https://www.mdwig.co.kr/,medium,borderline|export,uncertain,자체 공장 생산 프리미엄 통가발·붙임머리에 자사몰(MDWIG) 보유하나 차홍·준오 등 헤어살롱 B2B 공급이 주력.,https://www.intercharmkorea.com/ko-kr/exhibitor_directory/Exhibitor_detail.%EC%A3%BC%20%EC%97%A0%EB%94%94%EB%AC%B4%EC%97%AD.org-4ae319b6-a4ca-41d5-b65f-e056aaaecabf.html
Tier B,주식회사 에이디솔루션,더마,L,L-A02,adsolution52@naver.com,07080641805,http://www.adsolutionkorea.com,high,,Y,"아토피 경험 기반 민감·문제성 피부 전문 스킨케어, 아토패스트·배리어리페어밤 자체 라인 소비자 리뷰 다수.",https://www.intercharmkorea.com/ko-kr/exhibitor_directory/Exhibitor_detail.%EC%A3%BC%EC%8B%9D%ED%9A%8C%EC%82%AC%20%EC%97%90%EC%9D%B4%EB%94%94%EC%86%94%EB%A3%A8%EC%85%98.org-8bcf822b-3478-42fb-9959-44d59a423b8b.html
Tier B,(주)코윈바이오,더마,L,L-A11,mesablue@kowinbio.co.kr,07050961080,https://en.mesabluestore.com/,high,oem_with_brand|borderline,confirmed,"원료 B2B 공급 병행이나 자체 더마 브랜드 '메사블루' 보유, 일상 홈케어 적합 명시·자사몰(mesabluestore)·크라우드펀딩 검증으로 소비자 브랜드 인정.",https://www.intercharmkorea.com/ko-kr/exhibitor_directory/Exhibitor_detail.%EC%A3%BC%EC%BD%94%EC%9C%88%EB%B0%94%EC%9D%B4%EC%98%A4.org-6f08fe59-f842-489b-80e3-244d99edeb78.html
Tier B,킨뮬러,더마,L,L-B01,beauty@kinmula.com,+82-2-558-3575,https://kinmula.com/,high,indie,Y,세럼·아이크림·보습크림을 한 병에 응축한 항노화 올인원 더마 자사 제품을 소비자에게 전개하는 신생 브랜드.,https://www.intercharmkorea.com/ko-kr/exhibitor_directory/Exhibitor_detail.%ED%82%A8%EB%AE%AC%EB%9F%AC.org-fbb67965-081b-4458-b20e-1eb8127edb3a.html
Tier B,"HANJINEYMAY CO.,LTD",스킨케어,L,L-B02,official@hanjineymay.com,,,high,borderline|export,found,자사 브랜드 3개 보유하나 핵심이 피부관리샵 운영자 대상 전문가용 프로그램 공급이라 소비자향 D2C 비중 불명확.,https://www.intercharmkorea.com/ko-kr/exhibitor_directory/Exhibitor_detail.hanjineymay%20coltd.org-b9decf64-0de9-42ad-b130-faae8321ab1f.html
Tier B,FACE FACTORY,홈디바이스,L,L-B23,marketing@cubist.co.kr,+821028985097,https://www.face-factory.com/,high,device|borderline,corrected,'Medical Grade Devices - Homecare solution'으로 가정용 디바이스 브랜드 시사하나 desc가 한 줄뿐이라 소비자 브랜드성 근거 빈약. (검증변경),https://www.intercharmkorea.com/ko-kr/exhibitor_directory/Exhibitor_detail.face%20factory.org-22fb133f-d093-4155-81c3-e1d3af1d7f75.html
Tier B,(주)뷰티앤팩토리,더마,L,L-C01,global@beautynfactory.com,+82.70.8868.1608,https://beautynfactory.com/,high,export|borderline,confirmed,자사 민감성 더마 브랜드 Dr.DERMAel 보유하나 12개국 유통·글로벌 바이어/마케팅 중심이라 국내 인플 의향 불명확.,https://www.intercharmkorea.com/ko-kr/exhibitor_directory/Exhibitor_detail.%EC%A3%BC%EB%B7%B0%ED%8B%B0%EC%95%A4%ED%8C%A9%ED%86%A0%EB%A6%AC.org-5ad986fb-428f-411e-aef8-d26d8a70a567.html
Tier B,(주)시카젠,더마,L,L-D01,cicagen@cicagen.com,02-6233-8037,https://en.cicagen.com/,high,borderline|indie|oem_with_brand,confirmed,OEM/ODM 태그가 있으나 desc는 독자 CALS 공정으로 만든 프레시 Cica 90% 앰플·크림 자체 제품을 직접 선보인다고 명시한 병풀 더마 스킨케어 브랜드.,https://www.intercharmkorea.com/ko-kr/exhibitor_directory/Exhibitor_detail.%EC%A3%BC%EC%8B%9C%EC%B9%B4%EC%A0%A0.org-c47d1e91-620f-4033-80e8-6c2494c74fac.html
Tier B,Bodycare Lab,홈디바이스,L,L-E05,contact@bcl.kr,070-4700-1368,http://www.bcl.kr,high,device,Y,자체 브랜드 DOSIÉ 홈케어 디바이스·스킨케어와 AI 피부분석앱 VITNA 운영하는 소비자 가정용 뷰티 디바이스 브랜드.,https://www.intercharmkorea.com/ko-kr/exhibitor_directory/Exhibitor_detail.bodycare%20lab.org-241cc2c1-5236-4ec8-895a-1dab455e0b97.html
Tier B,주식회사 텍스코,바디,L,L-G07,somsajang@texkor.com,031-798-8261,https://www.somsajang.co.kr,high,,Y,코튼 기계 수출이 본업이나 자체 기술로 만든 소비자 완제품 자사 브랜드 '솜사장 클렌징패드'를 보유(사이트도 somsajang.co.kr).,https://www.intercharmkorea.com/ko-kr/exhibitor_directory/Exhibitor_detail.%EC%A3%BC%EC%8B%9D%ED%9A%8C%EC%82%AC%20%ED%85%8D%EC%8A%A4%EC%BD%94.org-58aab4b4-d47e-4797-8241-28d78d8d9cf2.html
