momorando1112	https://www.amazon.co.jp/hz/wishlist/ls/3AKFBOWFKADYV
odoru_icecream_family	https://linktr.ee/rena_kishimoto
misa_whs	https://linkmix.co/6537619
odorukaishain7	https://lit.link/yuki16
_0827yui	https://thyme-yui.stores.jp/
asami_tokyo2	https://lit.link/asamitokyo2
matsu_kusarine	https://fanme.link/@matsu_kusarine
mntr39	https://manako.online
ogawan_sailormoon	http://ogawansailormoon.versus.jp/ogwansailormoon/sailormoontop.html
rena_kishimoto	https://linktr.ee/rena_kishimoto
rin.rin329	https://www.threads.net/@rin.rin329
kou_soei283	https://liff.line.me/1645278921-kWRPP32q/
tcrown_dance_company	http://tomoka-dancecompany.com/
risaekigram0820	https://lit.link/saekirisa
kate_mori	https://linktr.ee/kate.mori
aichi_triennale	https://aichitriennale.jp/
michi_0119n	https://lit.link/michidance
keitopanpan	https://linkco.re/6rQHU5zR
risa.kawamura	https://g-rockets.jp/performer/kawamura/
maiko_miyauchi	https://linktr.ee/maikomiyauchi
takuto_yamazaki	https://takuto-yamazaki.studio.site/
yukinotakaura	http://ndt.nl/
emayuasa	https://www.emayuasa.com/%23nosmosis
tatsuaki_accel	https://accel-tokyo.com/
yutapoi	http://www.poi-lab.com/
ai.rhythm73	https://danbaku.dance/
mutsuki_dancetravelist	https://fanme.link/@mutsukin0102
japanesecanadianculturalcentre	https://linktr.ee/JapaneseCanadianCulturalCentre
taicheese_1029	https://linkco.re/Vtpy0zp3
naoadc20	https://lit.link/naoadachi
ayak__a307	https://kameimoves.com/
nightlifetokyo	https://ra.co/events/2245160
hdi_college	https://lit.link/hdicollegelong
tomocula	https://asbattlejapan.wixsite.com/asbattle
tachan._.il4	https://www.threads.net/@taiki._.1008
eriko_ide16	https://kuropinke16.wixsite.com/official
saruya_air	http://saruya-air.com/
shota.jazz	https://instabio.cc/Shota-jazz
ranshou.f	https://linktr.ee/RANSHOU
mahinaap	https://mahinaappleband.bandcamp.com/track/tyme-dub-joint-remix-2
jabbklab	https://www.jabbklab.com/
676_42.43.42	https://676424342.theshop.jp/
kami_kke	https://horipro-stage.jp/stage/peterpan/
daijiro.hama	http://www.daijirohama.com/
carolkim930	https://linktr.ee/carolinekim
shojin_show_base_kansai	https://shojin-enter-labo.work/news/topic_kansai/
nairu_danconnect	https://liff.line.me/1645278921-kWRPP32q/
yukina__0410	https://lit.link/dancestudiodiva
jubi_coach	https://jubillydancecrew.tokyo/
renkonno	https://lit.link/renkonno
albirex.cheerleaders	http://www.albirex-cheerleaders.com/
cebonxgn	https://www.versd.co/profile/nxgn
shojin_show_base_tokyo	https://shojin-enter-labo.work/
ryoohara1996	https://lit.link/kadokawadreams
ayaka__nagae	https://social-workeeerz.com/about-us/
marina__tanaka	https://lit.link/marinatanaka
airimuuran	https://pin.it/6N6yzbUTF
marikokakizaki_	https://mari-kaki.amebaownd.com/
life2c_official	https://life2c.slcl.shop
tappei_whoarechan	https://lit.link/whoareyouchannel
erika.o.nail	https://lin.ee/OIO7b4Te
ichimonji1021	https://linktr.ee/ichimonji1021
sayaka_yasukura_vocal_studio	http://yasukurasayaka.com/
shojin_yotsuya	https://shojin-enter-labo.work/
kaori_1222	https://lit.link/ELEVENPLAY
manami_yoden_	https://lit.link/yodenmanami
marihikohara	http://marihikohara.bandcamp.com
mynamerikexx	https://genkan.tokyo/raiki.html
riorio16344	https://lit.link/riorio16344
shino.takizawa	https://balletchannel.jp/42478
shojin_online_salon_nagoya	https://shojin-enter-labo.work/
seiya_tawa	https://acrobat-bakutore.com/store/tenmabashi
pfu_pop_chic	https://t.livepocket.jp/e/xd0sq
hidenori0429	https://lit.link/HIDENORIISHIGE
shiori_munakata	http://linkbio.co/6020211VtSVfL
juriana_a.i.a	https://lit.link/JURIANA
saarah_bnnlmn	https://lnk.bio/Saarah
cenokada	http://www.cen-dance.com/
andyyyy10	http://popstudio88.com/
87hana_87	https://87creed87.wixsite.com/mysite
