코드,구분,브랜드,인스타그램,이메일,원본구분(B열)
"IC-001","스킨케어","TREEANNSEA 트리앤씨","@treeannsea_official","global@treeannsea.co.kr","스킨케어"
"IC-002","스킨케어","(주)더제이알","@beverlyhillspoloclub_kr","thejrinc17@gmail.com","스킨케어"
"IC-003","스킨케어","(주)본플렉스","@bonplex_official","ellaplex@ellaplex.com","헤어"
"IC-004","스킨케어","㈜프롬비건","@chorokchorong.official","cdysr@fromvegan.co.kr","스킨케어"
"IC-005","스킨케어","벨플라워","@bellflower_kor","bellflower.cs@gmail.com","스킨케어"
"IC-006","스킨케어","주식회사 보타닉센스","@botanicsens","info@botanicsens.com","스킨케어"
"IC-007","스킨케어","누셀리크","@nuselique_official","soisintl.biz@gmail.com","더마"
"IC-008","스킨케어","CLAIRLISSE","","","더마"
"IC-009","스킨케어","DEWVERO","@dewvero_official","nscompany123@naver.com","스킨케어"
"IC-010","스킨케어","LANNUE","@lannue.official","lannue.cos@gmail.com","스킨케어"
"IC-011","스킨케어","celebon","@celebon_kr","dhoh@hlmc.co.kr","스킨케어/더마"
"IC-012","스킨케어","matthew chang perfumes","@matthewchangperfumes","contact@matthewchangperfumes.com","향수"
"IC-013","스킨케어","주식회사 랑벨","@lanbelle.official","shoo.noh@lanbelle.com","더마"
"IC-014","스킨케어","주식회사 바이잇","@luvum_official","export@luvum.co.kr","스킨케어"
"IC-015","스킨케어","안탈라","@antala_official","official@antala.one","더마"
"IC-016","뷰티(색조)","스튜디오17","@studio17_official","lrkim@thebkor.com","메이크업"
"IC-017","스킨케어","(주)더엘그룹","","marketing.theel@gmail.com","스킨케어"
"IC-018","스킨케어","(주)씨케이리제온","","dermaregeon@ckregeon.com","헤어"
"IC-019","스킨케어","CETERA","@cetera.official","ceterakorea@naver.com","더마"
"IC-020","스킨케어","(주)섬섬바이오","@searce_official","sumsum2022@naver.com","스킨케어"
"IC-021","스킨케어","(주)알에이치앤비브랜즈","@pretty_actually","info@rhnb.co.kr","스킨케어"
"IC-022","스킨케어","브에노메디텍","@bueno.official","ds2oph@naver.com","더마"
"IC-023","스킨케어","쥬네뷰","@dewdap.official","dewdap@naver.com","스킨케어"
"IC-024","뷰티(색조)","컬러딥","@colordeep_korea","min@miskos.co.kr","메이크업"
"IC-025","스킨케어","주식회사 반다비앤에이치","@kiwiglow.official","vandabnh@vanda.co.kr","스킨케어"
"IC-026","스킨케어","주식회사 정림에프앤에이치","@vanava_cosmetics","4674sjh@naver.com","바디"
"IC-027","뷰티(색조)","주식회사 웰컴이엔앰","","dandymicn@welcomems.co.kr","메이크업"
"IC-028","스킨케어","닥터바이오 & 티블레스","@dr.bio_official","global_sales@rokcorp.co.kr","스킨케어"
"IC-029","뷰티(색조)","Y.N.M","@ynmbeauty_official","ynm@ynmcosmetic.co.kr","메이크업"
"IC-030","스킨케어","헤트라스","@hetras.official","globalsales@hetras.co.kr","향수"
"IC-031","스킨케어","세이션","","overseas@xation.co.kr","스킨케어"
"IC-032","스킨케어","(주)비앤케이","@tambeautyme","contact@koreahnb.com","스킨케어"
"IC-033","스킨케어","줄라이 모닝","@wearejulymorning","clubparty1003@gmail.com","바디/헤어"
"IC-034","스킨케어","센티카","@scentica_official","scentica@raint.kr","향수"
"IC-035","스킨케어","EBIN KOREA","@ebinkorea","ebinkorea@ebinnewyork.com","스킨케어/바디"
"IC-036","스킨케어","(주)탠코리아","@jamie_bronze","jamiebronzekr@gmail.com","바디"
"IC-037","뷰티(색조)","디어메이","@dearmay.official","oversea@beleco.co.kr","메이크업"
"IC-038","스킨케어","(주)바이옵트","@venderma_official","info@venderma.com","더마"
"IC-039","스킨케어","TROIAREUKE","@troiareuke_global","stella@sislab.com","더마"
"IC-040","스킨케어","오미티드","@omittedofficial","admin@omitted.kr","스킨케어"
"IC-041","스킨케어","DAILY WEEKLY","@dailyweekly.official","trading@dailyweekly.co.kr","스킨케어"
"IC-042","뷰티(색조)","(주)아트페이스","@tenzero_official","artface@artfacekorea.com","메이크업/스킨케어"
"IC-043","스킨케어","KOCOSTAR","@kocostar","export@kocostar.com","스킨케어"
"IC-044","스킨케어","채널스완","@oavo.global","kbeauty@oavo.kr","스킨케어"
"IC-045","스킨케어","CELLEA/BELLADIA","","fcsecond@fcsecond.kr","스킨케어"
"IC-046","스킨케어","포뉴레브","@fonewlev.official","info@fonewlev.com","향수"
"IC-047","스킨케어","제이크리컴퍼니","@lefilleo.official","jcre@jcrecompany.com","더마"
"IC-048","스킨케어","웰본","@cheongdamstyleshop_official","export@welcomesgroup.com","헤어"
"IC-049","스킨케어","SHINAN COSMETICS Co., Ltd.","@shionle","admin@shinancosmetics.co.kr","스킨케어"
"IC-050","스킨케어","주식회사 일레븐코퍼레이션","","b2b@11corp.co.kr","헤어"
"IC-051","스킨케어","주식회사 더마라인","@dermaline_korea","leejy@dermaline.co.kr","더마"
"IC-052","스킨케어","로그인 포레스트 (유나뷰티랩)","@loginforest_official","info@loginforest.com","향수"
"IC-053","뷰티(색조)","디유코스메틱","","uj854@naver.com","메이크업"
"IC-054","스킨케어","지구의 온도 G9ONDO","@g9ondo_beauty","tomato2526@nate.com","바디/향수"
"IC-055","스킨케어","(주)한국쉬즈라인","@toolif.official","info@koreashesline.co.kr","스킨케어/바디"
"IC-056","스킨케어","아이프로덕트","@dr.percent_official","global@iproduct.co.kr","향수"
"IC-057","스킨케어","(주)코비스타","@solep_scalp","kbeauty@kobizstar.com","헤어"
"IC-058","스킨케어","LINDSAY&COS Inc.","@lindsay_shop","sales@lindsay.co.kr","스킨케어"
"IC-059","스킨케어","주식회사 스타힐스코스메틱","@moo100_life","hmcos@naver.com","헤어"
"IC-060","뷰티(색조)","MAKE SOUL","@makesoul_official","jslee@make-soul.co.kr","메이크업"
"IC-061","스킨케어","휴션","","","더마"
"IC-062","스킨케어","SKINISGOOD","@lissederm_official","yklee@skinisgood.com","더마"
"IC-063","스킨케어","솔테라피","@saltherapy.official","info@saltherapy.biz","바디"
"IC-064","스킨케어","어룸","@aroomskin","semin@anomalylabs.biz","스킨케어"
"IC-065","스킨케어","ANOETIC BEAUTY","","leokim@anoetic.kr","스킨케어"
"IC-066","스킨케어","(주) 유나이티드앤글로벌","@ohave.official","ohave@unitednglobal.com","스킨케어"
"IC-067","스킨케어","(주)리쎄코리아","@dumidang_official","lisse@lisse.co.kr","스킨케어"
"IC-068","스킨케어","헤아림코스메틱","@hearimcosmetic","hearim@hearimcosmetic.com","스킨케어"
"IC-069","스킨케어","뷰가닉","","james@dongbangbnh.co","헤어"
"IC-070","스킨케어","TWOK INTERNATIONAL Co.,Ltd.","@gelyours_global","info@twokinter.com","네일"
"IC-071","스킨케어","LK company","","rutiin7@naver.com","바디"
"IC-072","스킨케어","유앤미코스매틱","@celliocosmetic_official","cellio2023@naver.com","스킨케어"
"IC-073","스킨케어","채운","@chaewun.official","official@chaewun.com","스킨케어"
"IC-074","스킨케어","파인월드 / 라비엘","@raviel.official","sales@raviel.co.kr","스킨케어"
"IC-075","스킨케어","주식회사 두봄","","doobom7727@naver.com","스킨케어"
"IC-076","스킨케어","(주)참존엔씨원","@labonita_korea","superbjhj@gmail.com","스킨케어"
"IC-077","스킨케어","(주)코스모어플러스","@revcell_official","cosmoreplus@cosmoreplus.com","스킨케어"
"IC-078","스킨케어","주식회사 라콤 (CELL29)","@cell29.official","lacom_official@naver.com","더마"
"IC-079","스킨케어","주식회사 넥슨화장품","","gsales@leeblese.com","스킨케어"
"IC-080","스킨케어","주식회사 드림코스","","cp@dreamcos.co.kr","스킨케어"
"IC-081","스킨케어","자민경","@jaminkyung_official","youjinsuk1@jaminkyung.com","스킨케어"
"IC-082","스킨케어","파믹","@farmic.official","snr@acefarminc.com","스킨케어"
"IC-083","스킨케어","From:Cella / DASHU / Daleaf (ChromaX Co., Ltd)","@dashu_official","dashu.jungjoo@gmail.com","헤어"
"IC-084","스킨케어","주식회사 사계절","","","이너뷰티"
"IC-085","스킨케어","다빈홀딩스","@davinnature_kiddums","vector@davinnature.com","바디"
"IC-086","스킨케어","심플레","@simplete_official","ina@liebemi.com","스킨케어"
"IC-087","스킨케어","레보아미","","sun2268@naver.com","스킨케어"
"IC-088","스킨케어","(주)제이코모","@benetus_official","benetus@jcomo.co.kr","스킨케어"
"IC-089","스킨케어","주식회사 퍼플링크","@not4u_korea","eth@purplelink.kr","바디"
"IC-090","스킨케어","핑키코스메틱","@pinkycosmetic_official","pinky@pinkycosmetic.kr","스킨케어"
"IC-091","뷰티(색조)","모메이","@momeii_official","beautemco@gmail.com","메이크업"
"IC-092","스킨케어","에이치앤와이 상사","@dr.misimou","yehan1@naver.com","더마"
"IC-093","스킨케어","(주) 록키스","@rokkiss_official","redgirl8282@daum.net","스킨케어"
"IC-094","스킨케어","HUEHEAL","@hueheal_global","admin@huehea.com","스킨케어"
"IC-095","스킨케어","아이뽀","@aippo.official","aippo1@starluxe.co.kr","스킨케어"
"IC-096","스킨케어","주식회사 링더벨","@resear_korea","info@ringthebell.kr","더마"
"IC-097","스킨케어","ODSY","","hello@odsycoltd.com","스킨케어"
"IC-098","스킨케어","크레모랩","@cremorlab_kr","ayuan@samwhan.co.kr","스킨케어"
"IC-099","스킨케어","제이앤지코스메틱(주)","","jngcos@gmail.com","스킨케어"
"IC-100","스킨케어","릴릴","@lylyl_official","christin@rewindlab.co.kr","스킨케어"
"IC-101","스킨케어","(주)승건코스메틱스","@loobee_official","lppm47@naver.com","스킨케어"
"IC-102","스킨케어","주식회사 라오가닉","@foellie_official","irene@laorganic.co.kr","이너뷰티"
"IC-103","스킨케어","주식회사 씨앤씨플래닛","@cnc_planet","hu1998@cncplanet.co.kr","스킨케어"
"IC-104","스킨케어","NUNA","@nuna_beautylab","contact@nunabeautylab.com","스킨케어"
"IC-105","스킨케어","에브리데이 클랩스","@claps__official","claps01@naver.com","더마"
"IC-106","스킨케어","주식회사 해피웍스컴퍼니","@bubblemonkey_official","jjh@slowness.co.kr","바디"
"IC-107","스킨케어","픽셀퓨어","@pixelpure_official","tftrading@pixelpure.com","스킨케어"
"IC-108","뷰티(색조)","아로다","","rainsy@dashopmall.co.kr","메이크업"
"IC-109","뷰티(색조)","터치인솔","@touchinsol.official","br@bonne.co.kr","메이크업"
"IC-110","스킨케어","OFBASE","@ofbase_official","william@eyesomekorea.co.kr","스킨케어"
"IC-111","스킨케어","데이셀코스메틱 주식회사","@daycell.official","lancert@daycell.com","더마"
"IC-112","스킨케어","WONDER BATH (CSA COSMIC Co., Ltd.)","@wonderbath_official","jsm@csacosmic.com","스킨케어"
"IC-113","스킨케어","fmk 에프엠케이","@fmkbeauty_kr","fmk@gfcos.co.kr","더마"
"IC-114","스킨케어","리꼼 코스메틱","@licorne_cosmetics","minwoolee@limetree.kr","더마"
"IC-115","스킨케어","FORMECELL(포미셀)","@formecell_official","misun5508@naver.com","더마"
"IC-116","스킨케어","페이블","@fableperfume","cs@atnature.co.kr","향수"
"IC-117","스킨케어","뷰핸","","beauhan@diami.co.kr","바디"
"IC-118","스킨케어","주식회사 라피끄","@plentyplant.official","cs@rafiqcosmetics.com","스킨케어"
"IC-119","스킨케어","고요이 GOYOYI","@goyoyi.official","hello@goyoyi.com","향수"
"IC-120","스킨케어","피에이치하비","@phhubby_official","phhubby@phhubby.com","스킨케어"
"IC-121","스킨케어","EYECANDY (아이캔디)","@eyecandy_co_kr","stephen@jworksext.co.kr","헤어"
"IC-122","스킨케어","닥터펩티","@dr.pepti","trade@jncoceu.com","더마"
"IC-123","스킨케어","(주)카푸네인터내셔널","@teamcafune.official","t2o3p@naver.com","헤어"
"IC-124","스킨케어","주식회사 오버랩스","@overlaps.official","business@overlaps.co.kr","스킨케어"
"IC-125","뷰티(색조)","올어바웃아이즈","@madamelash_official","alleyes@all-eyes.kr","메이크업"
"IC-126","스킨케어","브라이트","","","더마"
"IC-127","스킨케어","오오유 주식회사","@bfou.official","contact.bfou@gmail.com","스킨케어"
"IC-128","스킨케어","올웨이즈비퓨어","@alwaysbepure_global","steven@kailani-int.com","스킨케어"
"IC-129","스킨케어","리타","@liita.official","liita@proving-grounds.co.kr","스킨케어"
"IC-130","스킨케어","바루쟈","@varuza_official","nsl@thevaruza.com","스킨케어"
"IC-131","스킨케어","주식회사 바이비카","@inbutim_official","hello@inbutim.com","헤어"
"IC-132","스킨케어","(주)유에스티","@truthofbeauty_official","truthofbeauty@naver.com","스킨케어"
"IC-133","스킨케어","지비알아이디어","@vah_korea","seo9009@hanmail.net","스킨케어"
"IC-134","스킨케어","부드와서울","@grandidier_official","grandidier_official@naver.com","스킨케어"
"IC-135","스킨케어","(주)벤치컴퍼니 Bench company Inc","@fitroot","hglee@benchcompany.kr","스킨케어"
"IC-136","스킨케어","셀릭사","@celixa_official","kns.cosmetic@gmail.com","더마"
"IC-137","스킨케어","L-E03: Tender garden 텐더가든 / L-E04: BELDORA 벨도라","@tender_garden_official","vglobal@vplatform.kr","스킨케어"
"IC-138","스킨케어","주식회사 더연","@theyeon_official","theyeonsales@theyeon.net","스킨케어"
"IC-139","스킨케어","셀비오코스메틱(주)","@cellvio_offlcial","cellviocosmetic@naver.com","스킨케어"
"IC-140","스킨케어","유니티","","luxevo@luxevo.co.kr","스킨케어"
"IC-141","스킨케어","이아이오(L-H02) / 누이브(L-H03)","","eiio@cosmetina.co.kr","더마"
"IC-142","스킨케어","주식회사 씨에이치바이오","","chbiokorea@naver.com","스킨케어"
"IC-143","스킨케어","(주)케이비에이치케어","","kbhcare@naver.com","더마"
"IC-144","스킨케어","주식회사 아가파월드","","info@agafar.com","홈디바이스"
"IC-145","스킨케어","듀얼테트라","","customercare@cura-pulse.com","홈디바이스"
"IC-146","스킨케어","(주)제노헬릭스","","xenohelix@xenohelix.com","더마"
"IC-147","스킨케어","Beaufirst Global Company Limited","","Beaufirstglobal@gmail.com","더마/스킨케어"
"IC-148","스킨케어","DERMA YOURCELL","","fruitsjuice@naver.com","더마"
"IC-149","스킨케어","메딕콘","","medicon@medicon.co.kr","홈디바이스"
"IC-150","스킨케어","피텐","","pms@pitenkorea.com","더마"
"IC-151","스킨케어","ILLON CO., LTD","","global@illon.co.kr","더마/스킨케어"
"IC-152","스킨케어","주식회사 에르띠코리아","","ertykorea@naver.com","더마"
"IC-153","스킨케어","리쥬멜라 코리아","","rejumela@naver.com","더마"
"IC-154","스킨케어","BIO GLORIOUS CO.,LTD.","","bioglorious@naver.com","더마"
"IC-155","스킨케어","KYUNGLAB","","info@ssmb.vn","더마"
"IC-156","스킨케어","㈜나인원코스메디","","official@91cosmedi.com","더마"
"IC-157","스킨케어","르베라쥬","","lebelage@lebelage.co.kr","스킨케어"
"IC-158","스킨케어","에텔랑","","thyme9905@naver.com","스킨케어"
"IC-159","스킨케어","세포랩","","cepolab@naver.com","더마"
"IC-160","스킨케어","주식회사 메조팜","","purple9260@hnamail.net","더마"
"IC-161","스킨케어","(주)미성메탈","","jkhan@misunggc.co.k","뷰티소품"
"IC-162","스킨케어","주식회사 정코스메틱","","jungco@jungco.co.kr","더마"
"IC-163","스킨케어","AESTHEIN","","aesthein_sa@naver.com","더마"
"IC-164","스킨케어","㈜3일애","","sales@3dayslove.kr","더마"
"IC-165","스킨케어","더마퀸","","limta11@naver.com","홈디바이스"
"IC-166","스킨케어","㈜바이오에프디엔씨","","global@biofdnc.com","더마"
"IC-167","스킨케어","(주)울파인","","ulfine@naver.com","홈디바이스"
"IC-168","스킨케어","(주)피노젠","","pinogen@pinogen.com","스킨케어/이너뷰티"
"IC-169","스킨케어","BiOBiO Co.,Ltd.","","biobiocos@naver.com","바디"
"IC-170","스킨케어","주식회사 라메디텍","","puraxel@lameditech.com","홈디바이스"
"IC-171","스킨케어","(주)엠피컴퍼니","","jungye@medipair.co.kr","더마"
"IC-172","스킨케어","MLAY INTERNATIONAL LIMITED","","mt@mlays.com","홈디바이스"
"IC-173","스킨케어","미영씨앤씨","","ecomine@ecomine.co.kr","헤어"
"IC-174","스킨케어","디오에스앤유니크","","help@doskorea.co.kr","홈디바이스"
"IC-175","스킨케어","엑소블랑","","info@linkusglobal.kr","홈디바이스"
"IC-176","스킨케어","(주)새로핸즈","","saero@saero.co.kr","향수"
"IC-177","스킨케어","(주)제이앤제이","","jnj_25@daum.net","더마"
"IC-178","스킨케어","BOTA C X Choi's Choice lab","","cheonghaedam@gmail.com","스킨케어"
"IC-179","스킨케어","VINACEUTICALS","","official@vinaceuticals.vn","더마"
"IC-180","스킨케어","비오아이","","jaypal_company@naver.com","바디"
"IC-181","스킨케어","SHAAN HONQ INT'L COSMETICS CORP.","","sophia@shaanhonq.com.tw","헤어"
"IC-182","스킨케어","코이즈","","mkt@oxyfacial.com","더마"
"IC-183","스킨케어","(주)배쓰프로젝트","","office@bathproject.kr","바디"
"IC-184","스킨케어","바이더퀄리티","","bythequality@gmail.com","더마"
"IC-185","스킨케어","epielle","","online@epielle.com","스킨케어"
"IC-186","스킨케어","Korea Honey","","sharp-be@naver.com","스킨케어"
"IC-187","스킨케어","TRINICELL","","contact@trinicell.co.kr","더마"
"IC-188","스킨케어","주식회사 제트글로벌","","tomtittot.official@gmail.com","더마"
"IC-189","스킨케어","MIMO CO., LTD.","","sales@mimonail.com","네일"
"IC-190","스킨케어","JKOSMEC","","sales@jkosmecseoul.com","스킨케어"
"IC-191","스킨케어","성림 BNC","","sunglimbnc@naver.com","홈디바이스"
"IC-192","스킨케어","(주)바이오센서연구소","","franz@biosensorlab.com","스킨케어"
"IC-193","스킨케어","Wati For Skin","","twotigers2222@naver.com","스킨케어"
"IC-194","스킨케어","바이오셀힐 & 카토-카토","","sallyshen__@naver.com","더마"
"IC-195","스킨케어","(주)씨유스킨","","info@cuskin.com","더마"
"IC-196","스킨케어","일공일공 이미지플러스","","1010master@naver.com","바디/이너뷰티"
"IC-197","스킨케어","인솔 주식회사","","ninova@in-sol.co.kr","더마"
"IC-198","스킨케어","주식회사 제이비무역","","yrkwoon@naver.com","홈디바이스"
"IC-199","스킨케어","주식회사 에이치피앤씨","","hpncmall@hpnc.co.kr","더마"
"IC-200","뷰티(색조)","주식회사 오션스인터내셔널","","oseans@oseansint.com","스킨케어/메이크업"
"IC-201","스킨케어","(주)필코코스팜","","pilko@pilko.org","더마"
"IC-202","스킨케어","INOPRO","","alexander@inopro.us","오럴케어"
"IC-203","스킨케어","(주)이레코스메틱","","irecosmetics@naver.com","스킨케어"
"IC-204","스킨케어","와더스킨","","whataskin7@gmail.com","스킨케어"
"IC-205","뷰티(색조)","KONAD코나드","","konadkorea@konadnail.com","메이크업"
"IC-206","스킨케어","VIEWTEL Co., Ltd.","","marketing@view-tel.co.kr","홈디바이스"
"IC-207","스킨케어","BTF","","hanmaum117@naver.com","홈디바이스"
"IC-208","스킨케어","㈜상떼화장품","","sante@santecosmetic.net","더마"
"IC-209","스킨케어","주식회사 에스테르","","estercos@daum.net","스킨케어"
"IC-210","스킨케어","KPCOS","","kyulgoun@kyulgoun.com","스킨케어"
"IC-211","스킨케어","(주)제이지에스헬스큐어","","mayyoung@mayyoung.kr","스킨케어"
"IC-212","스킨케어","이지템","","sales@easytem.co.kr","홈디바이스"
"IC-213","스킨케어","(주) 엠디무역","","mdtrad@naver.com","헤어"
"IC-214","스킨케어","주식회사 에이디솔루션","","adsolution52@naver.com","더마"
"IC-215","스킨케어","(주)코윈바이오","","mesablue@kowinbio.co.kr","더마"
"IC-216","스킨케어","킨뮬러","","beauty@kinmula.com","더마"
"IC-217","스킨케어","HANJINEYMAY CO.,LTD","","official@hanjineymay.com","스킨케어"
"IC-218","스킨케어","FACE FACTORY","","marketing@cubist.co.kr","홈디바이스"
"IC-219","스킨케어","(주)뷰티앤팩토리","","global@beautynfactory.com","더마"
"IC-220","스킨케어","(주)시카젠","","cicagen@cicagen.com","더마"
"IC-221","스킨케어","Bodycare Lab","","contact@bcl.kr","홈디바이스"
"IC-222","스킨케어","주식회사 텍스코","","somsajang@texkor.com","바디"
"IC-223","스킨케어","JDN CORPORATION LIMITED","","",""
"IC-224","스킨케어","제너랩","","",""
"IC-225","스킨케어","주식회사 에코마인","","",""
"IC-226","스킨케어","에이치알메디텍","","",""
"IC-227","스킨케어","(주)바라보니화장품","","",""
"IC-228","스킨케어","(주)순바이오팜","","",""
"IC-229","스킨케어","뉴런","","",""
"IC-230","스킨케어","Symphony Cosmetic Inc.","","",""
"IC-231","스킨케어","비컨","","",""
"IC-232","스킨케어","(주)아이오쓰리","","",""
"IC-233","스킨케어","(주)와이셀바이오메디칼","","info@ycellbio.com",""
"IC-234","스킨케어","(주)씨피코스메틱","","jamessohn@cpcosmetic.co.kr",""
"IC-235","스킨케어","에시컬코리아 코스메틱 (EK COS)","","butiq99@naver.com",""
"IC-236","스킨케어","(주)에스엠지유럽","","info@smgkorea.or.kr",""
"IC-237","스킨케어","아이셀메디텍","","www.icelmedi@naver.com",""
"IC-238","스킨케어","휴비스랩","","info@hubislab.com",""
"IC-239","스킨케어","MEDI SECTION NO.","","global@inot-meditech.com",""
"IC-240","스킨케어","플래닛147","","hello@planit147.com",""
"IC-241","스킨케어","(주) 진코스텍","","lsw@jincostech.com",""
"IC-242","스킨케어","(주)온궁","","leesanghoong@naver.com",""
"IC-243","스킨케어","Caregen Co., Ltd.","","sales@caregen.co.kr",""
"IC-244","스킨케어","(주)오래온라이프사이언스","","info@oreon.co.kr",""
"IC-245","스킨케어","스턴메디칼","","bjpark@mediforet.com",""
"IC-246","스킨케어","더마밀","","sales@dermameal.com",""
"IC-247","스킨케어","주식회사 셀락바이오","","cellarkbio@cellarkbio.com",""
"IC-248","스킨케어","주식회사 레드바이오컴퍼니","","info@redbiocp.com",""
"IC-249","스킨케어","에이치앤비바이오","","hnb.biomask@gmail.com",""
"IC-250","스킨케어","(주)프리모리스인터내셔널","","hnkim@primoris.co.kr",""
"IC-251","스킨케어","팜스비앤비","","marketing@pamsbnb.com",""
"IC-252","스킨케어","프랜드","","pland1590@naver.com",""
"IC-253","스킨케어","THESERA","","mrinno@mrinno.com",""
"IC-254","스킨케어","(주)스킨솔루션","","naluke@naver.com",""
"IC-255","스킨케어","욜리 메이크업툴","","nicholas@yolybrush.com",""
"IC-256","스킨케어","GUANGZHOU LVFANGZHOU INDUSTRIAL CO.,LTD","","lvfangzhou@126.com",""
"IC-257","스킨케어","한방미인화장품 HBMIC","","hbmic@hbmic.com",""
"IC-258","스킨케어","MELKA","","woojinkim88@daum.net",""
"IC-259","스킨케어","에이치제이코퍼레이션즈 주식회사","","info@hjcorporations.kr",""
"IC-260","스킨케어","주식회사 케이원파마","","konepharma@konepharma.co.kr",""
"IC-261","스킨케어","(주) 네오제네시스","","info@neogenesis.co.kr",""
"IC-262","스킨케어","에코문도 코리아","","korea@ecomundo.eu",""
"IC-263","스킨케어","K.BEAUTY ACCESSORY CO.,LTD","","sunjing@k.beautychina.com",""
"IC-264","스킨케어","실리스카(주)","","info@silisca.com",""
"IC-265","스킨케어","(주)제이티","","contact@jtcosmetic.com",""
"IC-266","스킨케어","(주)에스엠에코랩","","smecolab@naver.com",""
"IC-267","스킨케어","TAIZHOU HUADI ELECTRIC CO.,LTD","","info@huadicn.com",""
"IC-268","스킨케어","SHAANXI FAIRIR BIOTECH CO.,LTD","","",""
"IC-269","스킨케어","Yaxi Daily Necessities Co.,Ltd","","118183863@qq.com",""
"IC-270","스킨케어","메타폴라아로마(주)","","inform@orlic.co.kr",""
"IC-271","스킨케어","홈앤쇼핑","","",""
"IC-272","스킨케어","(주)톨리코리아","","sales@toly.kr",""
"IC-273","스킨케어","LECOS","","sales@lecospack.com",""
"IC-274","스킨케어","BELLE CRAFT MANUFACTURING CO.,LTD.","","marketing@belleglas.com",""
"IC-275","스킨케어","DONGGUAN KINWONG TECHNOLOGY CO.,LTD","","miko@jingwangtop.com",""
"IC-276","스킨케어","ZHEJIANG CHENYANG NONWOVEN CO., LTD","","",""
"IC-277","스킨케어","A&H INTERNATIONAL COSMETICS CO., LTD","","info-sales@a-hcosmetics.com",""
"IC-278","스킨케어","GUANGZHOU SIYU NON-WOVEN PRODUCTS CO., LTD.","","1102020670@qq.com",""
"IC-279","스킨케어","유니엔코리아","","info@unienkorea.com",""
"IC-280","스킨케어","디자인바른","","db@designbarun.com",""
"IC-281","스킨케어","와이에스메디","","beauty@ysmedi.kr",""
"IC-282","스킨케어","(주)나노바이오시스템","","mkt@nanobiosystem.co.kr",""
"IC-283","스킨케어","파란네일","","",""
"IC-284","스킨케어","이연물산","","kkim09@nate.com",""
"IC-285","스킨케어","(주) 코스모더마","","comikorea@gmail.com",""
"IC-286","스킨케어","케이투메디텍","","info@k2meditech.com",""
"IC-287","스킨케어","주식회사 미팜","","support@maypharm.co.kr",""
"IC-288","스킨케어","SKINNPLUS CO.,LTD","","skinnplus@naver.com",""
"IC-289","스킨케어","주식회사 위즈켐","","mjlee@wizchem.com",""
"IC-290","스킨케어","라즐라 뷰티(P.M.U)","","bpflkhss@gmail.com",""
"IC-291","스킨케어","BAIHUA CO.,LTD","","joan@baihuawipes.com",""
"IC-292","스킨케어","아롬컴퍼니","","florencekim04@gmail.com",""
"IC-293","스킨케어","GMC Med","","info@gmcmed.co.kr",""
"IC-294","스킨케어","(주)케이피티","","mhs@starpheres.com",""
"IC-295","스킨케어","(주)라파스","","sales@raphas.com",""
"IC-296","스킨케어","(주)뉴트리케어","","global2m@nutricare.co.kr",""
"IC-297","스킨케어","차모스코스메틱","","1992@chamos.co.kr",""
"IC-298","스킨케어","(주)디와이코스메틱","","dy-cos@daum.net",""
"IC-299","스킨케어","유한코스메틱","","dh.son@yuhancosmetics.co.kr",""
"IC-300","스킨케어","후택","","biz@whotag.ai",""
"IC-301","스킨케어","주식회사 리더스코스메틱","","odem@leaderscosmetics.com",""
"IC-302","스킨케어","(주)에이로마플라붐","","info@aromaflavum.com",""
"IC-303","스킨케어","NATUZEN CO., LTD.,","","natuzensales@natuzen.net",""
"IC-304","스킨케어","BODYYA HEALTH","","bodyya@naver.com",""
"IC-305","스킨케어","리봄화장품","","overseas@rebom.kr",""
"IC-306","스킨케어","오프뷰티","","offbeauty@qandbintl.com",""
"IC-307","스킨케어","HEBEI BEYRON BIOTECH CO., LTD.","","jason@beyron.cn",""
"IC-308","스킨케어","그린코스 주식회사","","help@green-cos.com",""
"IC-309","스킨케어","(주)죠이라이프","","export@jlife1.com",""
"IC-310","스킨케어","주식회사 피에프네이처","","marketing@pfnature.com",""
"IC-311","스킨케어","주식회사 엔스","","enthsales@enth.co.kr",""
"IC-312","스킨케어","LINK METOO BIO-TECHNOLOGY DALIAN CO.,LTD","","1013636360@qq.com",""
"IC-313","스킨케어","(주)일진코스메틱","","",""
"IC-314","스킨케어","유씨엘 주식회사","","UCL.Global@e-ucl.co.kr",""
"IC-315","스킨케어","(주)화인글로벌랩","","midilcos@gmail.com",""
"IC-316","스킨케어","(주)리베코스","","tim@saenggreen.com",""
"IC-317","스킨케어","(주)우신화장품","","marketing@woosincos.co.kr",""
"IC-318","스킨케어","주식회사 에스겔코스메틱","","ezekielcos@hanmail.net",""
"IC-319","스킨케어","주식회사 베스트솔루션","","sales@bestsolution1.co.kr",""
"IC-320","스킨케어","주식회사 씨아이티 (CIT Co., Ltd)","","andrew@citcosmetic.co.kr",""
"IC-321","스킨케어","(주)아우딘퓨쳐스(K-Beauty ODM/OEM)","","kmpark@outinco.com",""
"IC-322","스킨케어","ASIABNC (주식회사 아시아비엔씨)","","export@asiabnc.co.kr",""
"IC-323","스킨케어","(주)세리화장품","","must@sericos.co.kr",""
"IC-324","스킨케어","(주)아로마뱅크","","aromabank@aroma-bank.co.kr",""
"IC-325","스킨케어","서울화장품","","sarah.k@seoulcos.co.kr",""
"IC-326","스킨케어","주식회사 다산씨엔텍","","sales@dasancntech.com",""
"IC-327","스킨케어","(주)지앤아이코스메틱","","gnicos@gnicos.co.kr",""
"IC-328","스킨케어","AMORY LONDON LTD","","info@amorylondon.com",""
"IC-329","스킨케어","HUAXIN BIOTECHNOLOGY CO., LIMITED","","olwen_z@foxmail.com",""
"IC-330","스킨케어","Nuon LLC","","info@nuonmedical.com",""
"IC-331","스킨케어","주식회사 이든팜","","eden@edencos.co.kr",""
"IC-332","스킨케어","BonitoLab","","bonitolab@bonitolab.com",""
"IC-333","스킨케어","해피엘앤비","","happy@happylnb.com",""
"IC-334","스킨케어","(주) 정동산업","","duzon@jungdong.biz",""
"IC-335","스킨케어","(주) 에이바이오머티리얼즈","","master@a-bio.co.kr",""
"IC-336","스킨케어","씨앤텍(주)","","sbeom1@cntechcorp.co.kr",""
"IC-337","스킨케어","㈜세레코","","celleco@celleco.co.kr",""
"IC-338","스킨케어","(주)미진화장품","","mijin_kor@mjcare.co.kr",""
"IC-339","스킨케어","주식회사 제이에스사이언스","","",""
"IC-340","스킨케어","퓨어앤텍(주)","","sales@purentechkorea.com",""
"IC-341","스킨케어","에이치앤엘바이오","","connect@drschiller.kr",""
"IC-342","스킨케어","지와이바이오","","INFO@GYBIO.CO.KR",""
"IC-343","스킨케어","(주) 씨케이앤비","","sales@cknb.co.kr",""
"IC-344","스킨케어","주식회사 더마솔루션","","hello@derma-solution.co.kr",""
"IC-345","스킨케어","exomera","","miocid@widemore.co.kr",""
"IC-346","스킨케어","비티랩","","btylab8082@naver.com",""
"IC-347","스킨케어","(주) 엘림텍","","sales@elimtek.co.kr",""
"IC-348","스킨케어","로가","","",""
"IC-349","스킨케어","㈜나산기업","","nasan@nscolor.com",""
"IC-350","스킨케어","주식회사 모티프커뮤니케이션","","",""
"IC-351","스킨케어","Trendyproducts Co.,Ltd.","","info@trendyproducts.co.kr",""
"IC-352","스킨케어","(주)아이테크","","nurieye@daum.net",""
"IC-353","스킨케어","아이스링커 주식회사","","icelinker@icelinker.com",""
"IC-354","스킨케어","네이처파마","","rejucell@naver.com",""
"IC-355","스킨케어","㈜제이디바이오","","info@jdbio.com",""
"IC-356","스킨케어","(주)에이스피부임상연구소","","aceskin@acescri.com",""
"IC-357","스킨케어","주식회사 나노실리칸첨단소재","","info@nanobrick.co.kr",""