브랜드명,6월반영,카테고리,인스타,근거
혜자 (Hyeja),✓,스킨케어,hyejaskincare,"제주 기반 신생 인디 비건 스킨케어. 재미교포 창업자가 민감성 피부용으로 만든 소규모 B2C, 발효 쌀 크림·어성초 나이아신아마이드 진정 세럼 등 토너/세럼/크림 라인, EVE VEGAN 인증, 자사몰+W컨셉/EQL, IG @hyejaskincare 직접 운영. 출처: hyejaskincare.com·하퍼스바자 K뷰티 기사."
마일드랩 (MildLab),,스킨케어,mildlab.official,"㈜밀리밀 운영 독립 더마 인디. 2024.11 출시 신생, 트라넥삼산 기반 색소침착/저자극 토너·앰플·크림 풀라인, 자사몰+무신사+미국몰 DTC, IG 운영. 대기업·계열 아님. 출처: globalepic.co.kr·mildlab.co.kr."
닥터트웬티프로젝트 (Dr.20 Project),,스킨케어,dr.twentyproject_official,"㈜트웬티메디코스 운영 인디 더마. '나인 토너'가 2024 하반기 화해 베스트 신제품 1위, 토너·세럼·클렌징·크림 구성, 자사몰 DTC. 대기업·계열 아님. (설립 2020이라 런칭 시점은 다소 이르나 히트 라인은 2024 신제품). 출처: hwahae.co.kr/awards·dr20project.com."
메노킨 (Menokin),✓,스킨케어,menokin_official,"이영애 화장품 디렉터 출신 이보경 대표 신생 인디 클린뷰티. 와디즈 완판 출범, 박보영 PICK 등 인플루언서/연예인 노출 큼, 자사몰·쿠팡 DTC. 주력은 30초 버블 마스크(워시오프)지만 더마 스킨케어 완제품 B2C, 대기업 아님. 출처: menokin.co.kr·하퍼스바자."
올릭 (OLIC / ORLIC),,스킨케어,,"메타폴라아로마 첫 PB 신생 인디. 코스인코리아 '2024 인디 브랜드' 소개, 2023.11 로즈마리&엑토인 세럼 와디즈 펀딩 출시, 한국비건인증원 비건, 토너·에센스·세럼·크림 풀라인, 백화점·스마트스토어·쿠팡 B2C. IG 미확인 공란. 출처: cosinkorea.com·orlic.co.kr."
듀이랩 (Du2LAB),✓,스킨케어,,"넥스벨바이오텍이 스킨부스터/필러 기술을 소비자 화장품으로 확장해 새로 론칭한 코스메슈티컬. 앰플·세럼·크림·아이크림·토너패드 5종으로 출범한 신생 B2C, 펩타이드·엑소좀 소구로 콘텐츠 소재 풍부. (모기업 의료미용 성격이라 경계선) IG 미확인 공란. 출처: meconomynews.com."
오드타입 (Oddtype),✓,색조,oddtype_official,"2023년 무신사 단독 발매 신생 색조 인디. 언씬 블러 틴트·벌룬 틴트·워터 블러시 등 립/블러셔 중심 B2C, IG·인플루언서 협찬으로 직판. 출처: 무신사 뉴스룸 2023·zdnet.co.kr."
에이오유 (AOU),,색조,aoucosmetics,"메이크업 아티스트 조은비 인디 색조(2023~). 사과밤·앵두밤 립밤 품절대란 후 블러셔·톤업크림 확장, 아이돌 사용으로 IG 바이럴, 올리브영 입점. 인플루언서 수요 큼. 출처: elle.co.kr·aoucosmetics.com."
얼터너티브스테레오 (Alternative Stereo),,색조,alternativestereo,"로파이·아날로그 콘셉트 인디 메이크업, '2022 넥스트 K-뷰티' 선정. 립 포션 라인(2023) 시그니처, 립/치크/마스카라 색조, 자사몰+올리브영·시코르, IG 기반 소통. 출처: marieclairekorea.com·무신사."
네이밍 (NAMING),,색조,naming.cosmetic,"포컴퍼니 운영 'BOLD NATURAL' 색조. 듀이 글래스 립 틴트·플러피 파우더 블러쉬·쿠션 등 풀라인, 무신사·W컨셉, 2024 일본 진출, 인플루언서 마케팅 활발. 출처: naming.co.kr·namu.wiki."
딘토 (Dinto),,색조,dinto_cosmetic,"고전문학 모티프 PETA 비건 인디 색조(2021 론칭). 브로글로우 립 틴트 누적 400만개+, 노스탤지아 아이 팔레트 등 립/아이/베이스, 해외 매출 약 50%, 인플루언서 협업·한정판 빠른 회전. 출처: byline.network·dinto.co.kr."
무지개맨션 (Muzigae Mansion),,색조,muzigae_mansion,"비건 '오브제 코스메틱' 콘셉트 인디 색조. 오브제 리퀴드/워터 틴트·립앤치크 등 립·블러셔 중심, 자사몰+무신사·신라면세점, 일본·미국 확장, IG 기반 바이럴. 출처: muzigae-mansion.com·iherb."
이지비건 (EGVEGAN),✓,색조 (비건),egvegan_official,"2021년 설립·2022.05 런칭 신생 인디 비건/친환경 메이크업. '쉬운 비건' 표방 B2C, IG 운영 활발해 인플루언서 여지 큼. 2022+ 인디·B2C·비건 ICP에 정확 부합. 출처: saramin 기업정보·egvegan.com."
로로비건 (Lolovegan),✓,스킨케어 (비건),lolovegan.global,"글로우프로젝트가 2021년 출시한 저자극 클린·비건 스킨케어 인디. 전 제품 영국 비건소사이어티 인증, 크루얼티프리·친환경 패키지, 17개국 확장 B2C라 글로벌 인플루언서 협업 수요 큼. 출처: cosinkorea·lolovegan.co.kr."
피치포포 (Peach Pope),✓,스킨케어·색조 (비건),peachpopo.official,"2021.05 런칭 'Delight Vegan' 신생 비건 뷰티(올리브인터내셔널 운영). 카밍 라인·비건 쿠션 등, 29CM·W컨셉 등 취향형 셀렉트샵 입점으로 MZ·인플루언서 친화. 출처: 29CM·wconcept·peachpopo.com."
수이스킨 (SUISKIN),,스킨케어 (클린·비건),suiskin_official,"클린 비건 표방, 발아새싹수·녹차 등 식물성 원료·업사이클링. '어린 새싹 클린 토너'가 출시 3개월 만에 올리브영 톱셀러, 2024 화해 어워드 호평으로 신생 성장세. 출처: asiatime·cosinkorea·suiskin.co.kr."
오린힐 (ORINHEAL),✓,스킨케어 (자연주의·비건),orinheal,"제주 원료(당근·용암해수) 기반 순한 자연주의. 비건 인증·인공향/색소 배제, 빅디테일㈜ 운영 독립 B2C. 클린·자연주의 감성 부합. 출처: orinheal.com."
보나쥬르 (BONAJOUR),,스킨케어 (천연·비건),bonajour_official,"'천연&비건화장품' 전면 표방 독립 자연주의 스킨케어. 어성초·식물 유래 클린 포뮬러, 자사몰+IG 기반 D2C로 인플루언서 여지. 대기업 계열 아님. 출처: 무신사·bonajour.com."
너리쉬 (Nerish),✓,스킨케어 (더마),nerish_official,"아시아비엔씨가 2022.02 론칭한 자연주의 더마 신생. '소이 세라마이드 배리어 앰플'을 와디즈/카카오메이커스로 검증 후 자사몰 D2C, '2022 넥스트 K-뷰티' 선정, 민감성/장벽 타깃이라 인플루언서 여지 큼. 출처: cosinkorea.com·nerish.co.kr."
아이보스킨 (IVOSKIN),✓,스킨케어 (더마),ivoskin_official,"㈜이너시아 운영 신생 더마. 아토피를 직접 겪은 과학자가 개발한 시카 리페어 크림·저자극 토너를 자사몰 D2C 직판, 민감성 진정 스토리 기반이라 인플루언서 소구 큼. 출처: ivoskincare.com·moduba.com."
테라로직 (Theralogic),,스킨케어 (비건 더마),theralogic_official,"닥터스피부과(닥터스코스메틱) 비건 더마. 자사몰 D2C, 2024.02 일본 진출 등 최근 급성장 신생, 레티놀 등 성분 마케팅·서포터즈로 인플루언서 협업 활발. 출처: theralogic.co.kr·nate.com."
브래비티 (BRAVITY),✓,스킨케어 (더마),bravity_official,"화장품사 J2S가 2021.01 론칭한 줄기세포배양액 기반 고기능 더마 신생 인디. 자사몰 D2C+무신사·W컨셉, IG 약 1.5만으로 인플루언서 여지. (런칭 2021로 컷오프 직전이나 인디·D2C 부합). 출처: hankookilbo.com·bravity.co.kr."
제나벨 (Genabelle),✓,스킨케어 (더마),genabelle_official,"㈜제나랩 고기능 더마. 연어 PDRN 고함량 토너/크림을 자사몰·올리브영·무신사·iHerb 직판하는 인디 규모, PDRN 트렌드+민감성 진정 소구로 인플루언서 마케팅 적합. 출처: genabelle.co.kr·thevc.kr."
더마팩토리 (DERMA FACTORY),,스킨케어 (더마),dermafactory_official,"2021.03 론칭 고함량 단일성분(나이아신아마이드 20%·PDRN 4%) 더마 세럼. 네이버/쿠팡 D2C 급성장 후 올리브영 입점, SNS·성분 리뷰 마케팅 활발한 인디. (런칭 2021 유의). 출처: hankyung.com·wowtv.co.kr."
슬로우허밍 (Slow Humming),,바디케어·향,slowhumming_official,"2023.02 디와이디(DYD) 공식 론칭 비건 리추얼 라이프(전 제품 한국 비건 인증). 퍼퓸 바디워시·바디로션을 무신사·자사몰 직판, 2023 얼루어 클린 어워드 위너, IG 운영. 출처: 머니투데이·얼루어·slowhumming.com."
민트리 (Mintree),,헤어·스칼프케어,mintree_official,"독립 인디(오원인터코스) 두피 홈스파 전문 완제품. 2023년경 활동 시작, 2024.10 올리브영 입점, 2025 현대백화점 팝업으로 성장기 신생, IG 직접 소통. 출처: mintree.co.kr·네이트 뉴스."
러비더비 (Lovey Dovey),,바디케어·향,loveydovey_official,"'향기로운 비건 라이프' 인디 향 브랜드(㈜제이엘벤처스). 비건 퍼퓸 바디워시·핸드케어 등 바디 라인, W컨셉·무신사·자사몰 직판, IG 운영. (단 섬유향수/디퓨저 등 홈프래그런스 비중도 있음). 출처: loveydovey.co.kr·무신사."
원오세븐 (107 / oneoseven),✓,헤어·스칼프케어·스킨케어,107_korea,"독립 인디(㈜원오세븐), 전통 발효식초 기반 '모던 헤리티지'. 2022.04 두피 전문 마이크로바이옴 샴푸 출시로 스칼프 진입, 발효 스킨케어 병행, 미국→한국 전개, IG 직판. 대기업 아님. 출처: cosinkorea·107beauty.co.kr."
엉트르두 (Entredeux),✓,향수 (니치 퍼퓸),entredeuxparfums,"2022.12 론칭 한국 하이엔드 니치 향수. '서울 기획·프랑스 조향' 컨셉 EDP 3종으로 시작, 런칭 팝업·SI빌리지 입점. 2022 신생·B2C 완제품 향수·인디. 출처: 아주경제·entredeuxparfums.com."
유쏘풀 (Youssoful),,향수 (니치 퍼퓸),youssoful,"2022년 설립 국내 니치 향수(스테이위드). 캔들/디퓨저로 시작해 오드퍼퓸 확장, 무신사·SSG 입점 및 중국·일본·중동 수출. 2022 신생·B2C·자체 조향·인플루언서 수요 큼. 출처: 잡코리아·하퍼스바자·youssoful.co.kr."
케이쓰 (KEYTH),✓,향수 (니치/프리미엄 퍼퓸),keythofficial,"2023.11 론칭 프리미엄 향 브랜드(키스인터내셔날). ISIPCA·NIFFS 출신 조향사 EDP 6종, 올리브영 향수/디퓨저 1위, 29CM·한섬 입점. 2023 신생·B2C 완제품 향수·인디. 출처: 더페어·keyth.co.kr·IG @keythofficial."
포스테스 (Postes),,향수 (니치 퍼퓸),postes_official,"2025.05 성수동 부티크 오픈 신생 K-프래그런스. '우체국' 모티프 8개 도시 무드, 올리브영 온라인 입점, SNS 인증샷 화제. 2025 신생·B2C·인스타 바이럴/인플루언서 마케팅 최적. 출처: 엘르·postes.kr."
사운드그린 (Soundgreen),✓,향수 (비건 니치 퍼퓸),soundgreen_official,알레르겐 배제·민감성 테스트 완료 저자극·비건 향수 표방 국내 니치(합리적 가격대). 비건/저자극 콘셉트로 인플루언서·리뷰 마케팅 여지 큰 인디 B2C. 출처: 하퍼스바자·디자인컴퍼스·soundgreen.kr.
라 바이에떼 (La Variété),✓,향수 (니치 퍼퓸),la.variete_fragrance,"'다채로운 감정의 향기' 표방, 향을 예술 영역으로 접근하는 국내 니치 향수. EDP·포터블·디퓨저 세트, 29CM·SSF샵·SI빌리지 입점, 아트 협업형으로 인플루언서 여지. (정확 론칭연도 비공개). 출처: 하퍼스바자·lavariete.co.kr."
센츄어리 (Scentuary),✓,향수 (니치 퍼퓸),,"영화/디자인 출신 창업자+조향사가 '익숙한 판타지' 슬로건으로 만든 신생 니치 향수(퀸타센스, 종로구). 데뷔작 '재즈민' EDP, 재즈바 협업 전개. 신생(2024~2025)·B2C·스토리텔링형 인디. (공식 IG는 동명 해외계정 혼동 우려로 공란). 출처: 하퍼스바자·scentuary.cafe24.com."
엘로레아 (ELOREA),✓,향수 (K-프래그런스 니치 퍼퓸),elorea,"2021년 한국계 미국인 부부가 시작한 K-fragrance 니치 향수. 깻잎·오미자·녹차 등 한국 향료, 뉴욕 본사+한국 스토어 운영, NYT·엘르 소개. 한국 진출 K-fragrance 인디·B2C, IG 11만으로 인플루언서 활발. (런칭 2021로 컷오프 약간 앞섬). 출처: 보그코리아·whowhatwear·IG @elorea."
헤브블루 (HEVEBLUE),✓,스킨케어,heveblue_cosmetic,"성분·함량 투명 공개 민감성 스킨케어 신생 인디. 2026 큐텐재팬 메가데뷔 어워즈 수상 일본 진출, 국내/글로벌/일본 IG 별도 운영하는 직판형. 해외 진출 지향+국내 인플루언서 여지 명확. 출처: bizwatch.co.kr·heveblue.co.kr."
샤르드 (CHARDE),✓,스킨케어,charde_official,"에센셜리스트 스킨케어 신생 인디. 2026 큐텐재팬 메가데뷔 어워즈 대상으로 일본 급성장, 국내/글로벌 IG 분리 운영 직판형. 해외 진출 지향+국내 인플루언서 여지. 출처: beautynury.com·greened.kr·charde.co.kr."
퓌 (fwee),✓,색조,fwee_makeup,"2021년 시작 MZ 무드 색조 인디(쿠션 글래스/푸딩팟). 일본·미국 팝업 및 플래그십, 미국 Ulta 신규 입점, IG·틱톡 바이럴 굿즈 중심 직판으로 국내 인플루언서 여지 큼. (다소 이른 런칭이나 인디 규모 해외확장기). 출처: Glossy·fwee.kr."
잉가 (INGA),,색조,inga_official,"워터 글로우 립틴트로 알려진 색조 인디(㈜에이비티아시아). 2024 쇼피 신규 입점, 동남아 히트, 국내/일본/글로벌 IG 운영 직판형으로 인플루언서 마케팅 적합. 출처: shopee.kr·meconomynews·ingacos.com."
아렌시아 (Arencia),,스킨케어 (클렌징·비건),arenciaofficial,"그린 아르티장 떡솝(클렌저)·홀리히솝 세럼 중심 비건 클렌징/스킨케어 인디. 2023 큐텐재팬 입점 후 아마존재팬 클렌징폼 1위, 일본 오프라인 330여 매장 확산, IG 직판형. 출처: thepowernews·vegannews·arencia.com."
바이오던스 (Biodance),,마스크팩·스킨케어,biodance_official,"바이오 콜라겐 리얼 딥 마스크로 미국 아마존 히트·세포라/Boots 확장 신생 인디(뷰티셀렉션, 인플루언서 커머스 출신). 인플루언서 마케팅 기반 성장 이력 명확, IG 직판형. 출처: kedglobal·beautynury·biodance.co.kr."
데이지크 (dasique),✓,색조,dasique_official,"블루밍 무드 색조 인디(2019.12 런칭). 일본 선진출→아마존재팬 인지도, 2025 도쿄 신오쿠보 첫 플래그십, IG 직판형으로 국내 인플루언서 여지. 대기업 계열 아닌 독립 인디. (다소 이른 런칭이나 해외확장기 인디). 출처: fetv.co.kr·thevc.kr·dasique.co.kr."
프리메이 (FREEMAY),,스킨케어,freemay_official,"비건 인증(프랑스 EVE 비건)·독일 더마테스트 통과 B2C 인디 스킨케어. 대표 '진정한 수분크림'이 2024 상반기 화해 수분크림 부문 1위, 무신사·올리브영·롯데마트 입점하며 빠르게 성장한 신생 브랜드. 인스타(@freemay_official) 직접 운영·인플루언서 마케팅 여지 큼. 출처: 무신사 브랜드페이지·한경매거진(롯데마트 전점 입점 기사)"
아이레시피 (iRecipe),,스킨케어,irecipe_official,비건 인증·EWG 그린 등급 지향 클린뷰티 스킨케어 브랜드로 시카 PDRN 토너패드/세럼/크림 라인 등 진정·수분·클렌징 완제품을 소비자에 직접 판매. 인스타(@irecipe_official)·자사몰·무신사 운영으로 인플루언서 마케팅 수요 큼. 출처: 무신사 브랜드페이지·irecipe.com·공식 인스타그램
라프텔 (RAFTEL),✓,스킨케어,raftel_cosmetic,"2023년 정식 론칭한 신생 안티에이징 스킨케어 브랜드. 하이드레이팅 토너·인텐시브 PM10 세럼·아이크림·탄력크림·비건 페이셜 클렌저 등 B2C 완제품 구성. W컨셉 등 입점 및 인스타(@raftel_cosmetic) 직접 운영. 출처: 코스인코리아(세럼 론칭 기사, 2023 정식 론칭)·W컨셉·공식 인스타그램 (동명 애니 OTT '라프텔/Laftel'과 무관)"
3페이지스 (3pages),✓,스킨케어,3pages_official,"바이오텍 기반 펩타이드 스킨케어를 표방하는 인디 브랜드. '올데이 트리트먼트 펩타이드 세럼' 등 토너·세럼·크림 완제품을 자사몰(3pages.co.kr)·인스타(@3pages_official, 약 1.1만 팔로워)로 D2C 판매. 인플루언서 마케팅 여지 큼. 출처: 3pages.co.kr·공식 인스타그램"
아페리레 (APERIRE),,스킨케어,aperire_official,'순수 블루 수분 쿨링 토너 패드'로 알려진 데일리 감성 코스메틱 인디 브랜드. 토너패드·미스트 등 B2C 스킨케어를 자사몰·무신사·29CM로 판매하고 인스타(@aperire_official) 직접 운영. 출처: 무신사·29CM 브랜드페이지·aperire.co.kr·공식 인스타그램
BRAYE (브레이),,색조,braye.official,"2024년 5월 정식 런칭한 신생 B2C 색조 브랜드(기획사 EGNIS). 대표 제품 '립슬릭(LIPSLEEK)'은 슬라이딩 용기의 립앤치크 멀티. 런칭 전부터 인스타 티저로 화제, @braye.official 약 3.4만, 출시 5개월 만에 15개국 진출 - 인플루언서/SNS 마케팅 수요 큰 전형적 신생 인디 색조. 출처: newspim 2024-11-13 '색조 브랜드 브레이, 5개월 만에 15개국 진출 성공', 인스타그램 @braye.official"
팁토우 (Tiptoe),,색조,tiptoe_makeup,"2023년 2월 런칭한 신생 인디 색조 브랜드(운영사 프루트풀). '블러리 퓨레 블러셔', '소프트 도우인 립&치크 듀오' 등 블러셔·립 중심 '포스트 걸코어' 콘셉트. @tiptoe_makeup 약 5만 - 인스타 기반 소비자 직판·인플루언서 마케팅 활발. 출처: the bell 2025-08-25 'K뷰티 스타트업 인사이드 팁토우 운영 프루트풀', 한국섬유신문 '팁토우 이상빈 대표' 인터뷰, 인스타그램 @tiptoe_makeup"
투슬래시포 (TWO SLASH FOUR),,색조,twoslashfour,"뷰티 크리에이터 이사배가 2022년 설립·2023년 제품 런칭한 색조 브랜드. '글레이즈 립 체인저', '올오버 페이스 블러쉬', '엔젤릭 쿠션' 등 립·블러셔·베이스. 아모레퍼시픽 사내벤처(린스타트업) 인큐베이팅 후 분사한 '별도 독립 법인'으로, 아모레퍼시픽은 소수지분 투자자일 뿐 모회사/계열 아님(웹검색 확인). @twoslashfour 약 4.7만 - 인플루언서 직접 운영형 인디 색조. 출처: 어패럴뉴스/와우테일 2023-02 '이사배 투슬래시포 아모레퍼시픽 등 투자 유치(린스타트업 분사·별도 법인)', 인스타그램 @twoslashfour"
RISKY (리스키),,색조,riskybeauty_official,"2024년 9월 런칭한 신생 색조 브랜드(주식회사 리스키, 대표 홍유경 - 독립 인디). '비 볼드 립글로스', '피그먼트 아이섀도우 팔레트' 등 립·아이 중심의 대담한 Y3K 컬러. @riskybeauty_official 약 5.7만 - 스레드·인스타 인플루언서 시딩 활발. 출처: 데일리시큐 2024 '뷰티&컬쳐 브랜드 리스키 공식 런칭', 올리브영 브랜드관, 인스타그램 @riskybeauty_official"
체리엑스엑스 (CHÉRIEXX),,색조,cheriexxofficial,"2025년 3월 첫 립 컬렉션 '더 불렛 매트 루즈'로 런칭한 신생 색조 브랜드(20대 초반 고 대표). 총알형 립스틱·체인/키링 액세서리 구성, 한남동 'House of CherieXX' 팝업 - SNS 콘텐츠/인플루언서 마케팅 수요 큰 인디. 롬앤 운영사 아이패밀리에스씨가 투자(엑셀러레이터)한 별도 독립 색조 브랜드로 확인(계열 아님). 출처: 머니투데이/네이트뉴스 2025-03-25 '아이패밀리에스씨, 색조·패션 브랜드 CHERIE XX 첫 공식 투자', 인스타그램 @cheriexxofficial"
페르웨어 (PERWARE),,색조,perware.official,"2024년 9월 런칭한 신생 색조 브랜드, 슬로건 '입는 뷰티의 시작'. 대표 제품 '립그립(Lip Grip)'은 자석형 폰 그립에 립앤치크(글로우/블러리/밤 멀티 피니시) 결합한 웨어러블 멀티 색조. 성수 팝업 동시 오픈, 올리브영 글로벌 입점 - 인스타 기반 인플루언서 마케팅 활발. 출처: 올리브영 상품페이지 '페르웨어 립그립 6colors', adure.net 패키지 전략 분석, 인스타그램 @perware.official"
먼데이뮤지엄 (Monday Museum),✓,스킨케어 (비건),mondaymuseum.official,"B2C 완제품 비건 스킨케어 인디 브랜드(운영사 타임리랩스). '다르게 바르다, 최소주의 뷰티' 슬로건, EVE Vegan(이브비건) 100% 비건 포뮬러 인증, FSC 친환경 패키지·콩기름 인쇄로 클린뷰티 명확. 자사몰·인스타 직판 중심, 후기·자사몰 카피라이트가 2022년부터 확인되는 신생/소규모 → 인플루언서 마케팅 여지 큼(웹검색 확인). 출처: 공식몰 mondaymuseum.kr / mmds.kr(2022 카피라이트), 마리끌레르 2022 비건화장품 기사, 인스타 @mondaymuseum.official"
물들임 (Muldream),✓,스킨케어 (비건),muldream.official,"민감성 도시 피부 타깃 100% 식물성 비건·클린뷰티 스킨케어 인디 브랜드. 영국 비건소사이어티 인증, 와디즈 펀딩으로 시작한 직판형 브랜드로 자사몰·인스타(@muldream.official, 글로벌 @muldream.global) 중심 판매 → 인플루언서 수요 큼. (런칭 약 2020년으로 '2022 이후'보다 다소 앞서나 소자본 인디·자연주의 감성에 부합, 메이저/계열 아님) 출처: 공식몰 muldream.com, 더구루/데일리시큐 기사"
12GRABS (트웰브그랩스),,스킨케어 (비건),official.12grabs,"운영사 시프트포가 2021년 런칭한 인디(K-Local) 비건 뷰티 브랜드. '국내 로컬 천연 식물 추출물'(완도 황칠 등) 자연주의 콘셉트, 산삼나무 비건 선크림이 비건 인증·올리브영 슈퍼루키 선정. 자사몰·인스타 직판 및 SNS 리뷰 활발 → 인플루언서 마케팅 적합. 출처: 12grabs.com, 스타트업데일리·아빙 기사, 인스타 @official.12grabs"
House of Dohwa (도화가인),✓,스킨케어 (비건/자연주의),houseofdohwa,"이천산 쌀(쌀 추출물·쌀겨)을 주원료로 한 한국 전통 기반 올내추럴·비건·클린뷰티 인디 브랜드. 무농약·무플라스틱 지향 자연주의 스토리텔링, 종로 북촌 매장 운영, 인스타 @houseofdohwa(약 3.1만)·해외 K뷰티 편집숍 입점으로 소비자 직접 판매 → 인플루언서·스토리 마케팅 여지 큼. 출처: houseofdohwa.com, STYLEVANA 브랜드 페이지, 인스타 @houseofdohwa"
허블룸 (Herbloom),,스킨케어 (비건),herbloom.official,"환경·생체리듬 기반 피부 고민에 집중하는 비건·클린뷰티 신생 브랜드. 독자 레시피, 콤부차 플랜트 바이옴 세럼 등 식물성 발효 자연주의 라인, 그랜드벤처스 전략적 투자 유치·약 30개국 수출의 성장형 인디. 자사몰·네이버스토어·인스타(@herbloom.official) 직판 → 인플루언서 마케팅 활발. 출처: herbloom.co.kr, 패션비즈·와우테일 기사, 인스타 @herbloom.official"
산다화 (Sandawha),,스킨케어 (유기농/비건),sandawha.official,"제주 직영 동백 농장 원료 기반 유기농·천연·비건 스킨케어 브랜드. 'COSMOS ORGANIC·비건 인증' 클린 비건 자연주의 포지셔닝, 인스타 @sandawha.official 소비자 직접 소통. (운영사 스킨큐어·더현대/신세계·올리브영 입점으로 '신생(2022+)'보다는 성장·기성 쪽 → 신생 우선 기준상 우선순위 낮음, 단 메이저 계열은 아니며 자연주의·비건 감성에 명확 부합) 출처: sandawha.co.kr, 코스인코리아 입점 기사, 인스타 @sandawha.official"
닥터리쥬올 (Dr.Rejuall),✓,더마·코스메슈티컬 스킨케어,rejuall_official,"약사 5인·의사 4인 공동 개발 처방형 더마 코스메틱. '어드밴스드 PDRN 리쥬비네이팅 크림'이 1년 내 누적 150만개, 출시 72시간 완판으로 급성장한 신생 인디. 자사몰(drrejuall.kr) 직판 + 약국·일본 진출, 인스타 @rejuall_official(약 8.9만)로 협찬 인플루언서 마케팅 활발. 대기업 계열 아님. 출처: dailypharm.com 약국 핫템 기사, theguru.co.kr '16초에 1병' 일본 진출 보도, drrejuall.kr"
닥터바이오 (Dr.Bio),✓,더마·코스메슈티컬 스킨케어,dr.bio_official,"신생아~성인 온가족 대상 클린·비건 더마 코스메틱(EWG 그린 등급, 대전 소재 ㈜닥터바이오). 진정 앰플·모공 타이트닝·비타민C·PDRN 라인 보유. 자사몰(doctorbio.kr) 직판 + 올리브영·무신사·29CM 입점, 오사카·두바이 팝업으로 글로벌 확장 중인 인디 B2C. 대기업 계열 아님. 인스타 @dr.bio_official 웹검색으로 확인(원후보 공란을 보강). 출처: 올리브영/무신사/29CM 닥터바이오 브랜드관, doctorbio.kr, 인스타 @dr.bio_official"
더마라인 (DERMALINE),,더마·코스메슈티컬 스킨케어,dermaline_korea,"병원용 처방을 소비자용으로 확장한 더마 브랜드. 연어 PDRN 솔루션 앰플, 밀크·시카 엑소좀, NAD 파워 솔루션 등 고기능 성분 라인. 자사몰(dermaline.co.kr) 직판 + 올리브영 입점, 인스타 @dermaline_korea로 소비자 직접 판매. 소규모 인디로 인플루언서 마케팅 수요 큼. 대기업 계열 아님(대표 왕홍근, 경기 하남). 출처: dermaline.co.kr, wconcept·ssgdfs 상품 페이지, danawa 가격비교"
닥터리코스 (DR.LEECOS),✓,더마·코스메슈티컬 스킨케어,drleecos_official,"피부과 전문의 이유득 원장이 30년 피부 치료 데이터를 바탕으로 개발하고 50인 피부 전문가 자문을 거친 더마 코스메틱. 자사몰(drleecos.com) 직판 + 네이버 스마트스토어·무신사 판매. 인스타 @drleecos_official 팔로워가 아직 작아 인플루언서 마케팅 성장 여지 매우 큼. 개인 피부과 기반 인디, 대기업 계열 아님. 출처: drleecos.com, 인스타 @drleecos_official, musinsa 닥터리코스 브랜드 페이지"
아로셀 (Arocell),,더마·코스메슈티컬 스킨케어,arocell_official,"'노화를 세포 이야기로 다룬다'는 콘셉트의 바이오 코스메슈티컬 인디 브랜드. 인체제대혈 줄기세포 배양액·도포형 보툴리눔(데모톡신) 함유 슈퍼파워 크림 등 차별화 라인. 자사몰(arocell.co.kr) 직판 + 올리브영 입점, 인스타 @arocell_official(약 1.6만)·@arocell_global 운영으로 SNS·인플루언서 마케팅 적극. 독립 인디, 대기업 계열 아님. 출처: arocell.co.kr, oliveyoung 아로셀 브랜드 스토어, 인스타 @arocell_official/@arocell_global"
더마센트릭 (Dermacentric),✓,더마·코스메슈티컬 스킨케어,dermacentric_official,"피부과 추천 기반 프로페셔널 스킨케어를 표방하는 더마 코스메틱. 펩타이드 앰플, 수딩 크림, 트러블 진정 젤크림, 미네랄 선크림 등 보유. '병원용 화장품' 포지션이나 자사몰(dermacentric.com)로 소비자 직판, 영문·중문 사이트 운영, 인스타 @dermacentric_official로 인플루언서 마케팅 여지. 독립 인디, 대기업 계열 아님. (2019년경부터 활동해 신생도는 다소 약함) 출처: dermacentric.com, 마리끌레르·더마 기사 언급"
러븀 (LUVUM),,스킨케어 (더마 인접),luvum_official,"'Love Your Moment' 콘셉트의 인디 스킨케어 브랜드. 시카·유자·콜라겐·머드 겔 마스크가 올리브영 콜라겐팩 상위권, 토너패드·세럼·앰플·선케어 등 진정·장벽·모공 기능성 라인. 자사몰(luvum.co.kr) 직판 + 올리브영, 인스타 @luvum_official·글로벌·일본 계정 운영으로 SNS 직판·인플루언서 마케팅 활발. 독립 인디, 대기업 계열 아님. (6주년 표기로 ~2018 창업, 신생도는 약함) 출처: luvum.co.kr, oliveyoung 콜라겐팩 기획전"
두피부 (doopeeboo),✓,스칼프케어 (두피),doopeeboo,"'두피도 피부처럼' 컨셉의 두피 전문 인디 브랜드. 두피세럼(스칼프 모이스처라이징/부스트 드라이앰플), 카페인 10,000ppm 탈모기능성 샴푸 등 두피 화장품을 D2C(doopeeboo.com)+인스타로 직판. 통신판매업 신고번호 2023-서울성동-2166로 2023년 본격 영업 시작한 신생, 인플 협찬 마케팅 활발. 출처: doopeeboo.com / 다나와·올리브영 검색"
리필드 (Refilled),,스칼프케어 (두피/탈모),refilled_official,"㈜콘스탄트의 두피 홈케어 B2C 브랜드. 특허성분 사이토카인 함유 '탈모케어 헤어토닉 부스터 프로' 등 두피/헤어 화장품을 무신사·자사몰로 판매(앱 진단은 부가 서비스). 2023년 시리즈A 투자 유치한 신생 뷰티테크, 인스타 활발. 화장품 라인이 핵심이라 ICP 부합(디바이스 아님). 출처: platum.kr / refilled.co.kr / @refilled_official"
그로우어스 (GROWUS),,헤어케어,growus.official,"바다 미네랄(탈라소테라피) 기반 두피·헤어 스파케어 신생 브랜드. 데미지 테라피 샴푸/트리트먼트, 알게 테라피 미네랄 샴푸 등. 회사원A 콜라보(2024.8), 세포라·무신사·올리브영 입점, 인스타 약 13K로 인플·콜라보 마케팅 활발한 인디 헤어 전문. 출처: magazine.hankyung.com / growus.kr / @growus.official"
솔랩 (SOLAB / Solep),✓,스칼프케어 (두피/탈모),solep_scalp,"두피앰플팩(탈모/진정), 볼륨·손상모 앰플 트리트먼트, 탈모완화 샴푸 등 두피/탈모 기능성에 집중한 헤어 전문 브랜드(solepkorea.com). 올리브영 두피앰플팩 1위·인스타 직판으로 소비자 직접 판매, 인플 후기 마케팅 활발. (단 '20년 연구' 표현이 있어 런칭 시점은 추가 확인 권장) 출처: solepkorea.com / @solep_scalp"
리솔츠 (ReSaltZ),,바디케어 (웰니스),resaltz_wellness,"슈퍼미네랄 솔트 기반 K-웰니스 뷰티 신생 브랜드(전문가 그룹 Hiz의 첫 브랜드). 비건 오일 농축 '리추얼 마사지 클렌징 바'(괄사+마스크+클렌징) 등 바디/스킨 라인을 와디즈로 런칭(2023)·성수 LCDC 팝업, 김준수 협업 향수 출시. 인스타(약 14K) 직판으로 인플 마케팅 활발. 출처: cosinkorea.com / resaltz.co.kr / @resaltz_wellness"
호텔도슨 (HOTEL DAWSON),,향수·홈프래그런스,official.hoteldawson,"2020년 시작한 한국 인디 프래그런스 브랜드로 '호텔 체크인' 콘셉트의 퍼퓸·디퓨저·바디케어를 B2C 전개, 올리브영 입점 및 신사 라운지 운영. 인스타(@official.hoteldawson) 활성 → 인플루언서 마케팅 여지 큼. 출처: 무신사/올리브영 브랜드관, 호텔도슨 공식몰"
킨포크 노츠 (Kinfolk Notes),,향수·홈프래그런스,kinfolk.notes,"2022년 핸드솝·로션으로 시작해 오 드 퍼퓸·디퓨저·캔들·퍼퓸미스트로 확장한 신생 라이프스타일 프래그런스. 성수 플래그십('Personal Notes Bar' 체험) 운영, 소비자 직접 판매·인스타 운영(@kinfolk.notes) → ICP 정합. 출처: KoreaProductPost / scentlife.co.kr 성수 플래그십 사례"
빌라에르바티움 (Villa Erbatium),✓,향수·홈프래그런스,villaerbatium,"한국에서 핸드크래프트되는 천연원료 기반 니치 퍼퓸 브랜드(최초 에디션 2021, 신작 다수). 삼청동 '연금술사 실험실' 쇼룸, '서울의 향' 제작 등 B2C·인스타(@villaerbatium 약 2.5만) 활발 → ICP 정합. 출처: Visit Seoul, Fragrantica, 공식몰 villaerbatium.com"
르페르소나 (LE PERSONA),✓,향수 (니치 퍼퓸),lepersona_official,"강남 소재 (주)르페르소나가 운영하는 한국 인디 니치 향수 하우스. 그리스 가면(페르소나) 모티프의 정체성·감정 중심 향을 B2C 판매. 인스타(@lepersona_official 약 1.6만) 운영, '실험정신 강한 한국 퍼퓸 하우스'로 매체 소개 → 인플루언서 수요 적합. 출처: Insight 'K-퍼퓸' 5선, 공식몰 lepersona.com"
센트메이드 (SCENTMADE),✓,향수 (니치 퍼퓸),scentmade_official,"김포 소재 한국 니치 향수 브랜드(대표 이효빈). 자체 라인업 EDP·퍼퓸 제품을 연남·동대문 오프라인 및 온라인 B2C 판매, 인스타(@scentmade_official) 운영('We find the scent in your memory'). 신생 인디·소비자 직접판매 → ICP 정합. 출처: 잡코리아 기업정보, 공식몰 scentmade.co.kr"
볼름에릭스 (Bolm Erix),✓,향수·홈프래그런스,bolm_erix,"성남 소재 한국 니치 향수 브랜드(맨드레이크·압생트·후카 등 독특한 향), 퍼퓸 외 디퓨저·룸스프레이도 전개, 송파 퍼퓸 스튜디오 운영. B2C·인스타(@bolm_erix) 활발 → 인플루언서 마케팅 여지. (런칭 2018로 신생 기준에서는 다소 이른 편) 출처: 공식몰 bolmerix.com About, Parfumo"
아닐로 (Anillo),,헤어·바디·향수 (비건),anillo_official,"2022년 국내 첫 런칭한 비건 헤어·바디·향 브랜드, '하루를 씻어내는 나만의 시간' 컨셉. anillo_my(말레이시아)·anillo_japan(일본)·anillo.global 등 해외 전용 인스타 계정 운영으로 동남아·일본 진출 적극. 자사몰+올리브영·무신사 입점으로 국내 인플루언서 마케팅 여지 큼. 출처: datanews.co.kr '비건 라이프스타일 브랜드 아닐로 국내 첫 런칭' 기사 / instagram.com/anillo_official"
마리엔메이 (Mary&May),,스킨케어 (클린뷰티),marynmay_official,"에이드코리아컴퍼니(독립 인디사)의 클린뷰티 스킨케어 브랜드. 미국 공식몰, 일본(Plaza·아마존재팬·큐텐·라쿠텐), 동남아(Lazada·Shopee), 왓슨스(홍콩·태국·대만·UAE) 클린뷰티존, 멕시코 단독 런칭 등 해외 진출이 핵심 전략. 성분별 세럼 라인으로 국내 인플루언서 협업 여지 큼. 출처: cosinkorea.com 마리엔메이 일본 진출 기사 / marynmay.com About / instagram.com/marynmay_official"
일소 (ILSO),,스킨케어 (더마),ilso_official,"2022년 3월 만디스코리아가 런칭한 더마 스킨케어 브랜드('RECHARGE YOUR SKIN'). 코·모공·블랙헤드 케어 노즈팩이 대표템으로 미국 Ulta Beauty 입점하며 해외 진출 중. 자사몰(ilso.kr)+올리브영 브랜드관 운영, 인스타 협찬 활발해 국내 인플루언서 마케팅 여지 큼. 출처: news.nate.com 일소 더마 스킨케어 런칭 기사 / marieclaire.com under-the-radar Korean beauty(Ulta 입점) / instagram.com/ilso_official"
케이시크릿 (K-SECRET / SEOUL 1988),,스킨케어,,발효쌀·인삼·레티날 리포좀·펩타이드 중심 인디 스킨케어(100% made in Korea). 'SEOUL 1988' 레티날 세럼·아이크림을 Amazon US 직접 스토어로 판매하고 Stylevana·YesStyle 등 글로벌 K뷰티 리테일 입점. 레티날 고함량 성분 스토리로 국내 인플루언서 리뷰 여지 큼. (인스타 핸들 미확인으로 공란) 출처: ksecretcosmetics.com / amazon.com K-SECRET SEOUL 1988 스토어 / stylevana.com KSECRET
사랑해요 (SARANGHAEYO),✓,향수 (니치 퍼퓸),,2020년경 시작한 한국 니치 향수 브랜드로 크리에이터가 포착한 시간·공간을 모티프로 한 오드퍼퓸 라인. K-프래그런스 글로벌 부상 흐름의 신생 인디로 무신사·W컨셉·자사몰(srhy.co.kr) 판매. under-the-radar 향수라 국내 향수 인플루언서 협업 여지 큼. (인스타 핸들 미확인으로 공란) 출처: fragrantica.com K-Perfume(Saranghaeyo founded 2020) / musinsa.com SARANGHAEYO 브랜드 / srhy.co.kr
동구밭 (Donggubat),✓,헤어·바디 (비건 고체),donggubat_story,"발달장애인과 함께 만드는 지속가능 라이프스타일 인디 브랜드로 고체 샴푸바·트리트먼트바 등 비건 고체화장품 중심. 영문(글로벌) 자사몰 별도 운영하며 해외 소비자 판매, 무신사 입점. 친환경·소셜미션 스토리가 국내 인플루언서·캠페인 협업에 적합. 출처: donggubat.co.kr(영문몰 us/goods) / musinsa.com 동구밭 / instagram.com/donggubat_story"
플라스킨 (FLASKIN),,스킨케어,flaskin_kr,비나우(BENOW)가 전개하는 성분 중심('The Ingredients Project') 스킨케어 인디 브랜드. 비나우는 16개국 진출 중이며 흰두유 단백질 로션 등으로 자사몰·올리브영 판매. 성분 소구가 국내 뷰티 인플루언서 리뷰 콘텐츠에 적합. 출처: benow.co.kr content2(넘버즈인·퓌·라이아·플라스킨) / ekn.kr 비나우 16개국 진출 기사 / instagram.com/flaskin_kr
리즈네이처 (Riz Nature),✓,이너뷰티,riznature_pdrn,"'먹는 PDRN' 컨셉의 차별화된 신생 이너뷰티 브랜드로 주름·홍조·트러블 등 피부 고민을 속에서 케어(피부 지향, 다이어트 아님-웹검색 확인). 자사몰 riznature.co.kr D2C 운영, 인스타 @riznature_pdrn에서 '데일리 이너뷰티' 릴스 마케팅. 운영사 은새코퍼레이션. 출처: riznature.co.kr 및 인스타그램 릴스, allurekorea/biospectrum PDRN 트렌드 언급"
플랜트 / 로가플랜트 (PLANT by 로가),✓,이너뷰티,plantbyseed,"4세대 식물성(비건) 트리펩타이드 콜라겐을 젤리·액상·음료(초록병)·콤부차 분말로 전개하는 D2C 이너뷰티(피부·콜라겐 미용 지향). 운영사 (주)로가, 자사몰 plantbyseed.com/.co.kr, 인스타 @plantbyseed(RAWGA PLANT). 비건·콜라겐 포지션으로 인플루언서 마케팅 여지 큼. 출처: plantbyseed.com 자사몰 및 인스타그램"
배리어글로우 (Barrier Glow),✓,스킨케어 + 이너뷰티,barrierglow,"민감/장벽 케어 컨셉의 신생 기능성 뷰티 브랜드로 스킨케어와 함께 이너뷰티(콜라겐 등 미용 지향) 라인을 자사몰 barrierglow.com에서 D2C 판매, 인스타 @barrierglow 릴스 마케팅 활발. 운영사 (주)닥터피부광컴퍼니. 출처: barrierglow.com 자사몰 및 인스타그램"
라운지셀 (Loungecell),✓,이너뷰티,,"오리진 아미네이드 N6(피부건강)로 '2024 상반기 화해 이너뷰티 어워드' 피부건강 카테고리 1위 - 미용 지향 이너뷰티가 브랜드의 핵심·수상 정체성(웹검색 확인). 자사몰 loungecell.co.kr D2C 운영. (다이어트 보조 SKU도 일부 보유하나 브랜드 정체성은 피부건강 이너뷰티) 인스타 핸들은 확인되지 않아 공란. 출처: zdnet/ddaily '2024 상반기 화해 어워드', hwahae.co.kr/awards/75, loungecell.co.kr"
셀라딕스 (Celladix),,스킨케어 (더마/트러블 앰플·토너·세럼),celladix.official,"문제성 피부 타깃 더마 코스메틱. 대표 '세범 리밸런싱 131 앰플'이 2025 화해 트러블 앰플 1위·올영 온라인 스킨케어 판매 1위(2025.5), 2023 KRBA 수상. 자사몰·올리브영 B2C 직판+인스타/틱톡 후기 마케팅 활발한 인디. 출처: celladix.co.kr, hwahae.co.kr 제품/랭킹."
이퀄베리 (EQQUALBERRY),✓,스킨케어 (비건 토너·세럼·크림),eqqualberry_kr,"(주)부스터스가 운영하는 100% 비건 신생 브랜드, 2024.1 미국 아마존 입점 후 토너/세럼 TOP100, 70개국 수출. 틱톡·인스타 바이럴 중심 DTC(국내 @eqqualberry_kr, 글로벌 @eqqualberry_global 16만+). 대기업 계열 아님. 출처: fashionbiz.co.kr, eqqualberry.com, instagram.com/eqqualberry_kr."
오어스 (O'earth),,스킨케어 (비건 수분진정 세럼인앰플·토너패드),oearth_skincare,"저자극 비건 수분진정 신생 브랜드. '히알루론시카 7초 세럼 인 앰플'이 올영 입점 이틀 만에 판매 1위·솔드아웃, 한예슬 추천템. 자사몰(oearth.kr) 직판+인스타 운영 인디 B2C로 인플루언서 마케팅 여지 큼. 출처: oearth.kr, wedding21.co.kr, instagram.com/oearth_skincare."
프레비츠 (FREBITS),,스킨케어 (프리미엄 비건 세럼·토너·앰플·클렌징밤),frebits_official,"(주)잘론네츄럴(現 PHB코리아)의 프리미엄 비건 신생 브랜드. 글루타치온 패치 와디즈 펀딩 11,302% 달성(2024.6 미백 패치 부문 1위), 자사몰·무신사 직판+인스타/엠버서더 운영. 대기업 계열 아님. 출처: pharmnews.com, frebits.com, wadiz.kr."
누그레이 (NUEGRAY),,색조 메이크업 (립앤치크·블러셔 중심),nuegray,"'케어-인 메이크업' 콘셉트의 인디 색조 브랜드. 히어로 '세모 탭 립앤치크'가 완판 후 올영 공식 입점, 시코르 입점·동남아 확장 중. 인스타 @nuegray로 소비자 직접 소통, 인플루언서 마케팅 여지 큼. 대기업 계열 아님. 출처: dhnews.co.kr, ekn.kr, glowpick.com/brands/12868."
오아드 (OIAD),,색조 메이크업 (립·립앤치크 중심),oiad_official,"독립 운영사 OURAND(대표 다빈 김)의 인디 색조 브랜드. 롱웨어 립타투 '립티크'가 올영 입점과 동시 랭킹 1위, 레드벨벳 슬기를 뮤즈로 발탁하는 등 인플루언서 마케팅 적극. 자사몰(oiad.kr) 직판. 대기업 계열 아님. 출처: goodkyung.com(슬기 뮤즈), oliveyoung 브랜드관, oiad.kr."
오하브 (OHAVE),✓,스킨케어 (약산성 비건 토너·앰플세럼·크림·선케어),ohave.official,"고기능 비건 스킨케어. PETA 크루얼티프리+유해성분 배제·약산성 저자극 자연유래 클린 포지셔닝의 니치 인디. 자사몰(ohavecosmetic.co.kr)·무신사 D2C 직판+인스타 운영으로 인플루언서 마케팅 여지 큼. 출처: ohavecosmetic.co.kr, musinsa.com/brands/ohave."
베이지크 (BEIGIC),,"스킨케어 (비건 오일·세럼·페이스 스크럽, 슬로우에이징)",beigic_official,"공정무역 페루산 그린커피빈 기반 100% 비건(Vegan Society 인증)·크루얼티프리 자연주의 스킨케어 인디. 자사몰·세포라 입점, 인스타(@beigic_official, ~39K) 운영하는 소비자 직판으로 인플루언서 마케팅 수요 큼. 출처: beigic.com, instagram.com/beigic_official."
알투엔스킨 (R2N SKIN),✓,스킨케어 (제주 원료 자연주의 크림·세트),r2nskin_official,"'Return to the Nature' 콘셉트의 제주 청정수·식물추출물 기반 자연주의 신생 인디. 색소·향료·파라벤 무첨가 클린 포지셔닝. 자사몰(r2nskin.co.kr) D2C+인스타/유튜브 운영. 출처: r2nskin.co.kr, civilreporter.co.kr 기사."
닥터디퍼런트 (DR.DIFFERENT),✓,"스킨케어 (더마/코스메슈티컬 레티날·시카, 슬로우에이징)",drdifferent_official,"2022년 초 론칭 코스메슈티컬 브랜드(법인 다른코스메틱스, 대표 이동원=CNP 창업자). 레티날·시카 임상 포지셔닝 소비자 스킨케어를 자사몰·올영·무신사·29CM 직판, 인스타(@drdifferent_official)로 마케팅. 대기업 계열 아님. 출처: drdifferent.com, 무신사/29CM 브랜드관."
닥터멜락신 (Dr.Melaxin),,스킨케어 (더마/슬로우에이징 세럼·앰플),dr.melaxin_korea,"2023년 론칭 슬로우에이징 더마 브랜드(운영사 브랜드501). 틱톡샵·자사몰(melaxin.com)·올영 중심으로 급성장, 숏폼/인플루언서 마케팅이 성장 동력(2024 매출 800억). 독립 인디 기업(대기업·제약 계열 아님). 출처: cogonggo.co 성공사례, melaxin.com, thevc.kr/brand501."
셀레베 (SELEVE),✓,"스킨케어 (더마/비건 그린캐비어 PDRN, 광채·장벽)",seleve_official,"2024년 론칭 더마 브랜드(운영사 올그레이스, 대표 김강일=조선미녀 초기 기획자). 비건 그린캐비어 PDRN 4종 라인을 자사몰·아마존 직판, 론칭 4개월 11개국 수출 4만개·SNS 바이럴('제2의 조선미녀' 지향). 대기업 계열 아님. 출처: meconomynews.com 인터뷰/라이징스타, seleve.co.kr."
YSE 코스메틱스 (YSE Cosmetics),✓,"스킨케어 (더마, YGF=PDRN+MGF, 민감·홍조)",,"2024.11 론칭 더마 코스메틱(운영사 브랜뉴랩, 청담 브랜뉴클리닉 윤성은 원장 개발). 독자성분 YGF 기반 민감/홍조 스킨케어를 자사몰(ysecosmetics.com) 직판. 독립 인디(대기업·제약 계열 아님). 인스타 핸들은 동명 美 'YSE Beauty'와 혼동 우려로 확정 불가하여 공란. 출처: ysecosmetics.com 브랜드소개, brandnewlab.co.kr."
닥터에이디 (Doctor Aidee / Hairology),✓,헤어·스칼프케어 (비건 두피·탈모완화 샴푸·트리트먼트),doctor_aidee_official,"약학박사가 만든 비건 두피케어·탈모증상완화 기능성 인디. 독도 해양심층수·식물성 성분 기반, 헤어올로지 라인으로 두피/모발 케어 집중하는 소비자 직판 B2C. 출처: doctoraidee.com(주식회사 닥터에이디), 오아시스마켓 판매 페이지, instagram.com handle."
에브리톡톡 (Etok / EverytokTok),✓,헤어·스칼프케어 (두피케어 헤어토닉·스케일러·탈모예방),everytoktok,"'데일리 두피 케어 전문' 신생 인디 스칼프 브랜드. 특허 두피직분사 헤어토닉·두피스케일러 운영, 올영 입점+인스타(@everytoktok)로 소비자 직접 소통—인플루언서 마케팅 여지 큼. 출처: etok.co.kr(주식회사 드림인, 인천), 올영 헤어토닉 판매, instagram.com/everytoktok."
넛세린 (NUTSELINE),,바디케어 (보습 바디로션·바디 슬림핏 세럼·멀티밤),nutseline,"'슈퍼너트' 보습 콘셉트 신생 바디케어 인디(운영사 스튜디오에피소드). 1년간 10배 성장, 2024.10 올영 오프라인 입점, 모델 한혜진이 직접 디렉팅한 '아로마 넛 라인' 등 인플루언서/모델 협업 적극. 자사몰·무신사 직판. 출처: cosinkorea.com 인터뷰, 올영 브랜드관 A013072, nutseline.com."
순딩 (SOONDING),,"스킨케어 (저자극 진정, 민감성)",soonding.official,"민감/예민 피부용 저자극 진정 스킨케어 인디. 자사몰·무신사 직판, 12개국 수출·아마존 입점, 다국적 걸그룹 RUMOR-X를 글로벌 앰버서더로 발탁한 '젠지 K-뷰티'로 해외 지향+인플루언서 마케팅 수요 명확. 출처: stardailynews.co.kr 앰버서더 기사, soonding.kr, instagram.com/soonding.official."
나인리스 (NINELESS),,스킨케어 (성분 중심 비건 세럼·선케어),nineless_official,"'성분에 집착한 스마트 스킨케어' 인디 더모코스메틱(운영사 JCN컴퍼니), 비건·크루얼티프리. 한국 제조에 글로벌 인스타(@nineless_official ~126K)·StyleKorean 등 해외 리테일 직판으로 해외 지향 뚜렷, 인플루언서 마케팅 활용 여지 큼. 대기업 계열 아님. 출처: stylekorean.com/brands/437/nineless, 9less.co.kr, instagram.com/nineless_official."
씨퓨리 (SEAPURI),✓,바디·두피케어 (빙하수 바디미스트·토너·두피 앰플),seapuri__official,"'바다가 제안하는 정화 솔루션' 콘셉트의 인디. 아이슬란드 빙하수 91% 바디미스트(모공각화증)·빙하수 토너·두피 앰플 등을 자사몰·무신사 직판. 해외 '젠틀 스칼프케어' 포지셔닝으로 틱톡 바이럴 지향해 인플루언서 마케팅 여지 큼. 출처: seapuri.co.kr, musinsa.com/brand/seapuri."
스노우투플러스 (SNOW2+),✓,스킨케어 (트러블/스팟 마그네슘 마이크로니들 패치),snow2plus_official,"랩앤피플(경기 양주) 코스메틱 브랜드로 특허 마그네슘 마이크로니들 여드름/트러블 패치(화장품, 디바이스 아님)를 소비자 직판. 일본·싱가포르 등 해외 진출+자사몰/올영 유통, 차별화 효능 스토리로 인플루언서 마케팅 여지 큼. 출처: snow2plus.com, instagram.com/snow2plus_official."
푸코아 (PUKOA),✓,이너뷰티 (리포좀 글루타치온·해조류 기반),pukoa.official,"운영사 오션앤하베스트의 신생 이너뷰티. 국내 해조류(다시마)+리포좀 글루타치온 결합 '블루밍 리포좀 글루타치온'이 대표 제품(생기/광채 케어). 자사몰(pukoa-store.com)+와디즈 펀딩 D2C, 인스타/스레드 인플루언서 협업 활발. 출처: ajunews.com 2025, pukoa-store.com, wadiz.kr/funding/311500."
글로우밍글 (GLOWMINGLE),✓,이너뷰티 (글루타치온 필름·식물성 비건 콜라겐),glowmingle_official,"하이롭(주)이 운영하는 프리미엄 이너뷰티 신생 브랜드. 고순도 글루타치온+리포좀 비타민C 필름, 식물성 비건 콜라겐 등 광채/생기 라인을 자사몰(glowmingle.co.kr) D2C+인스타(@glowmingle_official) 운영. 인플루언서 마케팅 여지 큰 인디. 출처: glowmingle.co.kr, sisunnews.co.kr."
젠실 (Zencil),✓,색조(립),zencil.official,"인플루언서 신재은(@zennyrt 100만+) 설립 색조. zencil.kr·창업자 인스타에서 핸들 확인. 팬덤 기반 D2C, 인플루언서 마케팅 여지 큼."
자빈드서울 (JAVIN DE SEOUL),,색조(쿠션·파운데이션·아이),javindeseoul,"(주)다하우스 운영 컨템포러리 색조. 무신사·W컨셉 입점, IG 27K. 인디 규모. 출처: javindeseoul.com·musinsa."
파넬 (PARNELL),✓,색조(시카 베이스·쿠션),parnell.official,"일레븐코퍼레이션(2025 예비유니콘) 운영. 시카 세럼쿠션 올영 여름쿠션 1위, IG 32K. 스타트업·확장 여지. 출처: parnell.kr."
결하우스 (GYEOL HAUS),,스킨케어(클렌징오일),gyeolhaus_official,"오일 설계 전문 인디. gyeolhaus.co.kr 실재, 화해 어워드 이력. IG 확인. 출처: business.hwahae.co.kr."
런드리유 (Laundryou),,스킨케어(클렌징폼),laundryou_official,"2021 론칭 인디(bvmt). 2024 올영 클렌징 1위·매출 200%↑, Cosmax 투자. 성장형이나 인디. 출처: digitaljournal.com."
텐제로 (TENZERO),,스킨케어(클렌징밤·더마),tenzero_official,"저자극 더마 인디. Young Collagen 클렌징밤, 이랜드몰 입점, 글로벌 계정 별도. 출처: tenzero.co.kr."
어반퓨어 (Urban Pure),✓,스킨케어(클렌징·더마),,"CNP 창립자 차미경 원장 신규 더마. 클렌징 7종, 얼루어 2026 라이징 브랜드 8선. IG 미확인(공란). 출처: urbanpure.co.kr·allurekorea."
LOVB LOVB (럽럽 코스메틱),✓,색조 - 베이스 (쿠션·파운데이션),lovblovb_official,"20대 타깃 내추럴 커버 글로우 쿠션 중심 인디. lovblovb.co.kr 공식몰 실재. Amazon 립 신규 1위·StyleVana 입점. 출처: lovblovb.co.kr, amazon.com K-beauty. [출처=클로드]"
STIMMUNG (스티뭉),✓,색조 - 베이스·아이·립 (멀티 컬러),,"'MOOD SWING with Colors' 콘셉트 독립 색조. stimmung.co.kr 실재, 보그코리아 색조 특집 소개. 대기업 계열 아님. IG 미확인(빈칸). 출처: stimmung.co.kr, vogue.co.kr. [출처=클로드]"
더모테라피 (Dermotherapie),✓,더마 스킨케어 (진정·장벽 케어),dermotherapie,한국 더마 코스메틱 인디. dermotherapie.co.kr + 인스타 @dermotherapie 직접 확인. 글로우픽 등록·리뷰 활성. D2C 병행. 출처: instagram.com/dermotherapie. [출처=클로드]
더메디닥터 (TheMediDr),✓,더마 스킨케어 (피부과 기반 클렌징·세럼·크림),themedidr_official,"피부과 전문의 기반 더마 인디. themedidr.co.kr + 인스타 @themedidr_official 직접 확인. 쿠팡·무신사 입점, D2C 병행. 출처: themedidr.co.kr. [출처=클로드]"
케어드 (KARED),,스킨케어 (웰니스),kared.kr,"2023년 6월 론칭 웰니스 스킨케어. 운영사 오알엔피. 무신사·29CM 입점 소형, @kared.kr 약 1.7만, D2C 운영. ⚠️아모레퍼시픽그룹·스마일게이트 시드 투자 수령(계열 아님·시드 단계지만 검토 필요). 출처: nextdaily.co.kr. [출처=클로드]"
네오베아 (Neovea),✓,스킨케어 (미니멀 더마),neovea_official,"2025년 11월 17일 런칭 신생 D2C 미니멀 스킨케어(불필요 성분 제거 철학). 셀럽(소원) 직접 기획·셀럽 팬덤 연계로 인플루언서 마케팅 수요. 공식몰 neovea.co.kr. 출처: tvreport.co.kr, allkpop.com. [출처=클로드]"
위글랜 (WEGLAN),✓,더마 스킨케어 (장벽케어·신생),weglan_official,"We Glow Again 슬로건 신생 초소규모 인디. 속광 앰플 출시 7일 만에 300개 완판, 무신사 입점. 콜드 발굴 최적. 출처: instagram.com/weglan_official. [출처=클로드]"
연지 (YEONJI),,비건 색조 (립밤·립멀티밤),yeonjicos,"한국 전통공예+비건+제로웨이스트 컨셉 소규모 D2C(운영사 TOBEWEIRD). 영국 비건소사이어티 인증, yeonjicos.co.kr 자체몰. 출처: yeonjicos.co.kr. [출처=클로드]"
뮬지오 (mulgeo),,더마 스킨케어 (비건·장벽케어),mulgeo_official,"고효능 비건 스킨케어 소규모 인디(주식회사 뮬지오, 용인). 민감피부 3-STEP, 29CM·mulgeo.kr D2C. 출처: mulgeo.kr. [출처=클로드]"
진저식스 (Ginger6),✓,비건 스킨케어 (생강추출 세럼·앰플),ginger6_official,"생강수 베이스 EWG 그린등급 비건 스킨케어, 하나모아(주) 독립. 인스타 5.3K 소형. 출처: ginger6.co.kr. [출처=클로드]"
IWLT (아이더블유엘티),✓,스킨케어 (에포트리스 스킨),,인플루언서 한여나 창업 '에포트리스 스킨' 컨셉 독립 인디. iwlt.co.kr·W컨셉 입점. IG @iwlt_beauty_kor 노출되나 미확정→빈칸. 출처: iwlt.co.kr. [출처=클로드]
더퓨어로터스 (The Pure Lotus),,비건·클린 스킨케어 (제주 백련 앰플·세럼),thepurelotus_global,제주 백련잎 원료 글로벌 비건·클린 소규모 인디. thepurelotus.com 공식몰. 출처: instagram.com/thepurelotus_global. [출처=클로드]
허스텔러 (HERSTELLER),,비건 색조 (립밤)·스킨케어,hersteller_official,"W Concept PB→김빛나 대표 인수 독립 중소 비건 브랜드. 리차징 립밤 주력, 올영·무신사 입점, EVE VEGAN. 출처: thefrontier.co.kr. [출처=클로드]"
이지 (EZY),✓,색조 (립글로스),ezy.coming,"얼루어 2026-06-22 '신상 루키 3선'. 리본 오브제 립글로스, 론칭 1개월 1.4만. 신생 소규모 색조 D2C. [출처=클로드]"
호미어 (HOMIER),✓,색조 (립앤치크),,"㈜CreamWave, 맥세이프 부착형 '포켓 립앤치크'. 얼루어 신상 기사. 신생 소규모 색조 인디. IG 미확인(빈칸). [출처=클로드]"
블랑디바 (BLANCDIVA),,색조 (쿠션·글로우),blancdiva_official,"㈜안앤케이글로벌 독립 중소. 글로우 온 쿠션, 올영·무신사 입점, 38K. [출처=클로드]"
그라운드플랜 (GROUNDPLAN),,색조 (쿠션·글로우 베이스),grplan,"㈜바리엔유 독립 인디(강남). 글로우핏 쿠션 D2C, 무신사·W컨셉. [출처=클로드]"
글로우 (GLOW),,색조 (BB크림·스킨틴트),glowishere,"㈜커런티브 2023 신생. 브리더블 비비크림 D2C, 올영, 인플루언서 공동창업, 10만. ⚠️브랜드명 'GLOW' 일반어라 식별 주의. [출처=클로드]"
메르넬 (MERNEL),✓,수분 스킨케어 (토너·앰플·크림),mernel_official,"해조류 기반 건성 수분 솔루션 중소 인디. COD Co. 운영, mernel.kr D2C. [출처=클로드]"
에코비 (EcoBe),✓,비건 클린 스킨케어 (신생),ecobe_official,"신생 인디 클린, 6.6K. ecobecosmetics.com D2C, 2025 소비자 대상 수상. [출처=클로드]"
UVX (유브이엑스),,선케어 전문 (선세럼·선스틱·선파우더),uvx_suncare,"파워풀엑스 운영 선케어 전문 인디. uvx.co.kr D2C, 퀀텀 선파우더·플라즈마 선스틱. 중소. [출처=클로드]"
보나벨라 (BONABELLA),✓,마스크·클렌저 (모델링마스크),bonabella_official,"㈜J&COS, 모델링마스크·티트리 마스크·클렌저. 무신사·신라면세점, 소규모 인디. [출처=클로드]"
영롱 (Younglong),✓,마스크팩·스킨케어,younglong.official,"약사 창업(㈜영롱), younglong.net D2C. 마스크팩. 소규모 인디(1.7K). [출처=클로드]"
YNM (You Need Me),✓,립밤·립케어 전문,ynmbeauty_official,"㈜디럭스뷰티 중소 독립. 올영 어워즈 2년 연속 립케어 수상. 허니 립밤, 18K. [출처=클로드]"
놀라아워 (NOLAHOUR),✓,트러블케어 (여드름 패치),nolahour.official,"독립 D2C, PETA 비건. 여드름 패치+클렌징·토너. 인디. [출처=클로드]"
닥터로사 (Dr.Rosa),✓,더마 (트러블 앰플·세럼),drrosa.official,2024.10 런칭 신생 K-메디컬뷰티. 10개국 수출. 독립 신생. [출처=클로드]
립리프 (LIPLIEF),,립케어·립밤 (비건),,올영·무신사 입점 비건 립케어 전문 소규모. 스티밍 립밤·립마스크. 올영 2022 MD's Pick. IG 미확인. [출처=클로드]
BEAUSTA (뷰스타),✓,더마 (시카 장벽),beausta_official,beausta.com 확인. 시카레시피 토너·세럼·크림. 무신사. 비상장 독립 중소. [출처=클로드]
이더앤 (EITHER&),,색조 (쿠션·글로우 베이스),eitherand_official,"2025.3 한국 론칭 신생. 블루존와이드. 에스파 지젤 모델, 올영 입점, 13K. [출처=클로드]"
코이 (KOY),,스킨케어 (셀럽 기획),koy_by_ko,배우 고현정 5년 기획 론칭. koybeauty.com 확인. 중소 인디·셀럽 팬덤. [출처=클로드]
프랭클리 (FRANKLY),,스킨케어 (원가공개 고효능),frankly.skincare.kr,연구원 원가공개 고효능. frankly.co.kr·W컨셉·29CM·무신사. 중소 인디. [출처=클로드]
4B:face,✓,선스틱·선케어,,화해 선스틱(SPF50+) 리뷰 다수 실존 확인. 소규모·무명 인디. IG 미확인(빈칸). [출처=클로드]
DEWYTREE (듀이트리),,선케어·스킨케어,dewytree_official,"㈜듀이트리(송파) 독립 중소. 올영·Douglas·Watsons 유통, 43K. ※중간급(검토). [출처=클로드]"
SKIN&LAB (스킨앤랩),,선케어·더마,skinnlab_official,"LAB&Company 산하(I'M FROM 형제) 더마, 올영, 24K. ※중간급(검토). [출처=클로드]"
KEYM (키임),✓,색조 (립글로스),keymbykim,"얼루어 2026-06-22 루키. 리본 오브제 립글로스 Glow Bow, K팝 데뷔식 론칭. keymbykim.com. [출처=클로드]"
포들 (PO:DL),,스킨케어 (신생 스타트업),podl_official,2024.8 설립·2025.4 론칭. 시리즈A 35억(카카오벤처스·쿠팡 등). 2개월 99만개. podl.co.kr. [출처=클로드]
신스루 (Sinsuru),,스킨케어 (트러블),sin.suru,"블랭크 자회사 원더웰 운영, 유황온천수 트러블, K-Beauty Next Big5 USA. 6.5K. ※블랭크 연결(검토). [출처=클로드]"
화랑 (hwarang'),✓,한방 스킨케어,hwarangs_official,도라지 추출 클렌징·모이스처 한방 인디. 아마존·예스스타일·예뽀. 소형. [출처=클로드]
HARIMARO,✓,스킨 (마이크로니들 세럼),,비건 마이크로니들 세럼 딜리버리 Shot1000. 2026 기사 등장. IG 미확인. [출처=클로드]
코스메쉐프 (COSMECHEF),,스킨 (발효·한방),cosmechef.official,흑당고 비누 와디즈 8억 펀딩. 자연주의 발효 소형 인디. [출처=클로드]
다룸 (DahRuem),,더마 스킨케어,,와디즈+자사몰. 피부과학×명품전문가. 리딩프로스 독립. IG 미확인. [출처=클로드]
노에트 (NAUET),,색조 (립·치크),nauet.official,"싱글즈 신생8 등재, 2025 론칭. 무신사·성수팝업. nauet.co.kr. [출처=클로드]"
루아센시아 (LUASSENCIA),✓,더마 (마스크·크림),,"클리닉 기반 인디, 글로우픽·SSG. 모아씨앤씨. IG 미확인. [출처=클로드]"
타이니원더 (TINY WONDER),,색조 (미니 립틴트·쿠션),tinywonder_xoxo,"2025.3 론칭, 에이블리 뷰티 1위. 비브이엠티 신생 인디. [출처=클로드]"
례례 (Reirei),✓,스킨 (쌀뜨물·도토리),reiireii.official,2024.12 W컨셉 단독. 박막례 기획. 13K. 마리끌레르·하퍼스바자. [출처=클로드]
플르부아 (Pleuvoir),,스킨 (향 라이프스타일),,29CM·올영·무신사·W컨셉. ㈜플르부아 독립. IG 미확인. [출처=클로드]
무무키 (MUMUKI),✓,쿠션 색조,mumuki_kr,"2025.10 임블리 기획, BM스마일. BDRN 쿠션 완판. 신생. [출처=클로드]"
그레이스데이 (GRACEDAY),✓,스킨케어,graceday_k,2020 중소. 코스모뷰티서울 2025 참가. ※2020(검토). [출처=클로드]
루미르 (LUMMIR),,색조,lummir_makeup,2024 신생 색조(레드벨벳 담당 아티스트 공동개발). 무신사 팝업 후 거래 240%·검색 420%↑. 22K. lummir.kr. [출처=클로드]
클레버스텝스 (Cleversteps),✓,더마 스킨케어,,중남미 K뷰티 유튜버(265만) 제이슨배 창업. 2026.4 더벤처스 시드. 세라마이드·나이아신아마이드 고함량. IG 미확인. [출처=클로드]
소묘 (SOMYO),✓,스킨 (선베이스),,"키뮤트 2026 설립, 하임벤처 시드. BALANCELOCK 선+프라이머+베이스 통합. 일·베트남 목표. IG 미확인. [출처=클로드]"
볼라보 (Bollabo),✓,스킨 (립케어·랩핑밤),bollabo_korea,와디즈 누적 7억+ 랩핑밤 재펀딩. 라끄본 운영. 신생 인디. [출처=클로드]
벨라 (VELLA),,스킨 (선케어),vella_official_kr,"와디즈 K뷰티 선케어 1위, 하이드로 선에센스 후기 1.4만. vellacosmetic.com. [출처=클로드]"
셀룸 (Cellum),✓,스킨 (맞춤 앰플),,"와디즈 1.4억 맞춤앰플, 2000명 후기. 신생. IG 미확인. [출처=클로드]"
폴라탐 (POLATAM),✓,스킨 (베터에이징),polatam_official,인터참 2025 라이징 수상(시카 말라카밍 수분크림). 중소 인디. [출처=클로드]
베르티 (VERTTY),✓,스킨 (비건),vertty_official_global,"다름인터내셔널. 서울인디뷰티쇼·코스모프로프 볼로냐, 이탈리아 입점. 3K 소형. [출처=클로드]"
런슬로우 (RUNSLOW),✓,스킨 (안티에이징),,서울인디뷰티쇼 2025. Early Anti-aging. runslow.co.kr·무신사. IG 미확인. [출처=클로드]
에포나 (EPONA),✓,스킨케어 (제주),_.epona,제주 청정원료 독립 인디. 다름인터내셔널. epona.co.kr. [출처=클로드]
쿠오카 (Kuoca),,스킨 (소량배치 럭셔리),kuoca.official,성수 '파인다이닝 스킨케어'. 식재료급 원료 소량생산 부티크. [출처=클로드]
보히케어 (bohicare),,스킨 (슬로우에이징),bohicare.official,케이트렌드 2025.11 클러스트벤처스 시드. 인플루언서 출신 대표. 신생. [출처=클로드]
클로아 (CLOA),✓,스킨·바디 (천연발효 클린),,"트루자임 2024.12 론칭, 백화점 3사 입점. cloa.co.kr. 신생. IG 미확인. [출처=클로드]"
초민감 (Chomingam),✓,스킨 (민감 세럼),,텀블벅 펀딩 소규모 신생. chomingam.com. IG 미확인. [출처=클로드]
더퍼블리셔 (The Publisher),✓,스킨 (핸드크림),,텀블벅 계절 핸드크림 라이프스타일 소규모. thepublisher.co.kr. IG 미확인. [출처=클로드]
엘로엘 (ELROEL),✓,색조 (파운데이션·선쿠션),elroelcosmetic,"아티스트 유양희 창업. 코스모프로프 아시아 2025 한국관, 22개국. 13K. [출처=클로드]"
리써 (RESEAR),✓,스킨 (마스크팩),resear_official,"2025 창업, 매쉬업벤처스 시드. 김밥롤 마스크. 인천공항·글로벌 280만뷰. 신생. [출처=클로드]"
씽크바이오 (Think Bio),✓,스킨 (동결건조 에어볼),,"thinkbio.co.kr. 2026.1 성수 입점, 코스모프로프 2025. 신생. IG 미확인. [출처=클로드]"
라바섬 (LAVASOME),✓,스킨 (제주 더마),lavasome_official,제주 생물다양성연구소 기술이전 AI맞춤 앰플. 소형 스타트업. lavasome.co.kr. [출처=클로드]
데일리시 (Dailish),✓,스킨 (제주),dailish_cosmetic,"제주 천연소재, 10여국 수출. 4.7K 소형 인디. dailish.co.kr. [출처=클로드]"
우무솝 (Umoo Soap),✓,스킨·클렌징 (제주),umusoap,제주 해녀 우뭇가사리 원료. 2.2K 소형 인디. umusoap.com. [출처=클로드]
세이니드 (SAYNID),✓,스킨+하이브리드 색조,saynid_official,"텍트그룹, 설립 2주만에 카카오벤처스 등 시드. 2025 신생. saynid.kr. [출처=클로드]"
비티티알 (bttr),✓,스킨케어,bttr.kr,세터(SATUR) 창업자 설립. 2026.1 알토스벤처스 시드. 설립 1년 미만 신생. bttr.co.kr. [출처=클로드]
에이더블유이 (AWE),✓,스킨 (한방 클린비건),awe_beauty.official,"크리네이처, 초석잠 한방. 2020 강릉, 2025 TIPS 선정. 소형 스타트업. [출처=클로드]"
더마젼시 (DERMAGENCY),,더마 (스킨+베이스),dermagency_kr,"인플루언서 아옳이 2025 론칭(뉴아이피아/BM Smile). 론칭 4만개 완판, 올영 300점, 아마존US·동남아5국. 신생. [출처=클로드]"
오데어 (ODEAR),,스킨케어 (미니멀),odear_official,인플루언서 박아인 설립 미니멀 스킨. 신세계 센텀 팝업. 신생 독립. [출처=클로드]
바이어 (ByUR),✓,스킨 (모공·토너패드),byur.official,하미글로벌 한-일 공동개발. 아마존·W컨셉·올영글로벌. 비상장 중소. [출처=클로드]
키노닉스 (Keenoniks),,스킨 (토너·클렌징패드),keenoniks_official,와디즈 올인원크림토너 4억. 올영·무신사·신라DFS. 신생 인디. [출처=클로드]
메이베나,✓,스킨 (마스크팩),maybena_official,"부산화장품협회 임원사, 와디즈 TOP100. 4.1K. 중소 인디. maybena.com. [출처=클로드]"
누드페이스 (NUDEFACE),✓,색조 (립),,"오초이스 2023, 필오프 립타투팩. 포브스 색조 대상, 백화점. ※리브랜딩(DARE:A) 중·IG 미확인. [출처=클로드]"
닥터오프쇼어,✓,스킨 (메디컬 아웃도어·광노화),,2025 얼루어 라이징. 성형외과 기반 신카테고리. 중소. IG 미확인. [출처=클로드]
퍼셀 (Purcell),,스킨 (장벽강화),purcell.seoul,"올영 브랜드관, 올영라이브 신진펀딩 22만 시청. 픽셀바이옴 신진 인디. purcell.kr. [출처=클로드]"
모브닝 (Morming),,스킨케어,,"올영 브랜드관, 올영라이브 신진펀딩. 데일리 라이프 신진. IG 미확인. [출처=클로드]"
폰들리 (Fondly),,색조 (슬립틴트),fondly_official,"2024.12 론칭, 6개월만에 올영 온오프 입점. 실리콘 어플리케이터 슬립틴트. 신생. [출처=클로드]"
손앤박 (SON&PARK),,색조 (비건 립·페이스),sonandparkofficial,메이크업 아티스트 손대식·박태윤이 설립한 중소 색조 브랜드. 2024년 매출 전년비 140% 성장해 51억원. 다이소 컬러밤 품절 대란. 출처: m.ddaily.co.kr 2024031809171936365
랩잇 (Lab.it),,스킨케어 (더마·슬림더마),lab.it_official,닥터지(Dr.G) 운영사 고운세상코스메틱이 1020세대 겨냥 론칭한 다이소 전용 더마 브랜드. 말레이시아 500개 매장 글로벌 진출 확인. 출처: news1.kr/industry/distribution/5340831
입큰 (IPKN),,색조 (베이스·립·쿠션),ipknofficial,"이넬코스메틱 운영 중소 색조 브랜드. 다이소 협업 퍼스널 컬러 제품 초도 완판, Z세대 바이럴. 출처: cosinkorea.com no=48628"
소휘 (sohwi),,이너뷰티 (식물성 이너케어),sohwi.official,"자연식물식 클린 이너뷰티 브랜드. 와디즈 누적 7억+ 펀딩, 브랜드데이 6일만에 매출 1억 돌파. 출처: newsis.com NISX20250314_0003098582"
그로우셀 (Growcell),,헤어/두피케어,,G4PRF 자체 개발 성분 탑재 신생 두피·탈모 전문 브랜드. 2025 대한민국 소비자브랜드평가 두피앰플 1위. 출처: kairnews.com/news/434012
여리여리,,이너뷰티,_yeoriyeori,"와디즈 글루타치온 이너뷰티 펀딩 17,221% 달성(1억286만원), 앵콜 펀딩까지 진행. 자사몰(yeoriyeori.com) 운영 중인 소규모 인디 이너뷰티 브랜드. 인스타 @_yeoriyeori 68K. 출처: https://www.mhns.co.kr/news/articleView.html?idxno=712213"
이즈앤트리 (isntree),,스킨케어,isntree_kr,"기능성 그린뷰티 독립 중소기업(2012 설립, 대기업 계열 아님). 2025 화해 라이징 브랜드 랭킹 등재, NCT 재민 Z세대 인플루언서 모델 활용 적극 마케팅 중. 국내 @isntree_kr 35K·글로벌 @isntree 196K. 출처: https://business.hwahae.co.kr/insight/rising-kbeauty-brands-2025-q4/"
EIOM (이옴),,스킨케어,eiom_official,"마이크로바이옴 트러블케어 특화 신생 브랜드(운영사 Newselect). 큐텐재팬 카테고리 1위, 아마존 미국 진출, 10개국+ 유통. 무신사·올리브영 입점. 공식 인스타 @eiom_official 확인. 출처: https://www.livesnews.com/news/article.html?no=59972"
NE:AR (니아르),,이너뷰티,near__official,"이너뷰티·웰니스 인디 브랜드. 큐텐재팬 메가데뷔 어워즈 루키상(이너뷰티), 2025 고객감동 이너뷰티 부문 1위, 일본 시장 진출. 공식 인스타 @near__official 13K. 출처: https://theguru.co.kr/news/article/?no=79484"
Ricocell (리코셀),,스킨케어,ricocell.official,"한국 소규모 인디 스킨케어 브랜드(운영사 아이준주식회사, 경기 구리). 아마존·쇼피 등 다국적 역직구 플랫폼 직판, 베트남·UAE 등 해외 판매 중. 공식 인스타 @ricocell.official 확인. 출처: https://ricocell.com/ ; https://www.instagram.com/ricocell.official/"
제주인디 (Jeju Indi),,스킨케어,,"제주 일출랜드 직접 재배 쪽·동백·하귤 원료 사용 소규모 인디 브랜드. 자체 몰(jejuindi.com) 운영 확인, 제주특별자치도지사 인증 화장품. 인스타 핸들은 검색으로 직접 확인 안 돼 빈칸 처리. 출처: https://jejuindi.com/"
탐라레 (Tamrare),,스킨케어·바디,,"제주 동백 성분 스킨케어·바디 직영 브랜드, tamrare.com 운영 확인. 해외 스킨케어 큐레이션 사이트(skinsli.com)에도 등재. 인스타 핸들 미확인으로 빈칸. 출처: https://www.tamrare.com/, https://skinsli.com/products/tamrare-jeju-camellia-perfect-face-oil-30ml"
POUCH24 (파우치24),,스킨케어/바디케어,pouch24_official,"배우 하지원이 화장품 전문가 친언니와 함께 2025년 1월 론칭한 프리미엄 스킨케어 브랜드. 유명인 창업이나 신생 중소 규모. @pouch24_official 8K 팔로워 직접 확인. 출처: https://www.instagram.com/pouch24_official/, https://pouchtwentyfour.com/"
헤메코랩 (HEMEKO LAB),,뷰티 플랫폼/PB (헤어·스킨케어),hemeko.o,"헤어 스타일리스트 크리에이터 '기우쌤' 기반 뷰티 편집샵 플랫폼 + 자체 PB 화장품 출시. @hemeko.o 119K 팔로워, 얼루어 코리아 2025 특집 확인. 크리에이터 중심 인플루언서 마케팅이 핵심 채널. 출처: https://www.instagram.com/hemeko.o/, https://www.allurekorea.com/2025/10/01/new-era-of-k-beauty-%ED%97%A4%EB%A9%94%EC%BD%94%EB%9E%A9-%EC%9D%B4%EC%84%B1%EA%B7%9C-%EB%8C%80%ED%91%9C/"
르마하 (LEMAHA),,스킨케어/셀프케어,lemaha.official,"셀프케어 전문가 콘텐츠 크리에이터 창립 프로페셔널 셀프케어 브랜드. 괄사·두개골밸런스 홈케어 D2C 운영. 실재 확인: lemaha.co.kr, instagram.com/lemaha.official"
코스노리 (Cosnori),,색조/스킨케어,cosnori_official,"그레이스클럽 운영 독립 중소 뷰티 브랜드. 2025 올리브영 어워즈 2관왕, 아이래쉬 세럼 누적 450만개 판매. 실재 확인: news1.kr/industry/general-industry/5992132, 비상장 독립 중소기업 확인"
바이오가 (Biorga),,헤어케어/바디케어,biorga_official,"올리브영 헤어케어 부문 1위 달성 중소 브랜드. 등드름 바디워시로 2025 올영어워즈 수상, 탈모샴푸 인플루언서 협찬 활발. 실재 확인: instagram.com/biorga_official, oliveyoung 브랜드관"
에스네이처 (S.NATURE),,스킨케어,s.nature,"올리브영 어워즈 3관왕 수분 스킨케어 인디. 아쿠아 스쿠알란 세럼 주력 제품, 무신사 입점. 인스타 @s.nature 실존 확인(26K 팔로워). 출처: Instagram @s.nature 자기소개 '올리브영 어워즈 3관왕', musinsa.com/brand/snature"
톤28 (TOUN28),,스킨케어,toun28_official,"에코·제로웨이스트 지향 데이터 기반 스킨케어 인디 브랜드. 무신사 뷰티 성수 전문관 입점 후 거래액 158% 증가. 2016년 설립이나 중소 인디로 인플루언서 마케팅 여지 있음. 인스타 @toun28_official 실존 확인. 출처: Instagram @toun28_official, musinsa.com/brand/toun28, newsway.co.kr(2026.06)"
리르화장품 (Rire),,색조,rirecosmetic_official,"경기 기반 (주)아이더블유컴퍼니 독립 운영 중소 색조 브랜드. @rirecosmetic_official 인스타 확인, rire.co.kr 자체몰·카카오스토어 운영. 대기업 계열 아님. 출처: instagram.com/rirecosmetic_official, nicebizinfo.com 기업정보"
이솔화장품 (2SOL),,스킨케어,2sol_cosmetic,"성분 중심 기초 전문 소규모 인디 브랜드. @2sol_cosmetic 인스타 2,488팔로워 확인, 2sol.co.kr 자체몰 운영. 해외 뷰티박스 입점 이력. 출처: instagram.com/2sol_cosmetic, beautyboxkorea.com"
생블랑쉬 (Saint Blanche),,스킨케어,saint_blanche_seoul,"기능성 주름·미백 특화 소규모 뷰티 브랜드(에스디네트웍스 운영). @saint_blanche_seoul 인스타 확인, 현대백화점 팝업·롯데 라코스메티크 편집샵 입점. 대기업 무관 독립 법인. 출처: instagram.com/saint_blanche_seoul, saintblanche.com"
셀베인 (Cellvane),,스킨케어,,"의약품 전문기업 제론셀베인의 B2C 소비자향 PDRN 스킨케어 브랜드. 공식몰(cellvane.com) 운영, 신세계인터넷면세점 입점, 현대백화점 비클린 팝업 참여 확인. 인스타 핸들 검색으로 확인 불가 → 공란. 출처: cellvane.com, etoday.co.kr 기사"
투크 (TOOQ),,색조,tooq.official,"무심한 감성의 한국 인디 색조 브랜드(주식회사 헤이다컴퍼니). 공식몰 tooq.co.kr 운영, 인스타 @tooq.official 팔로워 5.4만 확인. 더현대서울 비클린 큐레이션 입점 브랜드. 출처: instagram.com/tooq.official, tooq.co.kr"
낫포유 (NOT4U),,바디케어,not4u_korea,"피부 타입별 맞춤 바디 솔루션 신생 브랜드(not4u.kr). 에이블리 2025 상반기 뷰티 어워즈 라이징 부문(클리어 바디 미스트) 수상. 무신사 입점. 인스타 @not4u_korea 팔로워 9.5천 확인. 출처: instagram.com/not4u_korea, apparelnews.co.kr(에이블리 어워즈 기사)"
"토브 (Truth of Beauty, TOB)",,스킨케어,truthofbeauty_official,"자연주의·발효 성분(갈락토) 기반 인디 스킨케어. 화해 어워드 2025 하반기 넥스트뷰티 부문(갈락토 씨씨 결 세럼) 수상. 무신사 입점, 홍보대행사 NPR 신규 고객사 공개. 인스타 @truthofbeauty_official 기재(직접 확인 어려우나 브랜드 실존 다수 매체 확인). 출처: musinsa.com/brand/truthofbeauty, blog.hwahae.co.kr 어워드 발표"
씨 (Si Vegan Cosmetic),,스킨케어,si_vegancosmetic,"자연주의 비건화장품 브랜드. 심코인터내셔널 운영, 자체 공식몰(simko.co.kr) 및 이랜드몰 입점 B2C 직판. 소규모 독립 브랜드. 출처: https://simko.co.kr/"
닥터랩 (DR+LAB),,더마 스킨케어,dr.lab_official,"병원·에스테틱 전문 화장품으로 시작해 D2C 자사몰(drlab.co.kr)로 확장 중인 피부과학 브랜드. 인스타 @dr.lab_official 확인(3K 팔로워). B2B 비중이 여전히 있으나 D2C 전환 중이며 인플루언서 마케팅 여지 큼. 출처: https://www.drlab.co.kr/, https://www.instagram.com/dr.lab_official/"
닥터오아시스랩 (Dr. Oasis Lab),,더마 스킨케어,,"피부과·의학 기반 소규모 더마 홈케어 브랜드, 자사몰 droasislab.com 운영 확인. 인스타 공식 핸들 검색 결과 미노출로 빈칸 처리. 출처: droasislab.com/brand/brandstory.html"
Mimicri,,니치 향수,wearemimicri,"Daniel Kim 크리에이티브 디렉터, 연필 흑연·한지·스튜디오 먼지 등 예술 소재 컨셉 아트 향수. 코리아 퍼퓸 파리 2025 참가. 출처: instagram.com/wearemimicri 확인, formesdeluxe.com Mimicri 기사"
Enrobage (앙호바쥬),,니치 향수,enrobage_official,"한국 창업, HIDE & SHOW 철학의 크로매틱 컬러 타입 향수 4종. 코리아 퍼퓸 파리 2025 11개 참가 브랜드 포함 확인. 출처: instagram.com/enrobage_official 확인, insightkorea.co.kr 론칭 기사"
odt. (오디티),,니치 향수,odt_parfums,"서울 기반, 프랑스 조향 유산+한국 모더니티 결합, oddity(기이함)에서 이름. 코리아 퍼퓸 파리 2025 12개 선정 브랜드. 출처: instagram.com/odt_parfums 확인, paris-frivole.com odt 리뷰"
BLNDRGRPHY,,니치 향수,blndrgrphy,"한국계 창업자 Hyun Yeu, 칵테일 믹솔로지 컨셉 아방가르드 향수. 2024년 출시, 코리아 퍼퓸 파리 2025 참가, Jovoy Paris·ZGO 유통. 팔로워 4.8K. 출처: instagram.com/blndrgrphy 확인, fragrantica.com/designers/BLNDRGRPHY"
Organ Tale,,니치 향수,organtale,"서울 창업 Shim Ilhwa, 어머니 향수 기억 모티프. 미국 ZGO Perfumery 공식 유통, Fragrantica 등재. 공식 인스타 @organtale(제공된 핸들 미확인으로 빈칸이었으나 검색으로 교정). 출처: zgoperfumery.com Organ Tale, instagram.com/organtale 확인"
에필로우 (EFILOW),,스킨케어,efilow_official,"지그재그 2026 뷰티 브랜드 인큐베이팅 프로그램 참여사. 클린·비건 기능성 스킨케어, 올리브영·무신사 입점. 출처: efilow.com·무신사·올리브영·instagram.com/efilow_official 확인"
씨드렛 (Seedlet),,스킨케어,,"EWG 그린 등급, 생명공학 기반 클린뷰티. 큐컴버 수딩 토너패드 히어로 제품 보유, 자사몰 운영 확인. 인스타 핸들 검색에서 공식 계정 직접 확인 불가 — 공란 처리. 출처: seedlet.co.kr 확인"
담톤 (Damtone),,스킨케어·베이스 (톤업 선크림),damtone__kr,"소규모 자사몰 직판형 신생 스킨케어 브랜드. 글로우픽 추천 TOP20 등재, 신라인터넷면세점 입점, 헤메코랩 플랫폼 단독 최저가 판매 확인. Instagram @damtone__kr 확인."
어노브 (UNOVE),,헤어케어,unove.official,"2026년 2월 미국 세포라 입점(K-헤어케어 브랜드 최초), 론칭 1개월 만에 헤어케어 TOP 25 진입. 닥터포헤어 패밀리 중소 인디. 뷰티누리·코스모닝 기사 확인. Instagram @unove.official(51K 팔로워) 확인. 2026년 7월 캐나다·유럽 세포라 추가 진출 예정."
브루케시아 (Brookesia),,색조 (스킨인핸서 베이스 메이크업),brookesia_official,"PIECEBE Inc. 운영 독립 인디 색조 브랜드, 시코르 강남역점 입점 및 팝업스토어 운영 확인. 공식 사이트(brookesia.co.kr)·인스타(@brookesia_official, 13K) 실존 확인. 출처: wwdkorea.com 팝업 기사, instagram.com/brookesia_official"
노엘로힐스 (Noelo Hills),,스킨케어 (클린 가족·영유아),noelohills_official,"세손(주) 운영, 세포라 코리아 '넥스트 K뷰티' 선정 후 세포라 팝업 입점·온라인몰 입점 확인. Series A 투자 유치 신생 중소. 공식 사이트(noelohills.com)·인스타(@noelohills_official) 실존 확인. 출처: cosinkorea.com no.40429, sephora.kr 브랜드 페이지"
Deardot (디어닷),,"스킨케어 (비건, 제주 당유자 원료)",deardot_official,"2022년 10월 런칭 독립 비건 스킨케어, 제주 멸종위기 감귤 당유자 발효 추출물 기반. 공식 사이트(deardotcosmetic.com)·인스타(@deardot_official) 실존 확인, Cosmoprof Bologna 참가로 해외 바이어 접촉 이력. 출처: cosmeticsdesign-asia.com(2022.11), instagram.com/deardot_official"
I'm From,,한방 원료 성분 스킨케어,imfrom_global,"쑥·인삼·쌀·꿀 전통 원료 기반 성분 투명 스킨케어. LAB & Company Inc.(SKIN&LAB 자매사) 산하이나 독립 브랜드 성격 유지, 상장사·대기업 계열 아님. 인스타 @imfrom_global 111K 팔로워 확인. 출처: sokoglam.com, theimfrom.com"
BORNTOSTANDOUT,,니치 향수,borntostandout.official,"2022년 서울 스타트업, 로레알 BOLD 시리즈A 투자(인수 아님), 비상장 독립 브랜드, 60개국 럭셔리 유통, 인스타 111K. 출처: borntostandout.com, m-i.kr/news/articleView?idxno=1209131"
셀바티코 (Selvatico),,프래그런스·바디케어,selvatico.co,"운영사 본작, 2025년 프리A 25억 유치, 프랑스 헤리티지 기반 니치 프래그런스·바디, 현대·롯데 백화점 입점 중소 인디. 인스타 @selvatico.co 확인. 출처: sisajournal-e.com 셀바티코 인터뷰"
엑소프록실 (EXOPROXYL),,스킨케어 (더모코스메틱),exoproxyl,"운영사 에이지온(2023년 설립), 2024년 7월 론칭·중기부 TIPS 선정, 엑소좀·경피약물전달 기술 기반, 론칭 1년 만에 누적매출 40억. 인스타 @exoproxyl 확인. 출처: beautynury.com/news/view/110296"
Sooo Lab (SOOO),,헤어케어,sooo.lab,"2024년 런칭, 수영 후 염소 96% 제거 특화 클라리파잉 샴푸·바디워시. 코스모뷰티서울 2026 Rookie of the Year 수상(premiumbeautynews.com). 공식몰 sooo.kr 및 아마존 등재로 실재 확인. 니치 니즈 기반 인디 브랜드, 인플루언서 영업 여지 큼."
Ginger6 (진저6),,스킨케어,ginger6_official,"순수 생강수(진저워터) 기반 스킨케어 독자 콘셉트. 공식몰 ginger6.co.kr 실재 확인, 인스타 @ginger6_official 실재 확인(5,350팔로워). 코스모뷰티서울 2026 참가 브랜드(premiumbeautynews.com). 운영사 하나모아. 대기업 계열 아님."
JUL7ME (줄라이미),,헤어케어,julyme.official,"향기 특화 손상케어 헤어 브랜드. 공식몰 jul7me.com 실재 확인, 인스타 @julyme.official 실재 확인(17K팔로워). 코스모뷰티서울 2026 피처드(premiumbeautynews.com). 무신사·SSF SHOP 입점. 소비자 직판 및 SNS 마케팅 채널 운영 중."
INMI Seoul (인미서울),,스킨케어,inmiseoul_official,"RiceNA™(라이스 비건 PDRN+소이 엑소좀+8종 히알루론산) 독자 복합체. 신생 D2C 브랜드, 공식몰 inmiseoul.com 실재 확인, 아마존 입점 확인. 인스타 @inmiseoul_official 실재 확인. 대기업 계열 아님."
바를 (BARLE),,스킨케어,barle.official,"2025 코스모뷰티서울 루키 오브 더 이어 중소벤처기업부 장관상 대상(시카밤부토너패드). 올리브영 온라인 입점, 대표 TV 출연('전현무의 셀러-브리티'). 균형 중심 스킨케어 신생 브랜드. 출처: sisunnews.co.kr, mhns.co.kr/716733"
보타닉센스 (BOTANICSENS),,스킨케어·바디케어,botanicsens.korea,"연세대 기술지주회사 산하 창업 브랜드. 2025 코스모뷰티서울 루키 오브 더 이어 중기부장관상 수상(운데칸 바디오일). EVE 비건 인증, 국내외 바이어 주목. 출처: cosinkorea.com/55324"
씨널스 (SCENEARTH),,스킨케어·선케어,scenearth_official,"2021년 설립 저자극 클린뷰티 브랜드. 코스모뷰티서울 루키 오브 더 이어 2년 연속 수상. 무신사·29CM 입점 운영 중. 출처: scenearth.co.kr, 무신사"
리터뉴 (RETURNU),,스킨케어,returnu_kr,"포어슈터 고마쥬 클렌징 밤으로 2025 코스모뷰티서울 루키 오브 더 이어 수상. CPNP·MoCRA 등 글로벌 인증 완료, 성분 투명성 기반 신생 K뷰티 브랜드. 출처: beautynury.com/108492"
리어퍼스트로피 (Re'Apostrophe),,스킨케어 (나노패치),,"나노바이오시스템 기술 기반 독립 소비자 뷰티 브랜드(re-cosmetics.com). 셀로브릿지 스팟패치로 2025 코스모뷰티서울 루키 오브 더 이어 수상. 의료기기 1등급 소재 나노패치 특화. 인스타 핸들 미확인. 출처: re-cosmetics.com, thekbs.co.kr/13590"
퓨리영 (PUREYOUNG),,스킨케어,pureyoung_official,"2025 코스모뷰티서울 공식 참가(부스 운영). 'Return to Pure Young Skin' 모토, 자사몰 독립 운영 신생 브랜드(팔로워 1,271 소규모). 출처: pureyoung.co.kr, instagram.com/pureyoung_official"
Rejuveon (리쥬비온),,스킨케어 (PDRN 홈케어 재생),,"의원급 PDRN 성분 기반 홈케어 브랜드. rejuveon.kr 자사몰 운영, 해외 쇼핑몰(cocomo.sg, beautyboxkorea.com 등) 다수 유통 확인. 인스타 핸들 미확인. 출처: rejuveon.kr, cocomo.sg/collections/rejuveon"
두잉왓 (DOINGWHAT),,남성 스킨케어·색조·헤어,doingwhat_official,"2023년 7월 남성 뷰티 유튜버 '관리는 하고 살자' 런칭, 올리브영·무신사 입점, 출시 직후 1차 물량 완판. 크리에이터 기반 브랜드로 인플루언서 콜라보 수요 높음. 출처: news.nate.com/view/20230731n12781"
오브제 (OBgE),,남성 스킨케어·베이스 메이크업,obge_official,"2020년 12월 론칭 남성 전용 스킨케어·메이크업 인디. 무신사 남성뷰티 1위·올리브영 맨즈케어 1위 달성 신흥 강자. 덱스 모델 기용 등 인플루언서 마케팅 적극 활용. 출처: obge.co.kr, ktnews.com"
그라펜 (GRAFEN),,남성 스킨케어·향수·헤어,grafen_official,"서울 기반 맨즈뷰티 인디, 스킨케어·메이크업·향수 라인, 올리브영·무신사 입점, 인스타 31K. 빈지노 모델 기용으로 인디 문화 감성 포지셔닝. 출처: grafen.co.kr, cosinkorea.com"
레이지소사이어티 (Lazy Society),,남성 그루밍·면도·스킨케어,lazy__society,"남성 면도 구독→스킨케어 확장 인디 스타트업, 회원 20만 명+, 29CM·무신사·SI빌리지 입점. 아모레퍼시픽이 시리즈A에 투자했으나 독립법인 유지(계열사 아님). 출처: newswire.co.kr, platum.kr"
콘크리티드 (CONCRETED),,유니섹스 니치 향수,concreted.seoul,"서울 테마 유니섹스 향수 스튜디오, 인스타 12K, 무신사 입점. 한국 문화·자연을 향으로 표현, 젠더리스 포지셔닝. 출처: concreted.kr, instagram.com/concreted.seoul"
SW19 (에스더블유19),,니치 퍼퓸,sw19_official,"실재 확인(sw19official.com, 인스타 @sw19_official 26K, 무신사·치코 입점). 윔블던 시간대를 향으로 담은 한국 인디 향수 브랜드, 한남 플래그십 운영. 중소 인디 기준 통과. 출처: instagram.com/sw19_official, musinsa.com/brands/sw19"
YUEL (유엘),,니치 퍼퓸,yuel_official,"실재 확인(yuel.co.kr, 인스타 @yuel_official 13K, 무신사 입점). KAPA(한국예술향수협회) 연계 독립 조향사 브랜드, 조향 교육+퍼퓸 라인 병행 운영. 출처: yuel.co.kr, instagram.com/yuel_official"
La Ferme (라페름),,헤어·바디,_la_ferme,"큐텐재팬 메가데뷔 루키상 수상, 배스·헤어 카테고리 신생 인디, 2026년 일본 도쿄 셀렉트스토어 입점 추진. 출처: laferme.kr·tnnews.co.kr 어워즈 보도"
Baren (바렌),,바디·풋케어,baren_global,"큐텐재팬 메가데뷔 루키상 수상, 올리브영 풋·네일케어 1위 인디 브랜드, 일본 포함 글로벌 입점 확인. 출처: barenbodycare.com·stylevana.com·instagram.com/baren_global 확인"
