company,email,status,source,note
CLAIRLISSE,,uncertain,https://www.intercharmkorea.com/en-us/Exhibitor_directory.html,"다수 검색 시도에도 'CLAIRLISSE'라는 브랜드를 공식 웹사이트·전시 디렉터리·사업자 정보 어디서도 확인 불가. 유사명(Klairs, Clarins, Clalire 등)만 검색됨. 동명 혼동 리스크로 추측 금지 판단."
휴션,,uncertain,https://www.huceane.com/pages/contact,"huceane.com 공식 사이트 직접 방문(메인, About, Contact 페이지 확인). 문의 폼·물리 주소만 있고 이메일 주소는 공개되어 있지 않음. 채용·디렉터리 검색에서도 공식 이메일 확인 불가."
주식회사 사계절,,uncertain,,"웹사이트 정보 없음. 동명 업체 다수(쇼핑몰 운영사, 가방류 업체 등) 존재. 화장품·뷰티 업체로 특정할 수 없고 이메일도 확인 불가. 오귀속 방지를 위해 uncertain 처리."
ODSY,hello@odsycoltd.com,found,https://odsycoltd.com/sub/aboutus.html,"공식 홈페이지 odsycoltd.com About 페이지에서 직접 확인. 회사명 오디세이㈜(ODYSSEY Co., Ltd.), 사업자등록번호 377-88-02283, 화장품·보디케어 브랜드(Bodiance, Facially 등) 운영 확인. hello@odsycoltd.com은 파트너십 문의 이메일이며 도메인이 공식 사이트와 일치."
브라이트,,uncertain,https://smartstore.naver.com/brightbrush,스마트스토어 직접 접근 불가(WebFetch 차단). brightbrush.xyz는 404 오류. 브랜드명 '브라이트'만으로는 동명 업체 다수. 공식 이메일 확인 불가.
지비알아이디어,seo9009@hanmail.net,found,https://www.vah.co.kr,"vah.co.kr 공식 쇼핑몰 footer에서 직접 확인. 운영 회사명은 (주)브이에이에이치(VAH)이며, 상담/주문 이메일로 seo9009@hanmail.net 표기. hanmail 범용 도메인이나 자사몰 footer에서 그 회사 것임을 직접 확인한 경우에 해당."
주식회사 아가파월드,,uncertain,https://agafar.com/,"공식 웹사이트(agafar.com) 및 사업자정보(moneypin.biz, 114.co.kr) 전수 확인. 모든 채널에서 이메일 미노출 — 전화(070-4942-2987)와 카카오톡 채널만 제공. 공식 출처로 그 회사 것임을 확인된 이메일 없음."
(주)제노헬릭스,xenohelix@xenohelix.com,confirmed,https://www.southkoreayp.com/company/116757/Xenohelix,이메일 도메인 xenohelix.com이 공식 웹사이트 도메인과 일치. 비즈니스 디렉터리(southkoreayp.com)에서 xenohelix@xenohelix.com으로 기재 확인. Tracxn에서도 *@xenohelix.com 패턴 확인됨.
Beaufirst Global Company Limited,,uncertain,https://www.intercharmkorea.com/en-us/Exhibitor_directory.html,웹사이트 정보 없음. 'Beaufirst Global Company Limited'로 검색 시 이 회사를 특정할 수 있는 공식 홈페이지·사업자 정보·전시 디렉터리 상세페이지 어디에서도 확인 불가. 동명 혼동 위험 있어 추측 불가.
주식회사 메조팜,purple9260@hnamail.net,uncertain,https://mesopharm.co.kr/,"공식 사이트(mesopharm.co.kr, mesopharm20.cafe24.com, 구 사이트)에서 이메일 미노출. bizno.net 조회 이메일(cosmocnt20@naver.com)은 별도 회사 코스모씨앤티 것으로 확인됨. purple9260@hanmail.net이 연관 검색에서 등장하나 출처가 메조팜 공식 채널이 아닌 판매처 정보이며, current_email의 도메인(hnamail.net)은 한메일 도메인(hanmail.net) 오타 의심. 공식 출처로 확증 불가."
(주)미성메탈,jkhan@misunggc.co.k,uncertain,https://misunggc.tradekorea.com/company.do,current_email 도메인 'misunggc.co.k'는 'misunggc.co.kr' 오타로 보임(공식 도메인 misunggc.co.kr은 tradekorea 디렉터리·잡코리아 기업정보에서 확인됨). 그러나 jkhan 담당자 이메일이 어떤 공식 출처에서도 게시된 기록 없어 올바른 이메일로 정정 불가. 도메인 오타 수정(misunggc.co.kr)은 추측에 해당하므로 uncertain 유지.
㈜3일애,sales@3dayslove.kr,uncertain,https://en.3dayslove.shop/,"공식 글로벌몰(en.3dayslove.shop) footer에서 공식 이메일로 cgen@hanmail.net 확인됨. sales@3dayslove.kr는 공식 웹사이트·gobizkorea 프로필·contact 페이지 어디에서도 노출되지 않음. 공식 채널 확인 불가로 현재 이메일 검증 실패, 교체 근거도 충분하지 않아 uncertain 처리."
"BiOBiO Co.,Ltd.",,notfound,https://www.biobiokorea.com/,biobiokorea.com 홈페이지 접근은 됐으나 footer/회사정보 페이지(404)에서 이메일을 확인 불가. 인스타(@biobio_cosmetics) 및 사업자 DB(120-03-29807) 검색에서도 이메일 출처 확인 불가. InterCHARM 전시 디렉터리에도 해당사 상세 페이지 없음. 공식 출처로 이 회사 것임을 확인한 이메일 없음.
미영씨앤씨,,uncertain,https://hesolmall.com/,"hesolmall.com footer에는 운영사가 (주)에코마인(대표 문외숙, 사업자 605-81-90117, haesol@ecomine.co.kr)으로 명시돼 있어, 미영씨앤씨와 다른 법인임. bizno에서 미영씨앤씨(사업자 473-87-01630, 대표 문미경·문진남)의 이메일 필드는 공란. 미영씨앤씨가 실제 hesolmall을 운영하는지 확인 불가 — 동명/운영사 혼동 위험 있어 이메일 추정 금지."
VINACEUTICALS,,notfound,https://vinaceuticals.vn/,vinaceuticals.vn 홈페이지 및 /contact 페이지 모두 콘텐츠 없이 회사명만 표시. LinkedIn·구글 검색에서도 VINACEUTICALS Vietnam의 이메일 공식 출처 없음. 공식 출처로 확인된 이메일 없음.
성림 BNC,sunglimbnc@naver.com,uncertain,http://www.sunglimbnc.com/,sunglimbnc.com은 SSL 인증서 만료로 접근 불가(인증서 오류). 따라서 공식 웹사이트에서 sunglimbnc@naver.com이 이 회사 것임을 직접 확인 불가. InterCHARM 출품 페이지(ick.intercharmkorea.com)에는 전화번호(02-413-1944)만 게재. 네이버 이메일이 그 회사 것임을 공식 출처로 검증하지 못해 uncertain 유지.
(주)씨유스킨,info@cuskin.com,corrected,https://www.cueshop.co.kr/company/info,"cueshop.co.kr 공식 회사정보 페이지에 jay@cuskin.com은 존재하지 않음. 동 페이지에 webmaster@cuskin.co.kr(일반 문의), info@cuskin.com(해외수출 문의), oem@cuskin.co.kr(OEM 문의)가 공식 이메일로 명시됨. 해외 영업/컨택용으로 info@cuskin.com으로 교체. jay@cuskin.com은 내부 개인 메일로 추정되며 공식 출처 미확인."
주식회사 오션스인터내셔널,oseans@oseansint.com,corrected,http://en.thefrescalab.com/about,오션스인터내셔널이 직접 운영하는 브랜드 사이트 thefrescalab.com/about에 '대표메일 oseans@oseansint.com'이 명시돼 있음(사업자 692-87-00305 동일). sales@oseansint.com은 일부 2차 정보 출처에서 언급되나 회사 공식 웹/브랜드 페이지에서 직접 확인 불가 — oseans@oseansint.com으로 교체.
INOPRO,alexander@inopro.us,confirmed,https://www.americasbeautyshow.com/exhibitors/smile-shine-essentials-inc-inopro,"America's Beauty Show 전시사 디렉터리에 'Email: alexander@inopro.us'로 명시. 공식 웹사이트(inopro.us) contact 페이지에는 고객용 support@inopro.us가 표시되나, 전시회 B2B 담당 연락처로는 alexander@inopro.us가 제3자 공식 디렉터리에 등재됨."
"VIEWTEL Co., Ltd.",marketing@view-tel.co.kr,found,http://www.view-tel.co.kr/default/company/02.php,cafe24 스토어(viewtel.cafe24.com)에는 이메일 미공개. 동일 회사의 공식 사이트 view-tel.co.kr의 회사소개 및 고객센터 페이지에 marketing@view-tel.co.kr 기재 확인. gobizkorea 기업정보(viewtel.gobizkorea.com)에서도 동일 법인 확인.
(주) 엠디무역,,uncertain,https://www.mdwig.co.kr/,"제공된 current_email mdtrad@naver.com은 공식 웹사이트(mdwig.co.kr) 어디에도 확인되지 않음. 사이트 footer에 표시된 이메일은 개인정보 관리자 luoaiqi@naver.com이며, 이것이 공식 컨택 이메일인지도 불명확. mdtrad@naver.com의 귀속 출처 미확인 — 추측 불가. 전화번호 031-857-3380으로 직접 확인 권고."
"HANJINEYMAY CO.,LTD",official@hanjineymay.com,found,http://hanjineymay.co.kr/en/inquiry/,"공식 사이트 hanjineymay.co.kr 내 영문 Consulting/Inquiry 페이지에 official@hanjineymay.com 기재가 검색엔진 스니펫으로 반복 확인됨(주소: 서울 강남구 논현로815, 전화 +82-2-3443-9688). SSL 인증서 오류로 페이지 직접 fetch 불가였으나 도메인 일치(hanjineymay.co.kr ↔ hanjineymay.com)로 신뢰도 높음. 직접 접속 재확인 권고."
