,,,,,,,,,,,,,,,,발송율,열람,클릭,회신,미팅 성사,계약 성사,,,,
[아웃바운드] INTERCHARM 세일즈,,,,,,,,,,,,,계약성사 :,0,,0.0%,#DIV/0!,#DIV/0!,#DIV/0!,#DIV/0!,#DIV/0!,,,,
최종 확인 ,,,,,,,,,,,,,,,,0,0,0,0,0,0,,,,
,,,,,,,,,,,,,,,,,,,,,,,,,
브랜드 에셋,,,,,,,,,,,,,SNS,,,영업 영역,,,,,,,,,
#,구분,브랜드명,연락처,홈페이지,업체명,신뢰도,메일유형,발송적합도,발송단계,훅,메일주의,비고,인스타,감도,마케팅 경험,발송,열람,클릭,회신,미팅,발송일자,회신일자,2차 메일,출처,성사여부
1,스킨케어,TREEANNSEA 트리앤씨,global@treeannsea.co.kr,http://www.treeannsea.us,,high,,,,,,[인터참 홀134·부스134·TTier A·☎070-4138-3777],@treeannsea_official,,,,,,,,,,,인터참,
2,스킨케어,(주)더제이알,thejrinc17@gmail.com,https://www.polocosmetic.com,,high,,,,,,[인터참 홀A·부스A-A04·TTier A·☎7076262201],@beverlyhillspoloclub_kr,,,,,,,,,,,인터참,
3,헤어,(주)본플렉스,ellaplex@ellaplex.com,https://www.wechat.com/bonplex01,,high,,,,,,[인터참 홀A·부스A-A08·TTier A·☎#ERROR!],@bonplex_official,,,,,,,,,,,인터참,
4,스킨케어,㈜프롬비건,cdysr@fromvegan.co.kr,https://www.chorokchorong.com,,high,,,,,,[인터참 홀A·부스A-A15·TTier A·☎1077542537],@chorokchorong.official,,,,,,,,,,,인터참,
5,스킨케어,벨플라워,bellflower.cs@gmail.com,https://bellflowercos.com/,,high,,,,,,[인터참 홀A·부스A-A20·TTier A·☎031-901-0144],@bellflower_kor,,,,,,,,,,,인터참,
6,스킨케어,주식회사 보타닉센스,info@botanicsens.com,https://www.botanicsens.com/,,high,,,,,,[인터참 홀A·부스A-A21·TTier A·☎1666-6536],@botanicsens,,,,,,,,,,,인터참,
7,더마,누셀리크,soisintl.biz@gmail.com,https://nuselique.co.kr/,,high,,,,,,[인터참 홀A·부스A-B03·TTier A·☎1035848277],@nuselique_official,,,,,,,,,,,인터참,
8,더마,CLAIRLISSE,,,,medium,,,,,,메일 확인필요(uncertain): 다수 검색 시도에도 'CLAIRLISSE'라는 브랜드를 공식 웹사이트·전 [인터참 홀A·부스A-B07·TTier A],,,,,,,,,,,,인터참,
9,스킨케어,DEWVERO,nscompany123@naver.com,http://www.dewvero.com,,high,,,,,,[인터참 홀A·부스A-B08·TTier A·☎010-7139-2569],@dewvero_official,,,,,,,,,,,인터참,
10,스킨케어,LANNUE,lannue.cos@gmail.com,https://lannue.co.kr/,,high,,,,,,[인터참 홀A·부스A-B11·TTier A·☎070-4210-1301],@lannue.official,,,,,,,,,,,인터참,
11,스킨케어/더마,celebon,dhoh@hlmc.co.kr,https://www.celebon.co.kr,,high,,,,,,[인터참 홀A·부스A-B12·TTier A·☎1544-5455],@celebon_kr,,,,,,,,,,,인터참,
12,향수,matthew chang perfumes,contact@matthewchangperfumes.com,https://matthewchangperfumes.com/,,high,,,,,,[인터참 홀A·부스A-B13·TTier A·☎02-723-1583],@matthewchangperfumes,,,,,,,,,,,인터참,
13,더마,주식회사 랑벨,shoo.noh@lanbelle.com,https://lanbelle.com/,,high,,,,,,[인터참 홀A·부스A-B16·TTier A·☎031-607-8707],@lanbelle.official,,,,,,,,,,,인터참,
14,스킨케어,주식회사 바이잇,export@luvum.co.kr,https://luvum.co.kr/,,high,,,,,,[인터참 홀A·부스A-B26·TTier A·☎02-1599-3451],@luvum_official,,,,,,,,,,,인터참,
15,더마,안탈라,official@antala.one,https://antala.kr/,,high,,,,,,[인터참 홀A·부스A-B28·TTier A·☎051-710-1201],@antala_official,,,,,,,,,,,인터참,
16,메이크업,스튜디오17,lrkim@thebkor.com,https://www.studio17.co.kr,,high,,,,,,[인터참 홀A·부스A-B36·TTier A·☎#ERROR!],@studio17_official,,,,,,,,,,,인터참,
17,스킨케어,(주)더엘그룹,marketing.theel@gmail.com,https://theelstore.com/,,high,,,,,,[인터참 홀A·부스A-B41·TTier A·☎070-7699-3949],,,,,,,,,,,,인터참,
18,헤어,(주)씨케이리제온,dermaregeon@ckregeon.com,https://dermaregeon.com/en/,,high,,,,,,[인터참 홀A·부스A-B48·TTier A·☎02-364-6585],,,,,,,,,,,,인터참,
19,더마,CETERA,ceterakorea@naver.com,https://www.wechat.com/cetera1,,high,,,,,,[인터참 홀A·부스A-C08·TTier A·☎-2767],@cetera.official,,,,,,,,,,,인터참,
20,스킨케어,(주)섬섬바이오,sumsum2022@naver.com,https://searce.shop/,,high,,,,,,[인터참 홀A·부스A-C14·TTier A·☎#ERROR!],@searce_official,,,,,,,,,,,인터참,
21,스킨케어,(주)알에이치앤비브랜즈,info@rhnb.co.kr,https://www.ratedgreenglobal.com/prettyactually,,high,,,,,,[인터참 홀A·부스A-C21·TTier A·☎269597001],@pretty_actually,,,,,,,,,,,인터참,
22,더마,브에노메디텍,ds2oph@naver.com,https://www.bueno9.com/,,high,,,,,,[인터참 홀A·부스A-C23·TTier A·☎317171243],@bueno.official,,,,,,,,,,,인터참,
23,스킨케어,쥬네뷰,dewdap@naver.com,https://www.dewdap.com/,,high,,,,,,[인터참 홀A·부스A-C27·TTier A·☎1076671804],@dewdap.official,,,,,,,,,,,인터참,
24,메이크업,컬러딥,min@miskos.co.kr,https://miskos.co.kr/,,high,,,,,,[인터참 홀A·부스A-C31·TTier A·☎02-6092-2200],@colordeep_korea,,,,,,,,,,,인터참,
25,스킨케어,주식회사 반다비앤에이치,vandabnh@vanda.co.kr,https://kiwiglow.co.kr/,,high,,,,,,[인터참 홀A·부스A-C32·TTier A·☎#ERROR!],@kiwiglow.official,,,,,,,,,,,인터참,
26,바디,주식회사 정림에프앤에이치,4674sjh@naver.com,https://www.vanava.co.kr/,,high,,,,,,[인터참 홀A·부스A-C41·TTier A·☎#ERROR!],@vanava_cosmetics,,,,,,,,,,,인터참,
27,메이크업,주식회사 웰컴이엔앰,dandymicn@welcomems.co.kr,https://welcomesgroup.com,,high,,,,,,[인터참 홀A·부스A-C43·TTier A·☎02-6392-7440],,,,,,,,,,,,인터참,
28,스킨케어,닥터바이오 & 티블레스,global_sales@rokcorp.co.kr,https://litt.ly/corporationrok_global_sales?ref=qr.litt.ly,,high,,,,,,[인터참 홀A·부스A-C46·TTier A·☎063-717-8787],@dr.bio_official,,,,,,,,,,,인터참,
29,메이크업,Y.N.M,ynm@ynmcosmetic.co.kr,https://ynmcosmetic.co.kr/,,high,,,,,,[인터참 홀A·부스A-C48·TTier A·☎02-839-7738],@ynmbeauty_official,,,,,,,,,,,인터참,
30,향수,헤트라스,globalsales@hetras.co.kr,https://youtu.be/qRuMsXV8pSw,,high,,,,,,[인터참 홀A·부스A-D01·TTier A·☎02)777-1777],@hetras.official,,,,,,,,,,,인터참,
31,스킨케어,세이션,overseas@xation.co.kr,https://xation.co.kr/,,high,,,,,,[인터참 홀A·부스A-D16·TTier A·☎02-1566-9252],,,,,,,,,,,,인터참,
32,스킨케어,(주)비앤케이,contact@koreahnb.com,https://tambeauty.me/,,high,,,,,,[인터참 홀A·부스A-D42·TTier A·☎#ERROR!],@tambeautyme,,,,,,,,,,,인터참,
33,바디/헤어,줄라이 모닝,clubparty1003@gmail.com,https://july-morning.co.kr/,,high,,,,,,[인터참 홀A·부스A-D46·TTier A·☎821037270774],@wearejulymorning,,,,,,,,,,,인터참,
34,향수,센티카,scentica@raint.kr,https://scentica.co.kr/,,high,,,,,,[인터참 홀A·부스A-D47·TTier A·☎070-8112-4007],@scentica_official,,,,,,,,,,,인터참,
35,스킨케어/바디,EBIN KOREA,ebinkorea@ebinnewyork.com,https://linktr.ee/ebinkorea,,high,,,,,,[인터참 홀A·부스A-E11·TTier A·☎02-555-8880],@ebinkorea,,,,,,,,,,,인터참,
36,바디,(주)탠코리아,jamiebronzekr@gmail.com,http://jamiebronze.com,,high,,,,,,[인터참 홀A·부스A-E23·TTier A·☎02-476-7714],@jamie_bronze,,,,,,,,,,,인터참,
37,메이크업,디어메이,oversea@beleco.co.kr,https://en.dearmay.co.kr/,,high,,,,,,[인터참 홀A·부스A-E27·TTier A],@dearmay.official,,,,,,,,,,,인터참,
38,더마,(주)바이옵트,info@venderma.com,https://venderma.com/,,high,,,,,,[인터참 홀A·부스A-E28·TTier A·☎-15100],@venderma_official,,,,,,,,,,,인터참,
39,더마,TROIAREUKE,stella@sislab.com,https://www.troiareuke.com/,,high,,,,,,[인터참 홀A·부스A-E31·TTier A·☎-10571],@troiareuke_global,,,,,,,,,,,인터참,
40,스킨케어,오미티드,admin@omitted.kr,https://omitted.kr,,high,,,,,,[인터참 홀A·부스A-E32·TTier A·☎070-4741-0025],@omittedofficial,,,,,,,,,,,인터참,
41,스킨케어,DAILY WEEKLY,trading@dailyweekly.co.kr,https://www.dailyweekly.co.kr/,,high,,,,,,[인터참 홀A·부스A-E36·TTier A·☎7088084700],@dailyweekly.official,,,,,,,,,,,인터참,
42,메이크업/스킨케어,(주)아트페이스,artface@artfacekorea.com,https://tenzero.co.kr/,,high,,,,,,[인터참 홀A·부스A-E46·TTier A·☎-3323],@tenzero_official,,,,,,,,,,,인터참,
43,스킨케어,KOCOSTAR,export@kocostar.com,https://firstmarket.co.kr/,,high,,,,,,[인터참 홀A·부스A-F01·TTier A·☎02-743-9431],@kocostar,,,,,,,,,,,인터참,
44,스킨케어,채널스완,kbeauty@oavo.kr,https://www.oavo.global,,high,,,,,,[인터참 홀A·부스A-F21·TTier A·☎82-10-5374-1886],@oavo.global,,,,,,,,,,,인터참,
45,스킨케어,CELLEA/BELLADIA,fcsecond@fcsecond.kr,https://cellea.co.kr/,,high,,,,,,[인터참 홀A·부스A-F22·TTier A],,,,,,,,,,,,인터참,
46,향수,포뉴레브,info@fonewlev.com,https://fonewlev.com/,,high,,,,,,[인터참 홀A·부스A-F43·TTier A·☎070-7772-2040],@fonewlev.official,,,,,,,,,,,인터참,
47,더마,제이크리컴퍼니,jcre@jcrecompany.com,https://linktr.ee/lefilleo?utm_source=linktree_profile_share&ltsid=4f7a3ca8-e2f2-41e8-8220-b04973100003,,high,,,,,,메일검증:confirmed · http://www.lefilleo.com/privacy_policy.php [인터참 홀A·부스A-G11·TTier A·☎#ERROR!],@lefilleo.official,,,,,,,,,,,인터참,
48,헤어,웰본,export@welcomesgroup.com,https://cheongdamstyle.co.kr/,,high,,,,,,[인터참 홀A·부스A-G23·TTier A],@cheongdamstyleshop_official,,,,,,,,,,,인터참,
49,스킨케어,"SHINAN COSMETICS Co., Ltd.",admin@shinancosmetics.co.kr,https://www.shionle.com/,,high,,,,,,메일검증:found · https://en.shionle.com/ [인터참 홀A·부스A-G31·TTier A],@shionle,,,,,,,,,,,인터참,
50,헤어,주식회사 일레븐코퍼레이션,b2b@11corp.co.kr,https://www.11corp.co.kr/,,high,,,,,,[인터참 홀A·부스A-H03·TTier A],,,,,,,,,,,,인터참,
51,더마,주식회사 더마라인,leejy@dermaline.co.kr,https://en.dermaline.co.kr,,high,,,,,,[인터참 홀A·부스A-H11·TTier A·☎-9114],@dermaline_korea,,,,,,,,,,,인터참,
52,향수,로그인 포레스트 (유나뷰티랩),info@loginforest.com,http://www.loginforest.com,,high,,,,,,[인터참 홀A·부스A-H16·TTier A·☎070-7543-8026],@loginforest_official,,,,,,,,,,,인터참,
53,메이크업,디유코스메틱,uj854@naver.com,http://www.ducos.co.kr,,high,,,,,,[인터참 홀A·부스A-I01·TTier A·☎538014500],,,,,,,,,,,,인터참,
54,바디/향수,지구의 온도 G9ONDO,tomato2526@nate.com,https://g9ondo.com/,,high,,,,,,[인터참 홀A·부스A-I08·TTier A],@g9ondo_beauty,,,,,,,,,,,인터참,
55,스킨케어/바디,(주)한국쉬즈라인,info@koreashesline.co.kr,https://toolif.co.kr,,high,,,,,,메일검증:confirmed · https://toolif.co.kr [인터참 홀A·부스A-I21·TTier A·☎02-431-5500],@toolif.official,,,,,,,,,,,인터참,
56,향수,아이프로덕트,global@iproduct.co.kr,https://drpercent.co.kr/,,high,,,,,,[인터참 홀A·부스A-J06·TTier A·☎070-4400-3007],@dr.percent_official,,,,,,,,,,,인터참,
57,헤어,(주)코비스타,kbeauty@kobizstar.com,https://www.solepkorea.com/,,high,,,,,,[인터참 홀A·부스A-J16·TTier A·☎#ERROR!],@solep_scalp,,,,,,,,,,,인터참,
58,스킨케어,LINDSAY&COS Inc.,sales@lindsay.co.kr,https://lindsaycos.com,,high,,,,,,[인터참 홀A·부스A-J21·TTier A·☎82-2-423-1518],@lindsay_shop,,,,,,,,,,,인터참,
59,헤어,주식회사 스타힐스코스메틱,hmcos@naver.com,https://moo100.com/,,high,,,,,,[인터참 홀A·부스A-J22·TTier A·☎070-4146-3644],@moo100_life,,,,,,,,,,,인터참,
60,메이크업,MAKE SOUL,jslee@make-soul.co.kr,https://make-soul.co.kr/,,high,,,,,,[인터참 홀A·부스A-J31·TTier A·☎1054165572],@makesoul_official,,,,,,,,,,,인터참,
61,더마,휴션,,https://www.huceane.com,,high,,,,,,"메일 확인필요(uncertain): huceane.com 공식 사이트 직접 방문(메인, About, Cont [인터참 홀A·부스A-K11·TTier A]",,,,,,,,,,,,인터참,
62,더마,SKINISGOOD,yklee@skinisgood.com,https://www.lissederm.co.kr,,high,,,,,,[인터참 홀A·부스A-K26·TTier A·☎1024798717],@lissederm_official,,,,,,,,,,,인터참,
63,바디,솔테라피,info@saltherapy.biz,https://saltherapy.us,,high,,,,,,[인터참 홀A·부스A-K27·TTier A·☎-14291],@saltherapy.official,,,,,,,,,,,인터참,
64,스킨케어,어룸,semin@anomalylabs.biz,https://aroomskin.com/,,high,,,,,,[인터참 홀A·부스A-L02·TTier A·☎82 1041791318],@aroomskin,,,,,,,,,,,인터참,
65,스킨케어,ANOETIC BEAUTY,leokim@anoetic.kr,https://anoeticbeauty.com,,high,,,,,,[인터참 홀A·부스A-L03·TTier A·☎010-2557-3526],,,,,,,,,,,,인터참,
66,스킨케어,(주) 유나이티드앤글로벌,ohave@unitednglobal.com,https://ohavecosmetic.com/,,high,,,,,,[인터참 홀A·부스A-L07·TTier A·☎319711704],@ohave.official,,,,,,,,,,,인터참,
67,스킨케어,(주)리쎄코리아,lisse@lisse.co.kr,https://www.dumidang.com,,high,,,,,,[인터참 홀A·부스A-L13·TTier A·☎216444783],@dumidang_official,,,,,,,,,,,인터참,
68,스킨케어,헤아림코스메틱,hearim@hearimcosmetic.com,http://www.wechat.com/jgh_1125,,high,,,,,,[인터참 홀A·부스A-L18·TTier A·☎#ERROR!],@hearimcosmetic,,,,,,,,,,,인터참,
69,헤어,뷰가닉,james@dongbangbnh.co,http://www.dongbangbnh.com,,high,,,,,,[인터참 홀A·부스A-N01·TTier A·☎-10730],,,,,,,,,,,,인터참,
70,네일,"TWOK INTERNATIONAL Co.,Ltd.",info@twokinter.com,https://www.gelyours.com/,,high,,,,,,[인터참 홀A·부스A-N03·TTier A·☎-6661],@gelyours_global,,,,,,,,,,,인터참,
71,바디,LK company,rutiin7@naver.com,https://rutiin7.com/?NaPm=ct%3Dmpf5bbkh%7Cci%3Dcheckout%7Ctr%3Dds%7Ctrx%3Dnull%7Chk%3Da027671d195febc9adc2bc228de1b93135,,high,,,,,,[인터참 홀A·부스A-N07·TTier A·☎#ERROR!],,,,,,,,,,,,인터참,
72,스킨케어,유앤미코스매틱,cellio2023@naver.com,https://www.cellio.net/52,,high,,,,,,[인터참 홀A·부스A-O03·TTier A·☎010-4661-1802],@celliocosmetic_official,,,,,,,,,,,인터참,
73,스킨케어,채운,official@chaewun.com,https://www.chaewun.com/,,high,,,,,,[인터참 홀A·부스A-O13·TTier A·☎010-6649-1061],@chaewun.official,,,,,,,,,,,인터참,
74,스킨케어,파인월드 / 라비엘,sales@raviel.co.kr,https://raviel.co.kr/,,high,,,,,,[인터참 홀A·부스A-O16·TTier A·☎070-4122-8400],@raviel.official,,,,,,,,,,,인터참,
75,스킨케어,주식회사 두봄,doobom7727@naver.com,https://www.wechat.com/wxid_o2dpd2ha982p22,,high,,,,,,[인터참 홀A·부스A-O17·TTier A·☎1544-6783],,,,,,,,,,,,인터참,
76,스킨케어,(주)참존엔씨원,superbjhj@gmail.com,https://labonita-global-en.imweb.me/?redirect=no,,high,,,,,,[인터참 홀A·부스A-O19·TTier A·☎-18532],@labonita_korea,,,,,,,,,,,인터참,
77,스킨케어,(주)코스모어플러스,cosmoreplus@cosmoreplus.com,https://revcell.co.kr,,high,,,,,,[인터참 홀A·부스A-O23·TTier A·☎070-8805-2410],@revcell_official,,,,,,,,,,,인터참,
78,더마,주식회사 라콤 (CELL29),lacom_official@naver.com,https://cell29.com/,,high,,,,,,[인터참 홀A·부스A-O27·TTier A·☎010-3205-3794],@cell29.official,,,,,,,,,,,인터참,
79,스킨케어,주식회사 넥슨화장품,gsales@leeblese.com,http://nexxencosmetic.com,,high,,,,,,[인터참 홀A·부스A-O28·TTier A·☎02-2216-4503],,,,,,,,,,,,인터참,
80,스킨케어,주식회사 드림코스,cp@dreamcos.co.kr,https://camihouse.co.kr/,,high,,,,,,[인터참 홀A·부스A-O31·TTier A·☎#ERROR!],,,,,,,,,,,,인터참,
81,스킨케어,자민경,youjinsuk1@jaminkyung.com,https://jaminkyung.com/,,high,,,,,,[인터참 홀A·부스A-O38·TTier A·☎010-9931-8480],@jaminkyung_official,,,,,,,,,,,인터참,
82,스킨케어,파믹,snr@acefarminc.com,https://www.farmic.co.kr/,,high,,,,,,[인터참 홀A·부스A-P11·TTier A·☎070-4848-2387],@farmic.official,,,,,,,,,,,인터참,
83,헤어,"From:Cella / DASHU / Daleaf (ChromaX Co., Ltd)",dashu.jungjoo@gmail.com,https://chromax.co.kr/en/,,high,,,,,,[인터참 홀A·부스A-P12·TTier A],@dashu_official,,,,,,,,,,,인터참,
84,이너뷰티,주식회사 사계절,,,,high,,,,,,"메일 확인필요(uncertain): 웹사이트 정보 없음. 동명 업체 다수(쇼핑몰 운영사, 가방류 업체 등) [인터참 홀A·부스A-P17·TTier A]",,,,,,,,,,,,인터참,
85,바디,다빈홀딩스,vector@davinnature.com,https://davinnature.com/,,high,,,,,,[인터참 홀A·부스A-R06·TTier A·☎#ERROR!],@davinnature_kiddums,,,,,,,,,,,인터참,
86,스킨케어,심플레,ina@liebemi.com,https://www.simpleteglobal.com,,high,,,,,,[인터참 홀A·부스A-R07·TTier A·☎-12214],@simplete_official,,,,,,,,,,,인터참,
87,스킨케어,레보아미,sun2268@naver.com,https://youtu.be/A4i4Dnwy00c?si=6fGMH5PcQEhqVEEb,,high,,,,,,메일검증:confirmed · https://www.k-expo.org/brand-exhibition-2024/?bmode=view&idx=14738706 [인터참 홀A·부스A-R08·TTier A·☎821079172268],,,,,,,,,,,,인터참,
88,스킨케어,(주)제이코모,benetus@jcomo.co.kr,https://www.benetus.co.kr/,,high,,,,,,[인터참 홀A·부스A-R09·TTier A·☎031-8016-8995],@benetus_official,,,,,,,,,,,인터참,
89,바디,주식회사 퍼플링크,eth@purplelink.kr,http://not4u.kr,,high,,,,,,[인터참 홀A·부스A-R12·TTier A·☎82) 10-9457-2952],@not4u_korea,,,,,,,,,,,인터참,
90,스킨케어,핑키코스메틱,pinky@pinkycosmetic.kr,https://www.pinkycosmetic.kr/,,high,,,,,,[인터참 홀A·부스A-R17·TTier A·☎070-4126-9400],@pinkycosmetic_official,,,,,,,,,,,인터참,
91,메이크업,모메이,beautemco@gmail.com,https://momeii.com/,,high,,,,,,[인터참 홀A·부스A-R23·TTier A],@momeii_official,,,,,,,,,,,인터참,
92,더마,에이치앤와이 상사,yehan1@naver.com,http://www.hycoporation.com,,high,,,,,,[인터참 홀A·부스A-R25·TTier A·☎1670-5848],@dr.misimou,,,,,,,,,,,인터참,
93,스킨케어,(주) 록키스,redgirl8282@daum.net,https://www.rokkiss.co.kr,,high,,,,,,[인터참 홀A·부스A-R35·TTier A·☎070-5173-1122],@rokkiss_official,,,,,,,,,,,인터참,
94,스킨케어,HUEHEAL,admin@huehea.com,https://www.hueheal.co.kr,,high,,,,,,[인터참 홀A·부스A-R43·TTier A·☎070-7576-0107],@hueheal_global,,,,,,,,,,,인터참,
95,스킨케어,아이뽀,aippo1@starluxe.co.kr,https://www.aippo.co.kr/,,high,,,,,,[인터참 홀C·부스C-I03·TTier A·☎02-6007-8001],@aippo.official,,,,,,,,,,,인터참,
96,더마,주식회사 링더벨,info@ringthebell.kr,https://ringthebell.kr/,,high,,,,,,[인터참 홀C·부스C-I05·TTier A·☎070-8880-6541],@resear_korea,,,,,,,,,,,인터참,
97,스킨케어,ODSY,hello@odsycoltd.com,,,high,,,,,,메일검증:found · https://odsycoltd.com/sub/aboutus.html [인터참 홀C·부스C-I06·TTier A·☎1057070210],,,,,,,,,,,,인터참,
98,스킨케어,크레모랩,ayuan@samwhan.co.kr,https://eng.cremorlab.co.kr/index.html,,high,,,,,,[인터참 홀C·부스C-I08·TTier A·☎821087050385],@cremorlab_kr,,,,,,,,,,,인터참,
99,스킨케어,제이앤지코스메틱(주),jngcos@gmail.com,https://www.gsley.co.kr,,high,,,,,,[인터참 홀C·부스C-I11·TTier A·☎#ERROR!],,,,,,,,,,,,인터참,
100,스킨케어,릴릴,christin@rewindlab.co.kr,https://lylyl.co.kr/index.html,,high,,,,,,[인터참 홀C·부스C-I15·TTier A·☎82 2-567-2210],@lylyl_official,,,,,,,,,,,인터참,
101,스킨케어,(주)승건코스메틱스,lppm47@naver.com,https://www.loobee.co.kr/,,high,,,,,,메일검증:found · https://www.loobee.co.kr/ [인터참 홀C·부스C-I18·TTier A],@loobee_official,,,,,,,,,,,인터참,
102,이너뷰티,주식회사 라오가닉,irene@laorganic.co.kr,https://Foellie.co.kr,,high,,,,,,[인터참 홀C·부스C-J51·TTier A·☎82-70-4659-1421],@foellie_official,,,,,,,,,,,인터참,
103,스킨케어,주식회사 씨앤씨플래닛,hu1998@cncplanet.co.kr,https://www.cncplanet.co.kr/,,high,,,,,,[인터참 홀C·부스C-L56·TTier A·☎82)10-9839-7330],@cnc_planet,,,,,,,,,,,인터참,
104,스킨케어,NUNA,contact@nunabeautylab.com,https://nunabeautylab.com,,high,,,,,,[인터참 홀C·부스C-M06·TTier A],@nuna_beautylab,,,,,,,,,,,인터참,
105,더마,에브리데이 클랩스,claps01@naver.com,https://www.claps.co.kr,,high,,,,,,[인터참 홀C·부스C-M52·TTier A·☎-7646],@claps__official,,,,,,,,,,,인터참,
106,바디,주식회사 해피웍스컴퍼니,jjh@slowness.co.kr,https://www.bubblemonkey.co.kr,,high,,,,,,[인터참 홀C·부스C-N03·TTier A·☎-13067],@bubblemonkey_official,,,,,,,,,,,인터참,
107,스킨케어,픽셀퓨어,tftrading@pixelpure.com,https://www.pixelpure.com/,,high,,,,,,[인터참 홀C·부스C-O03·TTier A·☎070-8855-5068],@pixelpure_official,,,,,,,,,,,인터참,
108,메이크업,아로다,rainsy@dashopmall.co.kr,https://www.aroda.co.kr,,high,,,,,,[인터참 홀C·부스C-O11·TTier A·☎8201040124886],,,,,,,,,,,,인터참,
109,메이크업,터치인솔,br@bonne.co.kr,https://touchinsol.com/,,high,,,,,,[인터참 홀C·부스C-O16·TTier A·☎02-6423-4126],@touchinsol.official,,,,,,,,,,,인터참,
110,스킨케어,OFBASE,william@eyesomekorea.co.kr,http://www.ofbase.co.kr,,high,,,,,,[인터참 홀C·부스C-O21·TTier A],@ofbase_official,,,,,,,,,,,인터참,
111,더마,데이셀코스메틱 주식회사,lancert@daycell.com,https://daycellglobal.com/,,high,,,,,,[인터참 홀C·부스C-O22·TTier A·☎-11437],@daycell.official,,,,,,,,,,,인터참,
112,스킨케어,"WONDER BATH (CSA COSMIC Co., Ltd.)",jsm@csacosmic.com,https://www.wonderbath.com/,,high,,,,,,[인터참 홀C·부스C-O26·TTier A·☎070-4700-3932],@wonderbath_official,,,,,,,,,,,인터참,
113,더마,fmk 에프엠케이,fmk@gfcos.co.kr,https://fmkcos.com/,,high,,,,,,[인터참 홀C·부스C-O56·TTier A·☎031-5183-5510],@fmkbeauty_kr,,,,,,,,,,,인터참,
114,더마,리꼼 코스메틱,minwoolee@limetree.kr,https://licorne.co.kr/,,high,,,,,,[인터참 홀C·부스C-P11·TTier A·☎-15327],@licorne_cosmetics,,,,,,,,,,,인터참,
115,더마,FORMECELL(포미셀),misun5508@naver.com,https://formecell.com,,high,,,,,,[인터참 홀C·부스C-P17·TTier A·☎010-3885-1654],@formecell_official,,,,,,,,,,,인터참,
116,향수,페이블,cs@atnature.co.kr,https://fableperfume.com/,,high,,,,,,[인터참 홀C·부스C-P21·TTier A·☎031-777-2342],@fableperfume,,,,,,,,,,,인터참,
117,바디,뷰핸,beauhan@diami.co.kr,https://beauhanmall.com/,,high,,,,,,[인터참 홀C·부스C-P26·TTier A·☎042-719-4188],,,,,,,,,,,,인터참,
118,스킨케어,주식회사 라피끄,cs@rafiqcosmetics.com,https://plentyplant.co.kr/,,high,,,,,,[인터참 홀C·부스C-Q03·TTier A·☎070-8822-9782],@plentyplant.official,,,,,,,,,,,인터참,
119,향수,고요이 GOYOYI,hello@goyoyi.com,https://goyoyi.com/?NaPm=ct%3Dmpgbeekh%7Cci%3Dcheckout%7Ctr%3Dds%7Ctrx%3Dnull%7Chk%3Ddb09065ae8709ba906dd4f6911afdda4b73,,high,,,,,,[인터참 홀C·부스C-Q05·TTier A·☎1024193758],@goyoyi.official,,,,,,,,,,,인터참,
120,스킨케어,피에이치하비,phhubby@phhubby.com,https://en.phhubby.com/,,high,,,,,,[인터참 홀C·부스C-Q06·TTier A·☎02-408-2021],@phhubby_official,,,,,,,,,,,인터참,
121,헤어,EYECANDY (아이캔디),stephen@jworksext.co.kr,https://en.eye-candy.co.kr/,,high,,,,,,[인터참 홀C·부스C-Q07·TTier A·☎010-2373-3646],@eyecandy_co_kr,,,,,,,,,,,인터참,
122,더마,닥터펩티,trade@jncoceu.com,http://www.jncoceu.com/en/,,high,,,,,,[인터참 홀C·부스C-Q10·TTier A],@dr.pepti,,,,,,,,,,,인터참,
123,헤어,(주)카푸네인터내셔널,t2o3p@naver.com,https://cafuneglobal.com/,,high,,,,,,[인터참 홀C·부스C-Q13·TTier A·☎#ERROR!],@teamcafune.official,,,,,,,,,,,인터참,
124,스킨케어,주식회사 오버랩스,business@overlaps.co.kr,https://overlaps.co.kr/,,high,,,,,,[인터참 홀C·부스C-Q21·TTier A·☎070-8671-2231],@overlaps.official,,,,,,,,,,,인터참,
125,메이크업,올어바웃아이즈,alleyes@all-eyes.kr,https://madame-lash.com/,,high,,,,,,[인터참 홀C·부스C-R03·TTier A·☎02-6241-3003],@madamelash_official,,,,,,,,,,,인터참,
126,더마,브라이트,,https://smartstore.naver.com/brightbrush,,high,,,,,,메일 확인필요(uncertain): 스마트스토어 직접 접근 불가(WebFetch 차단). brightbrus [인터참 홀C·부스C-R04·TTier A],,,,,,,,,,,,인터참,
127,스킨케어,오오유 주식회사,contact.bfou@gmail.com,https://www.bfou.kr,,high,,,,,,[인터참 홀C·부스C-R13·TTier A·☎7089977265],@bfou.official,,,,,,,,,,,인터참,
128,스킨케어,올웨이즈비퓨어,steven@kailani-int.com,http://www.alwaysbepure.com,,high,,,,,,[인터참 홀L·부스L-A05·TTier A·☎-9044],@alwaysbepure_global,,,,,,,,,,,인터참,
129,스킨케어,리타,liita@proving-grounds.co.kr,https://www.liita-seoul.com,,high,,,,,,메일검증:confirmed · https://www.liita-seoul.com/pages/contact [인터참 홀L·부스L-A06·TTier A·☎#ERROR!],@liita.official,,,,,,,,,,,인터참,
130,스킨케어,바루쟈,nsl@thevaruza.com,https://www.thevaruza.com,,high,,,,,,[인터참 홀L·부스L-A07·TTier A·☎#ERROR!],@varuza_official,,,,,,,,,,,인터참,
131,헤어,주식회사 바이비카,hello@inbutim.com,https://inbutim.com,,high,,,,,,[인터참 홀L·부스L-A15·TTier A·☎82 10-4266-5880],@inbutim_official,,,,,,,,,,,인터참,
132,스킨케어,(주)유에스티,truthofbeauty@naver.com,https://www.truthofbeauty.kr,,high,,,,,,[인터참 홀L·부스L-A16·TTier A·☎070-4203-1847],@truthofbeauty_official,,,,,,,,,,,인터참,
133,스킨케어,지비알아이디어,seo9009@hanmail.net,https://www.vah.co.kr,,high,,,,,,메일검증:found · https://www.vah.co.kr [인터참 홀L·부스L-B11·TTier A·☎070-4909-9831],@vah_korea,,,,,,,,,,,인터참,
134,스킨케어,부드와서울,grandidier_official@naver.com,http://www.grandidier.kr,,high,,,,,,[인터참 홀L·부스L-B22·TTier A·☎7087730777],@grandidier_official,,,,,,,,,,,인터참,
135,스킨케어,(주)벤치컴퍼니 Bench company Inc,hglee@benchcompany.kr,https://www.fitroot.kr,,high,,,,,,[인터참 홀L·부스L-C06·TTier A·☎1099100963],@fitroot,,,,,,,,,,,인터참,
136,더마,셀릭사,kns.cosmetic@gmail.com,https://celixa.co.kr,,high,,,,,,[인터참 홀L·부스L-C07·TTier A·☎070-7780-7436],@celixa_official,,,,,,,,,,,인터참,
137,스킨케어,L-E03: Tender garden 텐더가든 / L-E04: BELDORA 벨도라,vglobal@vplatform.kr,https://vplatform.kr/,,high,,,,,,[인터참 홀L·부스L-E03·TTier A·☎7077304700],@tender_garden_official,,,,,,,,,,,인터참,
138,스킨케어,주식회사 더연,theyeonsales@theyeon.net,https://theyeon.kr/,,high,,,,,,[인터참 홀L·부스L-G02·TTier A·☎070-8855-9950],@theyeon_official,,,,,,,,,,,인터참,
139,스킨케어,셀비오코스메틱(주),cellviocosmetic@naver.com,https://www.cellviocosmetic.co.kr/,,high,,,,,,메일검증:confirmed · https://www.cellviocosmetic.co.kr/ [인터참 홀L·부스L-G06·TTier A·☎032-812-6439],@cellvio_offlcial,,,,,,,,,,,인터참,
140,스킨케어,유니티,luxevo@luxevo.co.kr,https://luxevo.co.kr,,high,,,,,,[인터참 홀L·부스L-H01·TTier A·☎28688847],,,,,,,,,,,,인터참,
141,더마,이아이오(L-H02) / 누이브(L-H03),eiio@cosmetina.co.kr,https://eiio.co.kr/,,high,,,,,,메일검증:found · https://eiio.co.kr/ [인터참 홀L·부스L-H02·TTier A],,,,,,,,,,,,인터참,
142,스킨케어,주식회사 씨에이치바이오,chbiokorea@naver.com,https://www.chbio.net,,high,,,,,,[인터참 홀L·부스L-J01·TTier A·☎010-8964-1599],,,,,,,,,,,,인터참,
143,더마,(주)케이비에이치케어,kbhcare@naver.com,https://kbhcare.com/,,high,,,,,,메일검증:confirmed · https://kbhcare.com/ [인터참 홀180·부스180·TTier B·☎82-2-868-4795],,,,,,,,,,,,인터참,
144,홈디바이스,주식회사 아가파월드,info@agafar.com,https://www.wechat.com/Afgfguknnn,,low,,,,,,메일 확인필요(uncertain): 공식 웹사이트(agafar.com) 및 사업자정보(moneypin.biz [인터참 홀A·부스A-A01·TTier B·☎-14122],,,,,,,,,,,,인터참,
145,홈디바이스,듀얼테트라,customercare@cura-pulse.com,https://dualtetra.co.kr/,,high,,,,,,[인터참 홀A·부스A-A17·TTier B·☎0507-1415-2544],,,,,,,,,,,,인터참,
146,더마,(주)제노헬릭스,xenohelix@xenohelix.com,http://www.xenohelix.com,,high,,,,,,메일검증:confirmed · https://www.southkoreayp.com/company/116757/Xenohelix [인터참 홀A·부스A-A18·TTier B·☎#ERROR!],,,,,,,,,,,,인터참,
147,더마/스킨케어,Beaufirst Global Company Limited,Beaufirstglobal@gmail.com,,,medium,,,,,,메일 확인필요(uncertain): 웹사이트 정보 없음. 'Beaufirst Global Company Li [인터참 홀A·부스A-B01·TTier B],,,,,,,,,,,,인터참,
148,더마,DERMA YOURCELL,fruitsjuice@naver.com,https://www.dermayourcell.com/,,high,,,,,,[인터참 홀A·부스A-B06·TTier B·☎010-8070-3260],,,,,,,,,,,,인터참,
149,홈디바이스,메딕콘,medicon@medicon.co.kr,http://www.medicon.co.kr/,,high,,,,,,메일검증:confirmed · http://www.medicon.co.kr/en/page/13 [인터참 홀A·부스A-B17·TTier B·☎070-4220-2582],,,,,,,,,,,,인터참,
150,더마,피텐,pms@pitenkorea.com,https://www.drpiten.com,,high,,,,,,메일검증:confirmed · https://www.drpiten.com/contact-us [인터참 홀A·부스A-B18·TTier B·☎821090614318],,,,,,,,,,,,인터참,
151,더마/스킨케어,"ILLON CO., LTD",global@illon.co.kr,https://theillon.com/en,,high,,,,,,메일검증:confirmed · https://kr.kompass.com/c/illon-co-ltd/kr002475/ [인터참 홀A·부스A-B21·TTier B·☎#ERROR!],,,,,,,,,,,,인터참,
152,더마,주식회사 에르띠코리아,ertykorea@naver.com,https://www.ertykorea.com/,,high,,,,,,[인터참 홀A·부스A-C02·TTier B·☎070-7677-0924],,,,,,,,,,,,인터참,
153,더마,리쥬멜라 코리아,rejumela@naver.com,https://www.rejumela.co.kr,,high,,,,,,메일검증:confirmed · https://rejumela.co.kr/ [인터참 홀A·부스A-C03·TTier B·☎02-443-6624],,,,,,,,,,,,인터참,
154,더마,"BIO GLORIOUS CO.,LTD.",bioglorious@naver.com,https://palab.co.kr/,,high,,,,,,메일검증:confirmed · https://bioglorious.com/ [인터참 홀A·부스A-C06·TTier B·☎02-3492-0777],,,,,,,,,,,,인터참,
155,더마,KYUNGLAB,info@ssmb.vn,https://kyunglab.kr/  ; https://kyunglab.vn/,,high,,,,,,[인터참 홀A·부스A-C07·TTier B·☎1900 6383 89 (베트남)],,,,,,,,,,,,인터참,
156,더마,㈜나인원코스메디,official@91cosmedi.com,https://www.wechat.com/nineone9179,,high,,,,,,메일검증:corrected · https://91cosmedi.com/ [인터참 홀A·부스A-C11·TTier B·☎02-2664-7891],,,,,,,,,,,,인터참,
157,스킨케어,르베라쥬,lebelage@lebelage.co.kr,https://lebelage.co.kr/,,high,,,,,,[인터참 홀A·부스A-D21·TTier B·☎-3754],,,,,,,,,,,,인터참,
158,스킨케어,에텔랑,thyme9905@naver.com,https://www.etelanc.com,,high,,,,,,메일검증:corrected · https://etelanc.com/shopinfo/guide.html [인터참 홀A·부스A-D32·TTier B·☎010-3133-3536],,,,,,,,,,,,인터참,
159,더마,세포랩,cepolab@naver.com,https://cepolab.com/,,high,,,,,,메일검증:corrected · https://cepolab.com/member/privacy.html [인터참 홀A·부스A-E01·TTier B],,,,,,,,,,,,인터참,
160,더마,주식회사 메조팜,purple9260@hnamail.net,https://mesopharm.co.kr/,,medium,,,,,,"메일 확인필요(uncertain): 공식 사이트(mesopharm.co.kr, mesopharm20.cafe [인터참 홀A·부스A-E16·TTier B·☎010-9938-2525]",,,,,,,,,,,,인터참,
161,뷰티소품,(주)미성메탈,jkhan@misunggc.co.k,https://smartstore.naver.com/misunggc,,low,,,,,,메일 확인필요(uncertain): current_email 도메인 'misunggc.co.k'는 'misu [인터참 홀A·부스A-E21·TTier B·☎415546334],,,,,,,,,,,,인터참,
162,더마,주식회사 정코스메틱,jungco@jungco.co.kr,http://www.essello.co.kr,,high,,,,,,[인터참 홀A·부스A-F03·TTier B·☎041-910-3737],,,,,,,,,,,,인터참,
163,더마,AESTHEIN,aesthein_sa@naver.com,http://aesthein.kr,,high,,,,,,메일검증:corrected · http://aesthein.kr [인터참 홀A·부스A-F27·TTier B·☎0507-1364-1649],,,,,,,,,,,,인터참,
164,더마,㈜3일애,sales@3dayslove.kr,https://www.3dayslove.kr/,,medium,,,,,,메일 확인필요(uncertain): 공식 글로벌몰(en.3dayslove.shop) footer에서 공식 이 [인터참 홀A·부스A-G32·TTier B·☎215771586],,,,,,,,,,,,인터참,
165,홈디바이스,더마퀸,limta11@naver.com,https://themaqueen.com/,,high,,,,,,메일검증:confirmed · https://themaqueen.com/ [인터참 홀A·부스A-H21·TTier B·☎-11914],,,,,,,,,,,,인터참,
166,더마,㈜바이오에프디엔씨,global@biofdnc.com,https:// www.biofdnc-global.com,,high,,,,,,메일검증:corrected · https://www.biofdnc-global.com/ [인터참 홀A·부스A-H27·TTier B·☎062-373-8381],,,,,,,,,,,,인터참,
167,홈디바이스,(주)울파인,ulfine@naver.com,http://ulfine.co.kr/,,high,,,,,,[인터참 홀A·부스A-H37·TTier B·☎325747174],,,,,,,,,,,,인터참,
168,스킨케어/이너뷰티,(주)피노젠,pinogen@pinogen.com,https://pinogen.com/,,high,,,,,,메일검증:corrected · https://pinogen.com/ [인터참 홀A·부스A-I02·TTier B·☎054-854-8001],,,,,,,,,,,,인터참,
169,바디,"BiOBiO Co.,Ltd.",biobiocos@naver.com,https://www.biobiokorea.com/,,medium,,,,,,메일 확인필요(notfound): biobiokorea.com 홈페이지 접근은 됐으나 footer/회사정보 [인터참 홀A·부스A-I06·TTier B·☎-3124],,,,,,,,,,,,인터참,
170,홈디바이스,주식회사 라메디텍,puraxel@lameditech.com,https://www.puraxel.co.kr,,high,,,,,,[인터참 홀A·부스A-I11·TTier B·☎02-852-7982],,,,,,,,,,,,인터참,
171,더마,(주)엠피컴퍼니,jungye@medipair.co.kr,https://www.medipair.co.kr/,,high,,,,,,메일검증:confirmed · https://www.medipair.co.kr/ [인터참 홀A·부스A-I27·TTier B·☎1080407116],,,,,,,,,,,,인터참,
172,홈디바이스,MLAY INTERNATIONAL LIMITED,mt@mlays.com,https://www.mlays.com,,high,,,,,,메일검증:corrected · https://mlays.com/pages/contact [인터참 홀A·부스A-I43·TTier B·☎00852-70108836],,,,,,,,,,,,인터참,
173,헤어,미영씨앤씨,ecomine@ecomine.co.kr,https://hesolmall.com/,,medium,,,,,,메일 확인필요(uncertain): hesolmall.com footer에는 운영사가 (주)에코마인(대표 문 [인터참 홀A·부스A-J08·TTier B·☎051-808-2778],,,,,,,,,,,,인터참,
174,홈디바이스,디오에스앤유니크,help@doskorea.co.kr,https://dosinternational.co.kr/en/,,high,,,,,,메일검증:corrected · https://dosinternational.co.kr/en/sub0501.php [인터참 홀A·부스A-K06·TTier B·☎02-444-9962],,,,,,,,,,,,인터참,
175,홈디바이스,엑소블랑,info@linkusglobal.kr,https://linkusglobal.kr/,,high,,,,,,메일검증:corrected · https://linkusglobal.kr/contact/ [인터참 홀A·부스A-K13·TTier B·☎827041374555],,,,,,,,,,,,인터참,
176,향수,(주)새로핸즈,saero@saero.co.kr,https://www.saerohands.com/,,high,,,,,,메일검증:corrected · https://www.saerohands.co.kr/ [인터참 홀A·부스A-K21·TTier B·☎02-2211-1157],,,,,,,,,,,,인터참,
177,더마,(주)제이앤제이,jnj_25@daum.net,https://earthera01.cafe24.com/,,high,,,,,,메일검증:confirmed · https://earthera01.cafe24.com/ [인터참 홀A·부스A-L06·TTier B·☎070-7405-2881],,,,,,,,,,,,인터참,
178,스킨케어,BOTA C X Choi's Choice lab,cheonghaedam@gmail.com,https://www.kglowmelb.com,,high,,,,,,[인터참 홀A·부스A-L08·TTier B·☎033-635-6640],,,,,,,,,,,,인터참,
179,더마,VINACEUTICALS,official@vinaceuticals.vn,https://vinaceuticals.vn,,medium,,,,,,메일 확인필요(notfound): vinaceuticals.vn 홈페이지 및 /contact 페이지 모두 [인터참 홀A·부스A-L11·TTier B·☎84901288809],,,,,,,,,,,,인터참,
180,바디,비오아이,jaypal_company@naver.com,https://bringorganic.com,,high,,,,,,메일검증:confirmed · https://bringorganic.com/ [인터참 홀A·부스A-N02·TTier B·☎010-6279-6396],,,,,,,,,,,,인터참,
181,헤어,SHAAN HONQ INT'L COSMETICS CORP.,sophia@shaanhonq.com.tw,https://www.shaanhonq.com.tw/,,high,,,,,,메일검증:corrected · https://www.shaanhonq.com.tw/contact [인터참 홀A·부스A-N33·TTier B·☎88672240011],,,,,,,,,,,,인터참,
182,더마,코이즈,mkt@oxyfacial.com,https://oxygenceuticals.co.kr/,,high,,,,,,메일검증:corrected · https://oxygenceuticals.co.kr/ [인터참 홀A·부스A-O06·TTier B·☎1053334714],,,,,,,,,,,,인터참,
183,바디,(주)배쓰프로젝트,office@bathproject.kr,https://www.bathproject.kr/,,high,,,,,,메일검증:confirmed · https://www.bathproject.kr/ [인터참 홀A·부스A-O14·TTier B·☎070-8800-7700],,,,,,,,,,,,인터참,
184,더마,바이더퀄리티,bythequality@gmail.com,https://www.bythequality.com/en,,high,,,,,,메일검증:confirmed · https://www.bythequality.com/en [인터참 홀A·부스A-O21·TTier B·☎#ERROR!],,,,,,,,,,,,인터참,
185,스킨케어,epielle,online@epielle.com,https://epielle.com/,,high,,,,,,메일검증:found · https://epiellebeauty.wordpress.com/contact-us/ [인터참 홀A·부스A-O26·TTier B·☎031-625-2201],,,,,,,,,,,,인터참,
186,스킨케어,Korea Honey,sharp-be@naver.com,https://www.sharp-be.com/,,high,,,,,,메일검증:corrected · https://www.sharp-be.com/ [인터참 홀A·부스A-O36·TTier B·☎1063187201],,,,,,,,,,,,인터참,
187,더마,TRINICELL,contact@trinicell.co.kr,https://trinicell.co.kr/,,high,,,,,,[인터참 홀A·부스A-O37·TTier B·☎1077712071],,,,,,,,,,,,인터참,
188,더마,주식회사 제트글로벌,tomtittot.official@gmail.com,https://tomtittot.com/,,high,,,,,,메일검증:corrected · https://tomtittot.com/contact/?lang=en [인터참 홀A·부스A-P01·TTier B·☎1021717957],,,,,,,,,,,,인터참,
189,네일,"MIMO CO., LTD.",sales@mimonail.com,https://mimonail.com/,,high,,,,,,메일검증:corrected · https://mimonail.com/ [인터참 홀A·부스A-P20·TTier B·☎821028736306],,,,,,,,,,,,인터참,
190,스킨케어,JKOSMEC,sales@jkosmecseoul.com,https://kr.linkedin.com/in/jkomecs-korea-a50a26259,,high,,,,,,메일검증:corrected · https://www.jkosmec.com/en [인터참 홀A·부스A-P21·TTier B·☎82-70-5175-0100],,,,,,,,,,,,인터참,
191,홈디바이스,성림 BNC,sunglimbnc@naver.com,http://www.sunglimbnc.com,,medium,,,,,,메일 확인필요(uncertain): sunglimbnc.com은 SSL 인증서 만료로 접근 불가(인증서 오류 [인터참 홀A·부스A-R02·TTier B·☎02-413-1945],,,,,,,,,,,,인터참,
192,스킨케어,(주)바이오센서연구소,franz@biosensorlab.com,https://franzskincareusa.com/,,high,,,,,,메일검증:corrected · https://franzskincare.com/ [인터참 홀A·부스A-R21·TTier B·☎8225345239],,,,,,,,,,,,인터참,
193,스킨케어,Wati For Skin,twotigers2222@naver.com,https://youtu.be/UiaA9IiuFWA,,high,,,,,,[인터참 홀A·부스A-R29·TTier B·☎070-4366-5940],,,,,,,,,,,,인터참,
194,더마,바이오셀힐 & 카토-카토,sallyshen__@naver.com,https://bluecpr.com,,high,,,,,,[인터참 홀A·부스A-R34·TTier B·☎1062613686],,,,,,,,,,,,인터참,
195,더마,(주)씨유스킨,info@cuskin.com,https://www.cueshop.co.kr,,high,,,,,,메일검증:corrected · https://www.cueshop.co.kr/company/info [인터참 홀A·부스A-R39·TTier B·☎010 3649 2142],,,,,,,,,,,,인터참,
196,바디/이너뷰티,일공일공 이미지플러스,1010master@naver.com,https://www.tentengroup.net,,high,,,,,,메일검증:confirmed · http://www.tentengroup.net/sub/com00.asp [인터참 홀C·부스C-I04·TTier B·☎032)623-8717],,,,,,,,,,,,인터참,
197,더마,인솔 주식회사,ninova@in-sol.co.kr,https://kr.linkedin.com/company/in-sol,,high,,,,,,[인터참 홀C·부스C-I13·TTier B·☎02-404-7990],,,,,,,,,,,,인터참,
198,홈디바이스,주식회사 제이비무역,yrkwoon@naver.com,https://charmbody.co.kr/,,high,,,,,,[인터참 홀C·부스C-I20·TTier B·☎070-4144-8548],,,,,,,,,,,,인터참,
199,더마,주식회사 에이치피앤씨,hpncmall@hpnc.co.kr,http://hpnc.co.kr/,,high,,,,,,"메일검증:confirmed · http://www.hpnc.co.kr/ (공식 도메인), 복수 비즈니스 디렉터리(사람인·weseb.com·검색결과) [인터참 홀C·부스C-K42·TTier B]",,,,,,,,,,,,인터참,
200,스킨케어/메이크업,주식회사 오션스인터내셔널,oseans@oseansint.com,http://www.oseansint.com/kr/,,high,,,,,,메일검증:corrected · http://en.thefrescalab.com/about [인터참 홀C·부스C-L36·TTier B],,,,,,,,,,,,인터참,
201,더마,(주)필코코스팜,pilko@pilko.org,https://pilkocospharm.co.kr/,,high,,,,,,메일검증:confirmed · https://pilkocospharm.co.kr/ [인터참 홀C·부스C-L47·TTier B·☎031-681-2273],,,,,,,,,,,,인터참,
202,오럴케어,INOPRO,alexander@inopro.us,https://inopro.us,,high,,,,,,메일검증:confirmed · https://www.americasbeautyshow.com/exhibitors/smile-shine-essentials-inc-inopro [인터참 홀C·부스C-M01·TTier B·☎16464184413],,,,,,,,,,,,인터참,
203,스킨케어,(주)이레코스메틱,irecosmetics@naver.com,https://www.irecosmetic.co.kr,,high,,,,,,메일검증:corrected · https://www.intercharmkorea.com/ko-kr/exhibitor_directory/Exhibitor_detail.%EC%A3%BC%EC%9D%B4%EB%A0%88%EC%BD%94%EC%8A%A4%EB%A9%94%ED%8B%B1%20%20irecosmetic%20coltd.org-a61bedfe-251e-459a-8d19-f780f0549844.html [인터참 홀C·부스C-M56·TTier B·☎032-817-6621],,,,,,,,,,,,인터참,
204,스킨케어,와더스킨,whataskin7@gmail.com,https://whataskin7.cafe24.com/shop3/,,high,,,,,,메일검증:corrected · https://whataskin7.cafe24.com/shop3/ [인터참 홀C·부스C-M57·TTier B·☎2941],,,,,,,,,,,,인터참,
205,메이크업,KONAD코나드,konadkorea@konadnail.com,http://www.konadcosmetic.com,,high,,,,,,메일검증:confirmed · http://www.konadcosmetic.com [인터참 홀C·부스C-N46·TTier B·☎827043989846],,,,,,,,,,,,인터참,
206,홈디바이스,"VIEWTEL Co., Ltd.",marketing@view-tel.co.kr,https://viewtel.cafe24.com/,,high,,,,,,메일검증:found · http://www.view-tel.co.kr/default/company/02.php [인터참 홀C·부스C-N51·TTier B·☎010-8038-6314],,,,,,,,,,,,인터참,
207,홈디바이스,BTF,hanmaum117@naver.com,https://thebtf.co.kr,,high,,,,,,[인터참 홀C·부스C-N57·TTier B·☎010-3438-3898],,,,,,,,,,,,인터참,
208,더마,㈜상떼화장품,sante@santecosmetic.net,https://santecosmetic.co.kr,,high,,,,,,메일검증:corrected · https://en-drsante.imweb.me/about [인터참 홀C·부스C-O01·TTier B·☎010-5765-7161],,,,,,,,,,,,인터참,
209,스킨케어,주식회사 에스테르,estercos@daum.net,,,high,,,,,,메일검증:found · https://bizno.net/article/1318625425 [인터참 홀C·부스C-P06·TTier B],,,,,,,,,,,,인터참,
210,스킨케어,KPCOS,kyulgoun@kyulgoun.com,https://kpcos.com,,high,,,,,,[인터참 홀C·부스C-P36·TTier B·☎#ERROR!],,,,,,,,,,,,인터참,
211,스킨케어,(주)제이지에스헬스큐어,mayyoung@mayyoung.kr,https://mayyoung.kr,,high,,,,,,메일검증:corrected · https://mayyoung.kr/member/privacy.html [인터참 홀C·부스C-Q04·TTier B·☎010-9259-6218],,,,,,,,,,,,인터참,
212,홈디바이스,이지템,sales@easytem.co.kr,https://www.easytem.co.kr/,,high,,,,,,[인터참 홀C·부스C-R05·TTier B·☎-1566],,,,,,,,,,,,인터참,
213,헤어,(주) 엠디무역,mdtrad@naver.com,https://www.mdwig.co.kr/,,medium,,,,,,메일 확인필요(uncertain): 제공된 current_email mdtrad@naver.com은 공식 웹 [인터참 홀C·부스C-R19·TTier B·☎010-9403-1281],,,,,,,,,,,,인터참,
214,더마,주식회사 에이디솔루션,adsolution52@naver.com,http://www.adsolutionkorea.com,,high,,,,,,[인터참 홀L·부스L-A02·TTier B·☎7080641805],,,,,,,,,,,,인터참,
215,더마,(주)코윈바이오,mesablue@kowinbio.co.kr,https://en.mesabluestore.com/,,high,,,,,,메일검증:confirmed · https://en.mesabluestore.com/ [인터참 홀L·부스L-A11·TTier B·☎7050961080],,,,,,,,,,,,인터참,
216,더마,킨뮬러,beauty@kinmula.com,https://kinmula.com/,,high,,,,,,[인터참 홀L·부스L-B01·TTier B·☎-4053],,,,,,,,,,,,인터참,
217,스킨케어,"HANJINEYMAY CO.,LTD",official@hanjineymay.com,,,high,,,,,,메일검증:found · http://hanjineymay.co.kr/en/inquiry/ [인터참 홀L·부스L-B02·TTier B],,,,,,,,,,,,인터참,
218,홈디바이스,FACE FACTORY,marketing@cubist.co.kr,https://www.face-factory.com/,,high,,,,,,메일검증:corrected · https://www.face-factory.com/ [인터참 홀L·부스L-B23·TTier B·☎821028985097],,,,,,,,,,,,인터참,
219,더마,(주)뷰티앤팩토리,global@beautynfactory.com,https://beautynfactory.com/,,high,,,,,,메일검증:confirmed · https://beautynfactory.com/ [인터참 홀L·부스L-C01·TTier B·☎#ERROR!],,,,,,,,,,,,인터참,
220,더마,(주)시카젠,cicagen@cicagen.com,https://en.cicagen.com/,,high,,,,,,메일검증:confirmed · https://en.cicagen.com/ [인터참 홀L·부스L-D01·TTier B·☎02-6233-8037],,,,,,,,,,,,인터참,
221,홈디바이스,Bodycare Lab,contact@bcl.kr,http://www.bcl.kr,,high,,,,,,[인터참 홀L·부스L-E05·TTier B·☎070-4700-1368],,,,,,,,,,,,인터참,
222,바디,주식회사 텍스코,somsajang@texkor.com,https://www.somsajang.co.kr,,high,,,,,,[인터참 홀L·부스L-G07·TTier B·☎031-798-8261],,,,,,,,,,,,인터참,
223,,JDN CORPORATION LIMITED,,,,검토필요,,,,,,"검색 결과 확인된 jdnpackaging.com의 JDN Corporation Limited는 중국계 화장품 포장재 회사(광저우)로, INTERCHARM Kore",,,,,,,,,,,,인터참(검토필요),
224,,제너랩,,,,검토필요,,,,,,"bizno.net 및 다수 검색에서 '제너랩'으로 등록된 화장품 회사 확인 불가. 유사명 '제나랩(Genalab, grace@genalab.co.kr)'이 존재하",,,,,,,,,,,,인터참(검토필요),
225,,주식회사 에코마인,,,,검토필요,,,,,,"에코마인(ecomine.co.kr, 부산 강서구, 두발화장품 전문, 대표 문외숙) 존재 확인. 그러나 공식사이트 SSL 오류로 직접 접근 불가, tradekore",,,,,,,,,,,,인터참(검토필요),
226,,에이치알메디텍,,,,검토필요,,,,,,"에이치알메디텍(hrmeditech.co.kr, 인천 서구 가좌동, 대표 이현철, 미용기기·의료기기 OEM ODM) 존재 확인. FOB B2B 디렉터리에 ryu06",,,,,,,,,,,,인터참(검토필요),
227,,(주)바라보니화장품,,,,검토필요,,,,,,"공식 이메일을 확인할 수 있는 출처를 찾지 못함. 공식 홈페이지 확인 불가, INTERCHARM Korea 전시 디렉토리 site: 검색에서 해당사 페이지 미노출",,,,,,,,,,,,인터참(검토필요),
228,,(주)순바이오팜,,,,검토필요,,,,,,"웹 검색 결과에서 orca218@soonbiopharm.com이 반복 등장하나, 이 주소가 실제 공식 사이트 페이지(footer·contact 등)에서 직접 노출",,,,,,,,,,,,인터참(검토필요),
229,,뉴런,,,,검토필요,,,,,,"여러 검색을 시도했으나 '뉴런'이라는 이름의 화장품·뷰티 회사를 특정할 수 없음. 동명의 다른 업종 회사(교육, IT 등)만 검색됨. 공식 웹사이트·사업자 정보·",,,,,,,,,,,,인터참(검토필요),
230,,Symphony Cosmetic Inc.,,,,검토필요,,,,,,한국 기반 'Symphony Cosmetic Inc.'를 공식 출처에서 특정하지 못함. symphonybeauty.com은 별개의 미국 계열 브랜드이며 동일 회사,,,,,,,,,,,,인터참(검토필요),
231,,비컨,,,,검토필요,,,,,,"동명 회사 충돌 주의: '비컨'으로 검색 시 ①비컨/becon(beconx.com, 삼성 C-Lab 스핀오프 AI 피부·두피 분석 뷰티테크) ②비컨코리아(beac",,,,,,,,,,,,인터참(검토필요),
232,,(주)아이오쓰리,,,,검토필요,,,,,,"뷰티·화장품 사업체로서의 (주)아이오쓰리를 특정할 수 있는 공식 웹사이트, 사업자 정보, INTERCHARM 디렉터리 페이지를 어떤 검색 경로로도 확인하지 못함.",,,,,,,,,,,,인터참(검토필요),
233,,(주)와이셀바이오메디칼,info@ycellbio.com,http://www.ycellbio.com,,검토필요,,,,,,"PRP 세포재생 치료 전문 의료기기 회사(국내 PRP 점유율 1위), 소비자 뷰티 브랜드 아님. [인터참 부스A-A06]",,,,,,,,,,,,인터참(검토필요),
234,,(주)씨피코스메틱,jamessohn@cpcosmetic.co.kr,https://formulier.co.kr/,,검토필요,,,,,,R&D 기반으로 3000여 스킨케어 처방을 개발·수출하는 제형 개발사로 자체 소비자 브랜드·D2C 언급 없음(formulier는 ODM 사이트) [인터참 부스A-A07],,,,,,,,,,,,인터참(검토필요),
235,,에시컬코리아 코스메틱 (EK COS),butiq99@naver.com,http://www.instragram.com/ethicalkorea,,검토필요,,,,,,OEM/ODM 맞춤형 제품개발·규제대응 지원하는 제조 파트너로 자체 소비자 브랜드 없음. [인터참 부스A-A10],,,,,,,,,,,,인터참(검토필요),
236,,(주)에스엠지유럽,info@smgkorea.or.kr,https://youtu.be/iIv5q-pIwT4,,검토필요,,,,,,"인증·클린룸 밸리데이션 등 의료기기 기업 인증서비스 제공 B2B, 소비자 브랜드 없음. [인터참 부스A-A14]",,,,,,,,,,,,인터참(검토필요),
237,,아이셀메디텍,www.icelmedi@naver.com,http://www.icelmedi.com,,검토필요,,,,,,desc가 뷰티 디바이스·메디컬 제품·에스테틱 통합교육 중심 B2B(OEM/ODM 포함)로 소비자 직판 자체 브랜드 언급 없음. [인터참 부스A-A16],,,,,,,,,,,,인터참(검토필요),
238,,휴비스랩,info@hubislab.com,https://hubislab.com/,,검토필요,,,,,,desc가 에스테틱 클리닉·살롱·스파·뷰티스쿨 전용 프로 브랜드라고 명시하고 소비자 리테일·D2C 언급이 전혀 없어 B2B 전문가 채널 브랜드로 [인터참 부스A-A22],,,,,,,,,,,,인터참(검토필요),
239,,MEDI SECTION NO.,global@inot-meditech.com,https://www.inot-meditech.com/,,검토필요,,,,,,"INOT은 1,000여 병원에 7,000개 제품을 공급하는 의료기기 제조·수입·유통사로 MEDISECTION No. 화장품도 병원·B2B 의료 [인터참 부스A-B32]",,,,,,,,,,,,인터참(검토필요),
240,,플래닛147,hello@planit147.com,https://www.planit147.com/?lang=en,,검토필요,,,,,,"콜마코리아의 브랜드 인큐베이션 플랫폼·ODM 서비스로 창업자 지원, 자사 소비자 완제품 브랜드 아님. [인터참 부스A-B43,
C-N56]",,,,,,,,,,,,인터참(검토필요),
241,,(주) 진코스텍,lsw@jincostech.com,https://link.inpock.co.kr/amocosplus,,검토필요,,,,,,"desc는 하이드로겔 1억개 수출·DDS 제형기술 등 제조·수출만 언급하고 자체 소비자 브랜드 서술 전무, 인포크 링크는 근거 약함(검증변경). [인터참 부스A-B46]",,,,,,,,,,,,인터참(검토필요),
242,,(주)온궁,leesanghoong@naver.com,https://www.need-on.com,,검토필요,,,,,,"스파·입욕제 전문 OEM/ODM 제조기업, 온천수 처방으로 제품 개발하나 자체 소비자 브랜드 없음. [인터참 부스A-C36]",,,,,,,,,,,,인터참(검토필요),
243,,"Caregen Co., Ltd.",sales@caregen.co.kr,http://caregen.co.kr/eng/,,검토필요,,,,,,"펩타이드 바이오 상장사로 원료·특허·코스메슈티컬 B2B 중심, 자사 소비자 브랜드 없음. [인터참 부스A-D11]",,,,,,,,,,,,인터참(검토필요),
244,,(주)오래온라이프사이언스,info@oreon.co.kr,,,검토필요,,,,,,HA 필러·리프팅 실 등 미용의료기기 개발·제조사로 소비자 브랜드 아님. [인터참 부스A-D23],,,,,,,,,,,,인터참(검토필요),
245,,스턴메디칼,bjpark@mediforet.com,https://stunmedical.kr/,,검토필요,,,,,,스킨부스터·필러 등 미용의료기기 OEM 제조 및 수출 100% B2B 회사로 자체 소비자 브랜드 없음. [인터참 부스A-D31],,,,,,,,,,,,인터참(검토필요),
246,,더마밀,sales@dermameal.com,http://dermameal.com/,,검토필요,,,,,,화장품 수탁제조(OEM/ODM) 전문으로 자체 소비자 브랜드 없음. [인터참 부스A-E37],,,,,,,,,,,,인터참(검토필요),
247,,주식회사 셀락바이오,cellarkbio@cellarkbio.com,,,검토필요,,,,,,"desc·website·category 모두 비어 있어 소비자 브랜드 확인 불가, 보수적 제외. [인터참 부스A-E41]",,,,,,,,,,,,인터참(검토필요),
248,,주식회사 레드바이오컴퍼니,info@redbiocp.com,https://www.redbiocp.com,,검토필요,,,,,,"지방분해·스킨부스터·보툴리눔·필러·엑소좀 등 의료미용 제품과 OEM/ODM 중심, HYALSKIN은 시술계열 독자브랜드로 소비자완제품 근거 없음 [인터참 부스A-F31]",,,,,,,,,,,,인터참(검토필요),
249,,에이치앤비바이오,hnb.biomask@gmail.com,https://www.hnbbio.co.kr,,검토필요,,,,,,시트마스크·토너 등 스킨케어 OEM/ODM 수탁제조사로 자체 소비자 브랜드 없음. [인터참 부스A-F32],,,,,,,,,,,,인터참(검토필요),
250,,(주)프리모리스인터내셔널,hnkim@primoris.co.kr,https://primorisintl.com/,,검토필요,,,,,,엑소좀 줄기세포 원천기술·국제특허·R&D 클러스터 중심 바이오 기업으로 원료~코스메틱 언급뿐 자사 소비자 브랜드명·판매채널 근거 없음. [인터참 부스A-F46],,,,,,,,,,,,인터참(검토필요),
251,,팜스비앤비,marketing@pamsbnb.com,https://www.pamseshop.co.kr,,검토필요,,,,,,23년간 전문 에스테틱·피부과 클리닉에 스킨케어를 공급하는 B2B 프로페셔널 채널 전용이며 자체 소비자 브랜드·D2C 언급이 전무함. [인터참 부스A-G21],,,,,,,,,,,,인터참(검토필요),
252,,프랜드,pland1590@naver.com,http://pland-pure.com/en/,,검토필요,,,,,,"화장품 소재(원료)·OEM/ODM R&D 전문기업으로 고객사 생산 대행만 언급, 자체 소비자 브랜드 없음. [인터참 부스A-G26]",,,,,,,,,,,,인터참(검토필요),
253,,THESERA,mrinno@mrinno.com,http://www.thesera.co.kr,,검토필요,,,,,,"desc가 '전문가용 화장품 브랜드', 비침습 리프팅·스피큘 재생 등 에스테틱 시술 프로그램과 65개국 전문가 양성 중심이라 일반 소비자 D2C [인터참 부스A-H18]",,,,,,,,,,,,인터참(검토필요),
254,,(주)스킨솔루션,naluke@naver.com,http://www.skinsolution.co.kr,,검토필요,,,,,,"desc에서 스스로 '기술 기반 소재 기업', 자동화 대량생산 공정·소모품 공급으로 자처, 하이드로콜로이드 패치 OEM·소재 사업으로 자체 소비 [인터참 부스A-H22]",,,,,,,,,,,,인터참(검토필요),
255,,욜리 메이크업툴,nicholas@yolybrush.com,https://www.yolybrush.com/,,검토필요,,,,,,"메이크업 브러시·퍼프 글로벌 OEM/ODM 수탁제조사로 100개 브랜드에 공급, 자체 소비자 브랜드 없음. [인터참 부스A-H36]",,,,,,,,,,,,인터참(검토필요),
256,,"GUANGZHOU LVFANGZHOU INDUSTRIAL CO.,LTD",lvfangzhou@126.com,https://www.lfz-nonwoven.com,,검토필요,,,,,,"마스크시트 원단·부직포 소재 OEM 제조(500+ OEM·3000+ 브랜드 납품), 소재공급으로 소비자 브랜드 없음. [인터참 부스A-H43]",,,,,,,,,,,,인터참(검토필요),
257,,한방미인화장품 HBMIC,hbmic@hbmic.com,https://www.hbmic.com/default/,,검토필요,,,,,,"스킨·헤어케어 OEM/ODM 전문 제조업체로 맞춤형 수탁 생산 서비스 제공, 자체 소비자 브랜드 없음. [인터참 부스A-I03]",,,,,,,,,,,,인터참(검토필요),
258,,MELKA,woojinkim88@daum.net,https://thedameul.co.kr/,,검토필요,,,,,,고기능 성분 처방을 개발하나 유통채널 기반 기획의 시장지향 개발사(OEM/ODM)로 자체 소비자 브랜드 판매 근거 없음. [인터참 부스A-I07],,,,,,,,,,,,인터참(검토필요),
259,,에이치제이코퍼레이션즈 주식회사,info@hjcorporations.kr,https://www.hjcorporations.kr/,,검토필요,,,,,,"desc가 다분야 솔루션·매출만 언급하고 카테고리에 OEM/ODM 포함, 자체 소비자 브랜드 근거 없음. [인터참 부스A-I18]",,,,,,,,,,,,인터참(검토필요),
260,,주식회사 케이원파마,konepharma@konepharma.co.kr,https://konepharma.co.kr/,,검토필요,,,,,,파트너 네트워크 통해 의약품·의료기기·뷰티 제품을 공급하는 유통상으로 자체 소비자 브랜드 없음. [인터참 부스A-I26],,,,,,,,,,,,인터참(검토필요),
261,,(주) 네오제네시스,info@neogenesis.co.kr,http://www.neotox-cn.com,,검토필요,,,,,,자가유래 세포치료 의료기기 개발·공급 전문으로 소비자 뷰티 브랜드 아님. [인터참 부스A-I31],,,,,,,,,,,,인터참(검토필요),
262,,에코문도 코리아,korea@ecomundo.eu,https://kr.ecomundo.eu,,검토필요,,,,,,글로벌 화장품 규제 컨설팅(CPNP·MoCRA 등) 전문 B2B 서비스기업으로 소비자 브랜드 없음. [인터참 부스A-I36],,,,,,,,,,,,인터참(검토필요),
263,,"K.BEAUTY ACCESSORY CO.,LTD",sunjing@k.beautychina.com,http://www.kbeautychina.com/,,검토필요,,,,,,"뷰티 툴 OEM/ODM 수탁 제조 전문, 글로벌 브랜드 대행으로 자체 소비자 브랜드 없음. [인터참 부스A-I37]",,,,,,,,,,,,인터참(검토필요),
264,,실리스카(주),info@silisca.com,http://www.silisca.com,,검토필요,,,,,,desc가 클리닉·에스테틱 전문가 대상 프로페셔널 스킨케어 포뮬러만 언급하고 소비자 D2C/리테일 채널이 없어 자사 소비자 브랜드 성격 부재. [인터참 부스A-J11],,,,,,,,,,,,인터참(검토필요),
265,,(주)제이티,contact@jtcosmetic.com,https://jtcosmetics.imweb.me/,,검토필요,,,,,,"하이드로겔 전문 ODM/OEM 수탁제조사로 고객 브랜드용 제조만 제공, 자체 소비자 브랜드 없음. [인터참 부스A-J36]",,,,,,,,,,,,인터참(검토필요),
266,,(주)에스엠에코랩,smecolab@naver.com,,,검토필요,,,,,,"category·website·desc 모두 비어 있어 사업 확인 불가, 보수적으로 제외. [인터참 부스A-J37]",,,,,,,,,,,,인터참(검토필요),
267,,"TAIZHOU HUADI ELECTRIC CO.,LTD",info@huadicn.com,http://www.huadicn.com/,,검토필요,,,,,,"전기 제품 제조사로 품질·가격만 언급, 자체 뷰티 소비자 브랜드 근거 없음. [인터참 부스A-J46]",,,,,,,,,,,,인터참(검토필요),
268,,"SHAANXI FAIRIR BIOTECH CO.,LTD",,,,검토필요,,,,,,"desc 없음, 사명에 Biotech로 보아 원료·바이오 공급사로 보수적 추정, 자사 소비자 브랜드 없음. [인터참 부스A-J47]",,,,,,,,,,,,인터참(검토필요),
269,,"Yaxi Daily Necessities Co.,Ltd",118183863@qq.com,https://gzaishi.en.alibaba.com/,,검토필요,,,,,,마스크용 부직포 베이스 원단 OEM/ODM 공급사로 자체 소비자 브랜드 없음. [인터참 부스A-K41],,,,,,,,,,,,인터참(검토필요),
270,,메타폴라아로마(주),inform@orlic.co.kr,https://orlic.co.kr,,검토필요,,,,,,"클린뷰티·차별화 제형 R&D·OEM/ODM 제조 기업으로 글로벌 바이어 대상, 자체 소비자 브랜드 언급 없음. [인터참 부스A-L01]",,,,,,,,,,,,인터참(검토필요),
271,,홈앤쇼핑,,,,검토필요,,,,,,desc·website 모두 비어있고 명칭상 홈쇼핑 유통 채널 사업자로 추정되어 자체 소비자 뷰티 브랜드 보유 근거가 없음. [인터참 부스A-L01],,,,,,,,,,,,인터참(검토필요),
272,,(주)톨리코리아,sales@toly.kr,,,검토필요,,,,,,"category·website·desc 모두 비어 사업 정보가 전무, 자사 소비자 브랜드 근거 없어 보수적 제외(재검토 권장). [인터참 부스A-M01]",,,,,,,,,,,,인터참(검토필요),
273,,LECOS,sales@lecospack.com,,,검토필요,,,,,,desc·category·website 모두 비어있고 사명도 사업 단서 없어 판단 근거 없으므로 보수적 제외. [인터참 부스A-M33],,,,,,,,,,,,인터참(검토필요),
274,,"BELLE CRAFT MANUFACTURING CO.,LTD.",marketing@belleglas.com,,,검토필요,,,,,,"사명에 Manufacturing 포함·나머지 정보 전무로 수탁 제조사 추정, 자사 소비자 브랜드 근거 없어 보수적 제외. [인터참 부스A-M38]",,,,,,,,,,,,인터참(검토필요),
275,,"DONGGUAN KINWONG TECHNOLOGY CO.,LTD",miko@jingwangtop.com,https://kinwongtechnology.en.alibaba.com,,검토필요,,,,,,"뷰티 마사지·화장 도구(스패출러, 괄사, 롤러) 제조사로 OEM 공급. 자사 소비자 브랜드 없음. [인터참 부스A-N18]",,,,,,,,,,,,인터참(검토필요),
276,,"ZHEJIANG CHENYANG NONWOVEN CO., LTD",,,,검토필요,,,,,,"desc 없으나 사명에 Nonwoven(부직포) 명시, 마스크 원단 등 소재 공급사로 추정되어 소비자 브랜드 없음. [인터참 부스A-N24]",,,,,,,,,,,,인터참(검토필요),
277,,"A&H INTERNATIONAL COSMETICS CO., LTD",info-sales@a-hcosmetics.com,https://mp.weixin.qq.com/mp/profile_ext?action=home&__biz=MzkzMzM5NzM5Mw==,,검토필요,,,,,,"색조·스킨케어 완제품 및 원료 공장 운영 OEM/ODM 제조사, 자체 소비자 브랜드 없음. [인터참 부스A-N26]",,,,,,,,,,,,인터참(검토필요),
278,,"GUANGZHOU SIYU NON-WOVEN PRODUCTS CO., LTD.",1102020670@qq.com,https://mp.weixin.qq.com/s/-m0lLrx2r1luNZ5JQuEmYw,,검토필요,,,,,,"기능성 부직포 소재 제조 하이테크 기업, 마스크시트 원단 소재공급으로 소비자 브랜드 없음. [인터참 부스A-N28]",,,,,,,,,,,,인터참(검토필요),
279,,유니엔코리아,info@unienkorea.com,http://unienkorea.com,,검토필요,,,,,,desc가 '건강·미용 제품을 유통·판매하는 토탈 헬스케어사'로 자체 검수만 언급할 뿐 자사 브랜드·완제품이 전무한 유통상. (검증변경) [인터참 부스A-O11],,,,,,,,,,,,인터참(검토필요),
280,,디자인바른,db@designbarun.com,https://www.wechat.com/airapha,,검토필요,,,,,,화장품 로고·패키지 브랜딩 디자인 스튜디오로 자체 소비자 완제품 없음. [인터참 부스A-O15],,,,,,,,,,,,인터참(검토필요),
281,,와이에스메디,beauty@ysmedi.kr,https://xe-lha.com/en,,검토필요,,,,,,피부과·의료기관 대상 메디컬 에스테틱 솔루션(XE-LHA) 공급으로 일반 소비자 브랜드 아님. [인터참 부스A-O22],,,,,,,,,,,,인터참(검토필요),
282,,(주)나노바이오시스템,mkt@nanobiosystem.co.kr,https://www.nanobiosystem.co.kr/,,검토필요,,,,,,"재생의료 원천기술 기반 의료기기·바이오 기업으로 코스메틱은 기술 적용 개발 단계, 병원·파트너 대상이고 자사 소비자 브랜드 언급 없음. [인터참 부스A-O33]",,,,,,,,,,,,인터참(검토필요),
283,,파란네일,,,,검토필요,,,,,,"desc/category/website 모두 공란이며 명칭상 네일 상품·유통 추정, 자사 소비자 브랜드 근거 없음. [인터참 부스A-P04]",,,,,,,,,,,,인터참(검토필요),
284,,이연물산,kkim09@nate.com,,,검토필요,,,,,,category·website·desc가 모두 비어 있어 뷰티 소비자 브랜드 보유 근거가 전무하여 보수적으로 제외. [인터참 부스A-P05],,,,,,,,,,,,인터참(검토필요),
285,,(주) 코스모더마,comikorea@gmail.com,https://www.cosmoderma.kr/,,검토필요,,,,,,"카테고리에 실리프팅·필러 포함, desc가 R&D 기반 고품질 원자재 사용 추상적 표현뿐이고 자사 소비자 브랜드 언급 없어 시술기기·B2B 성격 [인터참 부스A-P08]",,,,,,,,,,,,인터참(검토필요),
286,,케이투메디텍,info@k2meditech.com,,,검토필요,,,,,,"desc/category/website 모두 공란이며 명칭상 메디텍(의료기기) 추정, 자사 소비자 브랜드 근거 전무. [인터참 부스A-P10]",,,,,,,,,,,,인터참(검토필요),
287,,주식회사 미팜,support@maypharm.co.kr,https://maypharm.net,,검토필요,,,,,,보툴리눔 톡신·필러·엑소좀 메디컬 에스테틱 전문사로 나드레쥬 등 브랜드도 시술용 제품이라 소비자완제품 아님. [인터참 부스A-P16],,,,,,,,,,,,인터참(검토필요),
288,,"SKINNPLUS CO.,LTD",skinnplus@naver.com,https://brand.naver.com/saintfran,,검토필요,,,,,,TV홈쇼핑 인큐베이팅·ODM 파트너가 본업이고 자체 브랜드는 부수적 언급이라 소비자 브랜드성 약함. [인터참 부스A-P19],,,,,,,,,,,,인터참(검토필요),
289,,주식회사 위즈켐,mjlee@wizchem.com,http://www.wizchem.com,,검토필요,,,,,,스킨부스터·필러 R&D/제조 OEM/ODM으로 클리닉·유통·브랜드 파트너 대상 B2B. [인터참 부스A-R01],,,,,,,,,,,,인터참(검토필요),
290,,라즐라 뷰티(P.M.U),bpflkhss@gmail.com,https://www.wechat.com/wxid_6d25szebr2ox22,,검토필요,,,,,,필링세럼+피그먼트코팅크림+페더니들 등 반영구(PMU) 시술 전용 제품으로 시술자·전문가 대상 B2B이며 소비자 자체 브랜드 근거 없음. [인터참 부스A-R04],,,,,,,,,,,,인터참(검토필요),
291,,"BAIHUA CO.,LTD",joan@baihuawipes.com,https://gzbhryp.1688.com,,검토필요,,,,,,"물티슈 전문 제조사로 OEM/ODM 위주, 자체 소비자 브랜드 없음. [인터참 부스A-R13]",,,,,,,,,,,,인터참(검토필요),
292,,아롬컴퍼니,florencekim04@gmail.com,https://www.wechat.com/Flofounder,,검토필요,,,,,,desc·category 모두 비어있고 위챗 링크만 있어 사업 실체와 소비자 브랜드 확인 불가(보수적 제외). [인터참 부스A-R15],,,,,,,,,,,,인터참(검토필요),
293,,GMC Med,info@gmcmed.co.kr,http://www.gmcmed.co.kr,,검토필요,,,,,,"에스테틱 제품·피부과 의료기기 개발/제조 중심, 자체 소비자 브랜드 불명확한 B2B 수출형. [인터참 부스A-R16]",,,,,,,,,,,,인터참(검토필요),
294,,(주)케이피티,mhs@starpheres.com,http://www.starpheres.com/,,검토필요,,,,,,"입자기술·비드에멀젼 소재 전문기업으로 아모레·로레알 등에 원료/제형 공급하는 B2B 소재기업, 소비자 브랜드 없음. [인터참 부스A-R18]",,,,,,,,,,,,인터참(검토필요),
295,,(주)라파스,sales@raphas.com,https://www.raphas.com/en/,,검토필요,,,,,,"desc가 마이크로니들 DEN기술·제조공정·인증만 설명, 소비자 브랜드명·D2C·리테일 언급 전무한 B2B 기술/OEM사. (검증변경) [인터참 부스A-R19]",,,,,,,,,,,,인터참(검토필요),
296,,(주)뉴트리케어,global2m@nutricare.co.kr,https://nutricare.co.kr/,,검토필요,,,,,,건기식·뷰티 OEM/ODM/OBM/JDM 전문 제조사로 자체 소비자 브랜드 없음. [인터참 부스A-R22],,,,,,,,,,,,인터참(검토필요),
297,,차모스코스메틱,1992@chamos.co.kr,https://en.chamos.co.kr,,검토필요,,,,,,"30년 기능성 화장품 OEM/ODM 수탁·수출 중심, 자사 소비자 브랜드 언급 없음. [인터참 부스A-R26]",,,,,,,,,,,,인터참(검토필요),
298,,(주)디와이코스메틱,dy-cos@daum.net,https://dy-cos.com,,검토필요,,,,,,마스크팩·기능성 화장품 전문 OEM/ODM 제조 기업. 자사 소비자 브랜드 언급 없음. [인터참 부스A-R32],,,,,,,,,,,,인터참(검토필요),
299,,유한코스메틱,dh.son@yuhancosmetics.co.kr,https://yuhancosmetics.co.kr/,,검토필요,,,,,,"유한양행 계열 화장품 OEM/ODM 제조사로 고객사 브랜드 생산, 자체 소비자 브랜드 없음. [인터참 부스C-I01]",,,,,,,,,,,,인터참(검토필요),
300,,후택,biz@whotag.ai,https://whotag.ai,,검토필요,,,,,,"인플루언서 발굴·캠페인 대행 AI 인텔리전스 플랫폼(바이브컴퍼니)으로, 자사 소비자 뷰티 브랜드가 아닌 마케팅 서비스 공급자(경쟁/파트너군). [인터참 부스C-I14]",,,,,,,,,,,,인터참(검토필요),
301,,주식회사 리더스코스메틱,odem@leaderscosmetics.com,https://leaderscosmetics.com,,검토필요,,,,,,"desc가 고객 브랜드 위한 맞춤형 ODM/OEM 솔루션만 명시, 자체 소비자 브랜드 언급 없음. [인터참 부스C-I17]",,,,,,,,,,,,인터참(검토필요),
302,,(주)에이로마플라붐,info@aromaflavum.com,https://en.aromaflavum.com/,,검토필요,,,,,,"향료 원료 개발·공급 B2B 조향 기업으로 화장품·퍼퓸사에 향료 솔루션 제공, 소비자 완제품 브랜드 아님. [인터참 부스C-J32]",,,,,,,,,,,,인터참(검토필요),
303,,"NATUZEN CO., LTD.,",natuzensales@natuzen.net,https://www.natuzen.net/?language=kor,,검토필요,,,,,,기초·기능성·바디헤어·의약외품 등 전문 OEM/ODM 제조사로 자체 소비자 브랜드 언급 없음. [인터참 부스C-J41],,,,,,,,,,,,인터참(검토필요),
304,,BODYYA HEALTH,bodyya@naver.com,,,검토필요,,,,,,"2010년 설립 화장품 제조업체로 소량 OEM 생산 제안(마스크팩·샴푸 등), 자체 소비자 브랜드 없음. [인터참 부스C-J42]",,,,,,,,,,,,인터참(검토필요),
305,,리봄화장품,overseas@rebom.kr,http://www.rebom.kr/,,검토필요,,,,,,"화장품 R&D 및 ODM 수출 전문기업으로 고객 맞춤형 제조 제공, 자체 소비자 브랜드 언급 없음. [인터참 부스C-J52]",,,,,,,,,,,,인터참(검토필요),
306,,오프뷰티,offbeauty@qandbintl.com,https://offbeauty-percent.com/,,검토필요,,,,,,여러 브랜드 제품을 모아 파는 뷰티 아울렛 플랫폼/유통상으로 자사 소비자 완제품 브랜드 없음. [인터참 부스C-K01],,,,,,,,,,,,인터참(검토필요),
307,,"HEBEI BEYRON BIOTECH CO., LTD.",jason@beyron.cn,http://www.beyron.cn/,,검토필요,,,,,,"세라마이드·나이아신아마이드 등 화장품 원료 전문 기업, 순수 원료공급으로 소비자 브랜드 없음. [인터참 부스C-K16]",,,,,,,,,,,,인터참(검토필요),
308,,그린코스 주식회사,help@green-cos.com,,,검토필요,,,,,,"desc·website 전무, 명칭상 코스(코스메틱 OEM 추정)이나 자체 소비자 브랜드 근거 없어 보수적 제외. [인터참 부스C-K33]",,,,,,,,,,,,인터참(검토필요),
309,,(주)죠이라이프,export@jlife1.com,http://joylifekorea.com/,,검토필요,,,,,,"화장품·건강식품 OEM/ODM 전문기업으로 고객사 브랜드 제조 지원만, 자체 소비자 브랜드 없음. [인터참 부스C-K41]",,,,,,,,,,,,인터참(검토필요),
310,,주식회사 피에프네이처,marketing@pfnature.com,https://www.pfnature.com/,,검토필요,,,,,,R&D·제조·QC 원스톱 ODM/OEM 전문 수탁제조 기업으로 자사 소비자 브랜드 없음. [인터참 부스C-K51],,,,,,,,,,,,인터참(검토필요),
311,,주식회사 엔스,enthsales@enth.co.kr,https://enth.co.kr/,,검토필요,,,,,,"네일·컬러코스메틱 OEM/ODM 수탁제조사로 글로벌 브랜드 대상 공급, 자체 소비자 브랜드 없음. [인터참 부스C-K56]",,,,,,,,,,,,인터참(검토필요),
312,,"LINK METOO BIO-TECHNOLOGY DALIAN CO.,LTD",1013636360@qq.com,http://www.linkmetoo.com.cn,,검토필요,,,,,,"category는 Skin Care이나 desc는 바이오복합소재 R&D·생산·자원 재활용만 언급, 소비자 제품·브랜드 없는 소재 공급사로 판단되 [인터참 부스C-L16]",,,,,,,,,,,,인터참(검토필요),
313,,(주)일진코스메틱,,,,검토필요,,,,,,"desc가 향료·제형·원료 연구개발 및 고객사 대상 제품 개발만 언급, 자체 소비자 브랜드·D2C 근거 전무. [인터참 부스C-L21]",,,,,,,,,,,,인터참(검토필요),
314,,유씨엘 주식회사,UCL.Global@e-ucl.co.kr,http://www.e-ucl.co.kr/eng,,검토필요,,,,,,"1980년 원료 생산으로 시작한 화장품·의약외품 ODM/OEM 전문사로 desc가 클라이언트 제품 개발 강조, 자체 소비자 브랜드 없음. [인터참 부스C-L23]",,,,,,,,,,,,인터참(검토필요),
315,,(주)화인글로벌랩,midilcos@gmail.com,https://whaingloballab.com/,,검토필요,,,,,,"1979년부터 화장품 연구개발·생산 전문 OEM/ODM으로 고객사 공급, 자체 소비자 브랜드 없음. [인터참 부스C-L26]",,,,,,,,,,,,인터참(검토필요),
316,,(주)리베코스,tim@saenggreen.com,http://www.liebecos.com/,,검토필요,,,,,,스킨케어·퍼스널케어 OEM/ODM 수탁제조사(38년)로 자체 소비자 브랜드 없음. [인터참 부스C-L31],,,,,,,,,,,,인터참(검토필요),
317,,(주)우신화장품,marketing@woosincos.co.kr,https://www.woosincos.co.kr/,,검토필요,,,,,,"기초·바디·헤어 화장품 전문 OEM/ODM 제조사, 자체 소비자 브랜드 언급 없음. [인터참 부스C-L38]",,,,,,,,,,,,인터참(검토필요),
318,,주식회사 에스겔코스메틱,ezekielcos@hanmail.net,https://ezekielcos.com/,,검토필요,,,,,,"CGMP 인증 화장품 OEM/ODM 전문 제조사로 고객사 브랜드 생산 원스톱 서비스, 자체 소비자 브랜드 없음. [인터참 부스C-L41]",,,,,,,,,,,,인터참(검토필요),
319,,주식회사 베스트솔루션,sales@bestsolution1.co.kr,https://www.bestsolution1.co.kr/,,검토필요,,,,,,Private-label·OEM·ODM 토탈 뷰티 솔루션 제공사로 자체 소비자 브랜드 언급 없음. [인터참 부스C-L46],,,,,,,,,,,,인터참(검토필요),
320,,"주식회사 씨아이티 (CIT Co., Ltd)",andrew@citcosmetic.co.kr,https://citcosmetic.com/kr/,,검토필요,,,,,,"화장품 ODM 토탈서비스 전문 기업, 고객맞춤형 처방·제조 수탁으로 자체 소비자 브랜드 없음. [인터참 부스C-M11]",,,,,,,,,,,,인터참(검토필요),
321,,(주)아우딘퓨쳐스(K-Beauty ODM/OEM),kmpark@outinco.com,https://youtu.be/r58RnimqKbM?si=42bhi3wzbVdjsPVW,,검토필요,,,,,,"K-뷰티 선도 글로벌 화장품 ODM 전문기업, 파트너사에 토탈 솔루션 제공으로 자체 소비자 브랜드 없음. [인터참 부스C-M16]",,,,,,,,,,,,인터참(검토필요),
322,,ASIABNC (주식회사 아시아비엔씨),export@asiabnc.co.kr,https://www.asiabnc.co.kr,,검토필요,,,,,,rom&nd 등 타사 브랜드를 위한 유통·이커머스·마케팅·OEM/ODM 대행이 본업으로 자체 소비자 브랜드 아님. [인터참 부스C-M26],,,,,,,,,,,,인터참(검토필요),
323,,(주)세리화장품,must@sericos.co.kr,http://sericos.co.kr/en,,검토필요,,,,,,"1998년 설립 화장품 제조사(manufacturer)로 R&D·생산 수탁, 자체 소비자 브랜드 언급 없음. [인터참 부스C-M33]",,,,,,,,,,,,인터참(검토필요),
324,,(주)아로마뱅크,aromabank@aroma-bank.co.kr,http://www.aroma-bank.co.kr/,,검토필요,,,,,,향료·에센셜오일 개발 공급 및 향수·디퓨저 OEM/ODM B2B 서비스로 자체 소비자 브랜드 없음. [인터참 부스C-M36],,,,,,,,,,,,인터참(검토필요),
325,,서울화장품,sarah.k@seoulcos.co.kr,http://www.seoulcos.co.kr/,,검토필요,,,,,,"44년 경력 OEM/ODM 원스톱 제조사로 타 브랜드용 처방 개발, 자체 소비자 브랜드 언급 없음. [인터참 부스C-M41]",,,,,,,,,,,,인터참(검토필요),
326,,주식회사 다산씨엔텍,sales@dasancntech.com,https://www.dasancntech.com/,,검토필요,,,,,,"CGMP 화장품 제조사로 원료·제형 개발 및 OEM/ODM·인증대행 제공, 자체 소비자 브랜드 없음. [인터참 부스C-M42]",,,,,,,,,,,,인터참(검토필요),
327,,(주)지앤아이코스메틱,gnicos@gnicos.co.kr,http://www.gnicos.co.kr/,,검토필요,,,,,,"desc상 색조화장품 ODM 전문업체로 자사 소비자 브랜드 언급 없음, 수탁제조. [인터참 부스C-M51]",,,,,,,,,,,,인터참(검토필요),
328,,AMORY LONDON LTD,info@amorylondon.com,,,검토필요,,,,,,"category·website·desc 모두 비어 정보 전무, 자사 소비자 브랜드 근거 없어 보수적 제외(재검토 권장). [인터참 부스C-N06]",,,,,,,,,,,,인터참(검토필요),
329,,"HUAXIN BIOTECHNOLOGY CO., LIMITED",olwen_z@foxmail.com,https://huaxinguoji.en.alibaba.com/company_profile.html,,검토필요,,,,,,"Alibaba company_profile 기반에 브랜드명 없이 '저가·중가·고가 전 가격대 풀라인업'을 내세운 수탁 제조사 카탈로그 어법, 자 [인터참 부스C-N11]",,,,,,,,,,,,인터참(검토필요),
330,,Nuon LLC,info@nuonmedical.com,https://www.nuonmedical.com,,검토필요,,,,,,"18년 의료기술 기반으로 코스메틱 효능을 높이는 액티브 애플리케이터(기기 부품)를 개발하는 B2B 의료기술 기업, 자사 소비자 브랜드 없음. [인터참 부스C-N16]",,,,,,,,,,,,인터참(검토필요),
331,,주식회사 이든팜,eden@edencos.co.kr,http://edencos.co.kr/,,검토필요,,,,,,"스킨/헤어/바디 OEM/ODM 제조기업으로 고객사 맞춤 제형 개발, 자체 소비자 브랜드 없음. [인터참 부스C-N31]",,,,,,,,,,,,인터참(검토필요),
332,,BonitoLab,bonitolab@bonitolab.com,https://www.bonitolab.com,,검토필요,,,,,,"화장품 기획부터 처방·양산까지 지원하는 개발 전문 OEM/ODM 기업, 자체 소비자 브랜드 언급 없음. [인터참 부스C-N32]",,,,,,,,,,,,인터참(검토필요),
333,,해피엘앤비,happy@happylnb.com,https://www.happylnb.com/eng/cosmetic/index.php,,검토필요,,,,,,"화장품 OEM 기업으로 비건·할랄 인증 수탁 제조·수출 중심, 자체 소비자 브랜드 없음. [인터참 부스C-N41]",,,,,,,,,,,,인터참(검토필요),
334,,(주) 정동산업,duzon@jungdong.biz,https://www.jungdongcos.com/,,검토필요,,,,,,"마스크팩·여드름패치 전문 글로벌 OEM/ODM 제조사로 파트너사 공급, 소비자 브랜드 없음. [인터참 부스C-N47]",,,,,,,,,,,,인터참(검토필요),
335,,(주) 에이바이오머티리얼즈,master@a-bio.co.kr,https://celexo.co.kr/home/index.php?ps_language_type=english,,검토필요,,,,,,엑소좀 스킨부스터와 전문가용 프리/포스트케어 화장품을 클리닉에 공급하는 바이오텍으로 소비자 자체 브랜드 없음. [인터참 부스C-O31],,,,,,,,,,,,인터참(검토필요),
336,,씨앤텍(주),sbeom1@cntechcorp.co.kr,https://www.cntechcorp.co.kr/,,검토필요,,,,,,스킨케어·마스크·패치 등 외주 없는 자체생산 OEM/ODM 수탁제조사로 자체 소비자 브랜드 언급 없음. [인터참 부스C-P01],,,,,,,,,,,,인터참(검토필요),
337,,㈜세레코,celleco@celleco.co.kr,https://www.celleco.co.kr/en,,검토필요,,,,,,"피부과학 기반 화장품 OEM/ODM 전문 기업, 원스톱 수탁제조로 자체 소비자 브랜드 없음. [인터참 부스C-P03]",,,,,,,,,,,,인터참(검토필요),
338,,(주)미진화장품,mijin_kor@mjcare.co.kr,https://www.mjcare.co.kr/,,검토필요,,,,,,"마스크팩 OEM/ODM 전문업체로 desc에 자체 소비자 브랜드 언급 없음, 수탁제조 중심. [인터참 부스C-P16]",,,,,,,,,,,,인터참(검토필요),
339,,주식회사 제이에스사이언스,,,,검토필요,,,,,,GSC·안티에이징랩의 피부 임상시험·인증 컨설팅 B2B 서비스 제공 기업으로 자체 소비자 브랜드 없음. [인터참 부스C-P22],,,,,,,,,,,,인터참(검토필요),
340,,퓨어앤텍(주),sales@purentechkorea.com,https://purentechkorea.com/,,검토필요,,,,,,GMP 기반 OEM/ODM 전문 글로벌 화장품 제조사로 자체 소비자 브랜드 없이 수탁 생산·수출 중심. [인터참 부스C-P31],,,,,,,,,,,,인터참(검토필요),
341,,에이치앤엘바이오,connect@drschiller.kr,https://www.drschiller.kr/,,검토필요,,,,,,"동결건조 마스크팩 ODM/OEM 원스톱 수탁제조·대량 생산능력 중심, 소비자 브랜드 아님. [인터참 부스C-P37]",,,,,,,,,,,,인터참(검토필요),
342,,지와이바이오,INFO@GYBIO.CO.KR,https://WWW.GYBIO.CO.KR,,검토필요,,,,,,NAD+/PDRN 항노화 제조·유통(실리프팅/필러 포함) 전문 제조사로 자사 소비자 브랜드 없음. [인터참 부스C-P51],,,,,,,,,,,,인터참(검토필요),
343,,(주) 씨케이앤비,sales@cknb.co.kr,,,검토필요,,,,,,디지털 콘텐츠·정품인증 플랫폼 ICT 서비스 기업으로 뷰티 소비자 브랜드 아님. [인터참 부스C-P52],,,,,,,,,,,,인터참(검토필요),
344,,주식회사 더마솔루션,hello@derma-solution.co.kr,https://www.derma-solution.co.kr/,,검토필요,,,,,,"리프팅실·필러·뷰티디바이스 39개국 수출 B2B, 시술기기 중심으로 소비자 브랜드 아님. [인터참 부스C-Q02]",,,,,,,,,,,,인터참(검토필요),
345,,exomera,miocid@widemore.co.kr,,,검토필요,,,,,,desc·website·category 모두 비어 사업 실체를 판단할 근거가 전무하여 보수적 제외. [인터참 부스C-Q08],,,,,,,,,,,,인터참(검토필요),
346,,비티랩,btylab8082@naver.com,http://www.btylab.net/theme/bty/en/,,검토필요,,,,,,"비타민 뷰티 샤워필터를 20여국에 OEM 수출하고 약국·살롱 등에 공급, 자체 소비자 브랜드 아닌 B2B 공급. [인터참 부스C-Q09]",,,,,,,,,,,,인터참(검토필요),
347,,(주) 엘림텍,sales@elimtek.co.kr,http://www.elimtek.co.kr,,검토필요,,,,,,피부관리 의료/에스테틱 기기 개발·제조사로 자체 소비자 브랜드 명시 없음. [인터참 부스C-Q12],,,,,,,,,,,,인터참(검토필요),
348,,로가,,,,검토필요,,,,,,식물성 기능성 원료(VC-H1)·이너뷰티 원료 개발 B2B 바이오 원료기업으로 자체 소비자 브랜드 없음. [인터참 부스C-Q15],,,,,,,,,,,,인터참(검토필요),
349,,㈜나산기업,nasan@nscolor.com,https://nallshopping.cafe24.com/,,검토필요,,,,,,헤어컬러차트·살롱액세서리 OEM/ODM 수탁제조사로 자체 소비자 브랜드 없음. [인터참 부스C-Q19],,,,,,,,,,,,인터참(검토필요),
350,,주식회사 모티프커뮤니케이션,,,,검토필요,,,,,,desc·category·website 전부 비어있고 사명상 커뮤니케이션 업체로 추정되어 뷰티 소비자 브랜드 근거 없음. [인터참 부스C-R01],,,,,,,,,,,,인터참(검토필요),
351,,"Trendyproducts Co.,Ltd.",info@trendyproducts.co.kr,https://www.trendyproducts.co.kr/,,검토필요,,,,,,미용소도구·화장품 OEM/ODM 수출 전문 기업으로 '자체 브랜드 수출 가능'은 역량 언급 수준일 뿐 소비자 대상 자사 브랜드 운영 근거 없음. [인터참 부스C-R08],,,,,,,,,,,,인터참(검토필요),
352,,(주)아이테크,nurieye@daum.net,https://nurieye.com/,,검토필요,,,,,,"안과 임상검증 안구건조증 치료 의료기기(누리아이) 제조가 본업, 얼굴마사지기 누리아이2U는 파생품으로 소비자 뷰티 브랜드성 약함. [인터참 부스C-R20]",,,,,,,,,,,,인터참(검토필요),
353,,아이스링커 주식회사,icelinker@icelinker.com,http://www.icelinker.com/,,검토필요,,,,,,삼성 C-LAB 분사 디지털 냉각기술 기반 의료·웰니스 기기 회사로 뷰티 소비자 브랜드가 아님. [인터참 부스L-A17],,,,,,,,,,,,인터참(검토필요),
354,,네이처파마,rejucell@naver.com,https://www.naturepharma.co.kr,,검토필요,,,,,,"피부과·성형외과·메디컬에스테틱 대상 전문의약품·의료기기·병원전용 화장품 공급사로 REJUCELL도 병원유통·시술전용, 소비자 D2C 아님(검증변 [인터참 부스L-B12]",,,,,,,,,,,,인터참(검토필요),
355,,㈜제이디바이오,info@jdbio.com,http://www.jdbio.com,,검토필요,,,,,,HA필러·스킨부스터·톡신 등 메디컬 에스테틱 시술제품 수출사로 소비자 브랜드 아님. [인터참 부스L-D02],,,,,,,,,,,,인터참(검토필요),
356,,(주)에이스피부임상연구소,aceskin@acescri.com,http://www.acescri.com/front/views/main/,,검토필요,,,,,,"피부 인체적용시험·해외인증(MoCRA·CPNP) 대행 전문기관으로 B2B 서비스, 소비자 브랜드 없음. [인터참 부스L-E01]",,,,,,,,,,,,인터참(검토필요),
357,,주식회사 나노실리칸첨단소재,info@nanobrick.co.kr,https://kr.linkedin.com/company/nanosilikhan,,검토필요,,,,,,"자석인증 등 차별화 솔루션을 타사 제품·브랜드에 적용하는 소재·기술 B2B, 소비자 브랜드 없음. [인터참 부스L-G01]",,,,,,,,,,,,인터참(검토필요),
